净值日期,单位净值,日增长率,基金代码,基金名称
2013-06-25,1.0,0.0,000191,富国信用债A
2013-06-28,1.0,0.0,000191,富国信用债A
2013-06-30,1.001,0.1,000191,富国信用债A
2013-07-05,1.001,0.0,000191,富国信用债A
2013-07-12,1.002,0.0999,000191,富国信用债A
2013-07-19,1.002,0.0,000191,富国信用债A
2013-07-26,1.004,0.1996,000191,富国信用债A
2013-08-02,1.005,0.0996,000191,富国信用债A
2013-08-09,1.005,0.0,000191,富国信用债A
2013-08-16,1.007,0.199,000191,富国信用债A
2013-08-23,1.006,-0.0993,000191,富国信用债A
2013-08-29,1.007,0.0994,000191,富国信用债A
2013-08-30,1.005,-0.1986,000191,富国信用债A
2013-09-02,1.007,0.199,000191,富国信用债A
2013-09-03,1.007,0.0,000191,富国信用债A
2013-09-04,1.008,0.0993,000191,富国信用债A
2013-09-05,1.008,0.0,000191,富国信用债A
2013-09-06,1.008,0.0,000191,富国信用债A
2013-09-09,1.008,0.0,000191,富国信用债A
2013-09-10,1.008,0.0,000191,富国信用债A
2013-09-11,1.009,0.0992,000191,富国信用债A
2013-09-12,1.009,0.0,000191,富国信用债A
2013-09-13,1.009,0.0,000191,富国信用债A
2013-09-16,1.009,0.0,000191,富国信用债A
2013-09-17,1.01,0.0991,000191,富国信用债A
2013-09-18,1.01,0.0,000191,富国信用债A
2013-09-23,1.011,0.099,000191,富国信用债A
2013-09-24,1.01,-0.0989,000191,富国信用债A
2013-09-25,1.011,0.099,000191,富国信用债A
2013-09-26,1.011,0.0,000191,富国信用债A
2013-09-27,1.011,0.0,000191,富国信用债A
2013-09-30,1.011,0.0,000191,富国信用债A
2013-10-08,1.012,0.0989,000191,富国信用债A
2013-10-09,1.012,0.0,000191,富国信用债A
2013-10-10,1.012,0.0,000191,富国信用债A
2013-10-11,1.013,0.0988,000191,富国信用债A
2013-10-14,1.013,0.0,000191,富国信用债A
2013-10-15,1.013,0.0,000191,富国信用债A
2013-10-16,1.014,0.0987,000191,富国信用债A
2013-10-17,1.008,0.0,000191,富国信用债A
2013-10-18,1.008,0.0,000191,富国信用债A
2013-10-21,1.008,0.0,000191,富国信用债A
2013-10-22,1.009,0.0992,000191,富国信用债A
2013-10-23,1.009,0.0,000191,富国信用债A
2013-10-24,1.008,-0.0991,000191,富国信用债A
2013-10-25,1.008,0.0,000191,富国信用债A
2013-10-28,1.008,0.0,000191,富国信用债A
2013-10-29,1.008,0.0,000191,富国信用债A
2013-10-30,1.008,0.0,000191,富国信用债A
2013-10-31,1.008,0.0,000191,富国信用债A
2013-11-01,1.007,-0.0992,000191,富国信用债A
2013-11-04,1.009,0.1986,000191,富国信用债A
2013-11-05,1.007,-0.1982,000191,富国信用债A
2013-11-06,1.007,0.0,000191,富国信用债A
2013-11-07,1.007,0.0,000191,富国信用债A
2013-11-08,1.007,0.0,000191,富国信用债A
2013-11-11,1.007,0.0,000191,富国信用债A
2013-11-12,1.005,-0.1986,000191,富国信用债A
2013-11-13,1.005,0.0,000191,富国信用债A
2013-11-14,0.999,-0.0995,000191,富国信用债A
2013-11-15,0.998,-0.1001,000191,富国信用债A
2013-11-18,0.992,-0.6012,000191,富国信用债A
2013-11-19,0.989,-0.3024,000191,富国信用债A
2013-11-20,0.988,-0.1011,000191,富国信用债A
2013-11-21,0.987,-0.1012,000191,富国信用债A
2013-11-22,0.985,-0.2026,000191,富国信用债A
2013-11-25,0.985,0.0,000191,富国信用债A
2013-11-26,0.984,-0.1015,000191,富国信用债A
2013-11-27,0.985,0.1016,000191,富国信用债A
2013-11-28,0.984,-0.1015,000191,富国信用债A
2013-11-29,0.985,0.1016,000191,富国信用债A
2013-12-02,0.985,0.0,000191,富国信用债A
2013-12-03,0.983,-0.203,000191,富国信用债A
2013-12-04,0.983,0.0,000191,富国信用债A
2013-12-05,0.984,0.1017,000191,富国信用债A
2013-12-06,0.982,-0.2033,000191,富国信用债A
2013-12-09,0.982,0.0,000191,富国信用债A
2013-12-10,0.982,0.0,000191,富国信用债A
2013-12-11,0.981,-0.1018,000191,富国信用债A
2013-12-12,0.981,0.0,000191,富国信用债A
2013-12-13,0.981,0.0,000191,富国信用债A
2013-12-16,0.981,0.0,000191,富国信用债A
2013-12-17,0.981,0.0,000191,富国信用债A
2013-12-18,0.982,0.1019,000191,富国信用债A
2013-12-19,0.98,-0.2037,000191,富国信用债A
2013-12-20,0.98,0.0,000191,富国信用债A
2013-12-23,0.98,0.0,000191,富国信用债A
2013-12-24,0.979,-0.102,000191,富国信用债A
2013-12-25,0.982,0.3064,000191,富国信用债A
2013-12-26,0.979,-0.3055,000191,富国信用债A
2013-12-27,0.979,0.0,000191,富国信用债A
2013-12-30,0.987,0.8172,000191,富国信用债A
2013-12-31,0.985,-0.2026,000191,富国信用债A
2014-01-02,0.975,-1.0152,000191,富国信用债A
2014-01-03,0.975,0.0,000191,富国信用债A
2014-01-06,0.974,-0.1026,000191,富国信用债A
2014-01-07,0.974,0.0,000191,富国信用债A
2014-01-08,0.973,-0.1027,000191,富国信用债A
2014-01-09,0.974,0.1028,000191,富国信用债A
2014-01-10,0.973,-0.1027,000191,富国信用债A
2014-01-13,0.974,0.1028,000191,富国信用债A
2014-01-14,0.974,0.0,000191,富国信用债A
2014-01-15,0.973,-0.1027,000191,富国信用债A
2014-01-16,0.973,0.0,000191,富国信用债A
2014-01-17,0.973,0.0,000191,富国信用债A
2014-01-20,0.973,0.0,000191,富国信用债A
2014-01-21,0.973,0.0,000191,富国信用债A
2014-01-22,0.973,0.0,000191,富国信用债A
2014-01-23,0.971,-0.2055,000191,富国信用债A
2014-01-24,0.972,0.103,000191,富国信用债A
2014-01-27,0.971,-0.1029,000191,富国信用债A
2014-01-28,0.972,0.103,000191,富国信用债A
2014-01-29,0.972,0.0,000191,富国信用债A
2014-01-30,0.973,0.1029,000191,富国信用债A
2014-02-07,0.974,0.1028,000191,富国信用债A
2014-02-10,0.976,0.2053,000191,富国信用债A
2014-02-11,0.976,0.0,000191,富国信用债A
2014-02-12,0.975,-0.1025,000191,富国信用债A
2014-02-13,0.977,0.2051,000191,富国信用债A
2014-02-14,0.979,0.2047,000191,富国信用债A
2014-02-17,0.982,0.3064,000191,富国信用债A
2014-02-18,0.985,0.3055,000191,富国信用债A
2014-02-19,0.985,0.0,000191,富国信用债A
2014-02-20,0.986,0.1015,000191,富国信用债A
2014-02-21,0.987,0.1014,000191,富国信用债A
2014-02-24,0.988,0.1013,000191,富国信用债A
2014-02-25,0.993,0.5061,000191,富国信用债A
2014-02-26,0.994,0.1007,000191,富国信用债A
2014-02-27,0.997,0.3018,000191,富国信用债A
2014-02-28,0.998,0.1003,000191,富国信用债A
2014-03-03,1.0,0.2004,000191,富国信用债A
2014-03-04,0.999,-0.1,000191,富国信用债A
2014-03-05,0.998,-0.1001,000191,富国信用债A
2014-03-06,0.999,0.1002,000191,富国信用债A
2014-03-07,0.999,0.0,000191,富国信用债A
2014-03-10,1.0,0.1001,000191,富国信用债A
2014-03-11,0.999,-0.1,000191,富国信用债A
2014-03-12,0.999,0.0,000191,富国信用债A
2014-03-13,1.001,0.2002,000191,富国信用债A
2014-03-14,1.001,0.0,000191,富国信用债A
2014-03-17,1.002,0.0999,000191,富国信用债A
2014-03-18,1.002,0.0,000191,富国信用债A
2014-03-19,1.002,0.0,000191,富国信用债A
2014-03-20,1.002,0.0,000191,富国信用债A
2014-03-21,1.001,-0.0998,000191,富国信用债A
2014-03-24,1.003,0.1998,000191,富国信用债A
2014-03-25,1.006,0.2991,000191,富国信用债A
2014-03-26,1.003,-0.2982,000191,富国信用债A
2014-03-27,1.003,0.0,000191,富国信用债A
2014-03-28,1.004,0.0997,000191,富国信用债A
2014-03-31,1.005,0.0996,000191,富国信用债A
2014-04-01,1.005,0.0,000191,富国信用债A
2014-04-02,1.005,0.0,000191,富国信用债A
2014-04-03,1.005,0.0,000191,富国信用债A
2014-04-04,1.005,0.0,000191,富国信用债A
2014-04-08,1.006,0.0995,000191,富国信用债A
2014-04-09,1.006,0.0,000191,富国信用债A
2014-04-10,1.007,0.0994,000191,富国信用债A
2014-04-11,1.008,0.0993,000191,富国信用债A
2014-04-14,1.009,0.0992,000191,富国信用债A
2014-04-15,1.01,0.0991,000191,富国信用债A
2014-04-16,1.011,0.099,000191,富国信用债A
2014-04-17,1.012,0.0989,000191,富国信用债A
2014-04-18,1.012,0.0,000191,富国信用债A
2014-04-21,1.013,0.0988,000191,富国信用债A
2014-04-22,1.014,0.0987,000191,富国信用债A
2014-04-23,1.014,0.0,000191,富国信用债A
2014-04-24,1.015,0.0986,000191,富国信用债A
2014-04-25,1.016,0.0985,000191,富国信用债A
2014-04-28,1.016,0.0,000191,富国信用债A
2014-04-29,1.016,0.0,000191,富国信用债A
2014-04-30,1.017,0.0984,000191,富国信用债A
2014-05-05,1.018,0.0983,000191,富国信用债A
2014-05-06,1.02,0.1965,000191,富国信用债A
2014-05-07,1.021,0.098,000191,富国信用债A
2014-05-08,1.022,0.0979,000191,富国信用债A
2014-05-09,1.027,0.4892,000191,富国信用债A
2014-05-12,1.024,-0.2921,000191,富国信用债A
2014-05-13,1.03,0.5859,000191,富国信用债A
2014-05-14,1.03,0.0,000191,富国信用债A
2014-05-15,1.03,0.0,000191,富国信用债A
2014-05-16,1.021,0.0,000191,富国信用债A
2014-05-19,1.022,0.0979,000191,富国信用债A
2014-05-20,1.023,0.0978,000191,富国信用债A
2014-05-21,1.027,0.391,000191,富国信用债A
2014-05-22,1.027,0.0,000191,富国信用债A
2014-05-23,1.027,0.0,000191,富国信用债A
2014-05-26,1.028,0.0974,000191,富国信用债A
2014-05-27,1.029,0.0973,000191,富国信用债A
2014-05-28,1.029,0.0,000191,富国信用债A
2014-05-29,1.03,0.0972,000191,富国信用债A
2014-05-30,1.03,0.0,000191,富国信用债A
2014-06-03,1.031,0.0971,000191,富国信用债A
2014-06-04,1.033,0.194,000191,富国信用债A
2014-06-05,1.033,0.0,000191,富国信用债A
2014-06-06,1.034,0.0968,000191,富国信用债A
2014-06-09,1.034,0.0,000191,富国信用债A
2014-06-10,1.034,0.0,000191,富国信用债A
2014-06-11,1.034,0.0,000191,富国信用债A
2014-06-12,1.036,0.1934,000191,富国信用债A
2014-06-13,1.036,0.0,000191,富国信用债A
2014-06-16,1.037,0.0965,000191,富国信用债A
2014-06-17,1.036,-0.0964,000191,富国信用债A
2014-06-18,1.025,0.0,000191,富国信用债A
2014-06-19,1.025,0.0,000191,富国信用债A
2014-06-20,1.025,0.0,000191,富国信用债A
2014-06-23,1.026,0.0976,000191,富国信用债A
2014-06-24,1.027,0.0975,000191,富国信用债A
2014-06-25,1.027,0.0,000191,富国信用债A
2014-06-26,1.028,0.0974,000191,富国信用债A
2014-06-27,1.028,0.0,000191,富国信用债A
2014-06-30,1.029,0.0973,000191,富国信用债A
2014-07-01,1.03,0.0972,000191,富国信用债A
2014-07-02,1.03,0.0,000191,富国信用债A
2014-07-03,1.03,0.0,000191,富国信用债A
2014-07-04,1.03,0.0,000191,富国信用债A
2014-07-07,1.031,0.0971,000191,富国信用债A
2014-07-08,1.032,0.097,000191,富国信用债A
2014-07-09,1.032,0.0,000191,富国信用债A
2014-07-10,1.032,0.0,000191,富国信用债A
2014-07-11,1.033,0.0969,000191,富国信用债A
2014-07-14,1.025,0.0,000191,富国信用债A
2014-07-15,1.026,0.0976,000191,富国信用债A
2014-07-16,1.026,0.0,000191,富国信用债A
2014-07-17,1.026,0.0,000191,富国信用债A
2014-07-18,1.025,-0.0975,000191,富国信用债A
2014-07-21,1.026,0.0976,000191,富国信用债A
2014-07-22,1.026,0.0,000191,富国信用债A
2014-07-23,1.026,0.0,000191,富国信用债A
2014-07-24,1.026,0.0,000191,富国信用债A
2014-07-25,1.027,0.0975,000191,富国信用债A
2014-07-28,1.027,0.0,000191,富国信用债A
2014-07-29,1.028,0.0974,000191,富国信用债A
2014-07-30,1.028,0.0,000191,富国信用债A
2014-07-31,1.028,0.0,000191,富国信用债A
2014-08-01,1.029,0.0973,000191,富国信用债A
2014-08-04,1.029,0.0,000191,富国信用债A
2014-08-05,1.03,0.0972,000191,富国信用债A
2014-08-06,1.031,0.0971,000191,富国信用债A
2014-08-07,1.033,0.194,000191,富国信用债A
2014-08-08,1.033,0.0,000191,富国信用债A
2014-08-11,1.035,0.1936,000191,富国信用债A
2014-08-12,1.035,0.0,000191,富国信用债A
2014-08-13,1.035,0.0,000191,富国信用债A
2014-08-14,1.036,0.0966,000191,富国信用债A
2014-08-15,1.03,0.0965,000191,富国信用债A
2014-08-18,1.03,0.0,000191,富国信用债A
2014-08-19,1.031,0.0971,000191,富国信用债A
2014-08-20,1.031,0.0,000191,富国信用债A
2014-08-21,1.031,0.0,000191,富国信用债A
2014-08-22,1.032,0.097,000191,富国信用债A
2014-08-25,1.033,0.0969,000191,富国信用债A
2014-08-26,1.033,0.0,000191,富国信用债A
2014-08-27,1.033,0.0,000191,富国信用债A
2014-08-28,1.034,0.0968,000191,富国信用债A
2014-08-29,1.034,0.0,000191,富国信用债A
2014-09-01,1.034,0.0,000191,富国信用债A
2014-09-02,1.035,0.0967,000191,富国信用债A
2014-09-03,1.035,0.0,000191,富国信用债A
2014-09-04,1.037,0.1932,000191,富国信用债A
2014-09-05,1.037,0.0,000191,富国信用债A
2014-09-09,1.037,0.0,000191,富国信用债A
2014-09-10,1.037,0.0,000191,富国信用债A
2014-09-11,1.038,0.0964,000191,富国信用债A
2014-09-12,1.038,0.0,000191,富国信用债A
2014-09-15,1.038,0.0,000191,富国信用债A
2014-09-16,1.031,0.0,000191,富国信用债A
2014-09-17,1.032,0.097,000191,富国信用债A
2014-09-18,1.032,0.0,000191,富国信用债A
2014-09-19,1.033,0.0969,000191,富国信用债A
2014-09-22,1.033,0.0,000191,富国信用债A
2014-09-23,1.034,0.0968,000191,富国信用债A
2014-09-24,1.035,0.0967,000191,富国信用债A
2014-09-25,1.035,0.0,000191,富国信用债A
2014-09-26,1.035,0.0,000191,富国信用债A
2014-09-29,1.036,0.0966,000191,富国信用债A
2014-09-30,1.036,0.0,000191,富国信用债A
2014-10-08,1.037,0.0965,000191,富国信用债A
2014-10-09,1.037,0.0,000191,富国信用债A
2014-10-10,1.038,0.0964,000191,富国信用债A
2014-10-13,1.038,0.0,000191,富国信用债A
2014-10-14,1.039,0.0963,000191,富国信用债A
2014-10-15,1.04,0.0962,000191,富国信用债A
2014-10-16,1.041,0.0962,000191,富国信用债A
2014-10-17,1.042,0.0961,000191,富国信用债A
2014-10-20,1.044,0.1919,000191,富国信用债A
2014-10-21,1.046,0.1916,000191,富国信用债A
2014-10-22,1.046,0.0,000191,富国信用债A
2014-10-23,1.047,0.0956,000191,富国信用债A
2014-10-24,1.047,0.0,000191,富国信用债A
2014-10-27,1.048,0.0955,000191,富国信用债A
2014-10-28,1.049,0.0954,000191,富国信用债A
2014-10-29,1.05,0.0953,000191,富国信用债A
2014-10-30,1.051,0.0952,000191,富国信用债A
2014-10-31,1.053,0.1903,000191,富国信用债A
2014-11-03,1.054,0.095,000191,富国信用债A
2014-11-04,1.055,0.0949,000191,富国信用债A
2014-11-05,1.056,0.0948,000191,富国信用债A
2014-11-06,1.056,0.0,000191,富国信用债A
2014-11-07,1.057,0.0947,000191,富国信用债A
2014-11-10,1.058,0.0946,000191,富国信用债A
2014-11-11,1.061,0.2836,000191,富国信用债A
2014-11-12,1.062,0.0943,000191,富国信用债A
2014-11-13,1.062,0.0,000191,富国信用债A
2014-11-14,1.063,0.0942,000191,富国信用债A
2014-11-17,1.054,0.0,000191,富国信用债A
2014-11-18,1.053,-0.0949,000191,富国信用债A
2014-11-19,1.053,0.0,000191,富国信用债A
2014-11-20,1.053,0.0,000191,富国信用债A
2014-11-21,1.053,0.0,000191,富国信用债A
2014-11-24,1.054,0.095,000191,富国信用债A
2014-11-25,1.054,0.0,000191,富国信用债A
2014-11-26,1.054,0.0,000191,富国信用债A
2014-11-27,1.054,0.0,000191,富国信用债A
2014-11-28,1.055,0.0949,000191,富国信用债A
2014-12-01,1.054,-0.0948,000191,富国信用债A
2014-12-02,1.055,0.0949,000191,富国信用债A
2014-12-03,1.054,-0.0948,000191,富国信用债A
2014-12-04,1.052,-0.1898,000191,富国信用债A
2014-12-05,1.05,-0.1901,000191,富国信用债A
2014-12-08,1.049,-0.0952,000191,富国信用债A
2014-12-09,1.04,-0.858,000191,富国信用债A
2014-12-10,1.027,-1.25,000191,富国信用债A
2014-12-11,1.028,0.0974,000191,富国信用债A
2014-12-12,1.027,-0.0973,000191,富国信用债A
2014-12-15,1.025,-0.1947,000191,富国信用债A
2014-12-16,1.013,-1.1707,000191,富国信用债A
2014-12-17,1.013,0.0,000191,富国信用债A
2014-12-18,1.013,0.0,000191,富国信用债A
2014-12-19,1.012,-0.0987,000191,富国信用债A
2014-12-22,1.014,0.1976,000191,富国信用债A
2014-12-23,1.015,0.0986,000191,富国信用债A
2014-12-24,1.018,0.2956,000191,富国信用债A
2014-12-25,1.025,0.6876,000191,富国信用债A
2014-12-26,1.027,0.1951,000191,富国信用债A
2014-12-29,1.027,0.0,000191,富国信用债A
2014-12-30,1.032,0.4869,000191,富国信用债A
2014-12-31,1.036,0.3876,000191,富国信用债A
2015-01-05,1.036,0.0,000191,富国信用债A
2015-01-06,1.036,0.0,000191,富国信用债A
2015-01-07,1.036,0.0,000191,富国信用债A
2015-01-08,1.036,0.0,000191,富国信用债A
2015-01-09,1.036,0.0,000191,富国信用债A
2015-01-12,1.038,0.1931,000191,富国信用债A
2015-01-13,1.038,0.0,000191,富国信用债A
2015-01-14,1.039,0.0963,000191,富国信用债A
2015-01-15,1.039,0.0,000191,富国信用债A
2015-01-16,1.04,0.0962,000191,富国信用债A
2015-01-19,1.034,0.5769,000191,富国信用债A
2015-01-20,1.034,0.0,000191,富国信用债A
2015-01-21,1.034,0.0,000191,富国信用债A
2015-01-22,1.035,0.0967,000191,富国信用债A
2015-01-23,1.035,0.0,000191,富国信用债A
2015-01-26,1.036,0.0966,000191,富国信用债A
2015-01-27,1.036,0.0,000191,富国信用债A
2015-01-28,1.037,0.0965,000191,富国信用债A
2015-01-29,1.037,0.0,000191,富国信用债A
2015-01-30,1.037,0.0,000191,富国信用债A
2015-02-02,1.037,0.0,000191,富国信用债A
2015-02-03,1.037,0.0,000191,富国信用债A
2015-02-04,1.037,0.0,000191,富国信用债A
2015-02-05,1.037,0.0,000191,富国信用债A
2015-02-06,1.037,0.0,000191,富国信用债A
2015-02-09,1.038,0.0964,000191,富国信用债A
2015-02-10,1.039,0.0963,000191,富国信用债A
2015-02-11,1.039,0.0,000191,富国信用债A
2015-02-12,1.04,0.0962,000191,富国信用债A
2015-02-13,1.04,0.0,000191,富国信用债A
2015-02-16,1.025,-1.4423,000191,富国信用债A
2015-02-17,1.025,0.0,000191,富国信用债A
2015-02-25,1.029,0.3902,000191,富国信用债A
2015-02-26,1.029,0.0,000191,富国信用债A
2015-02-27,1.03,0.0972,000191,富国信用债A
2015-03-02,1.031,0.0971,000191,富国信用债A
2015-03-03,1.031,0.0,000191,富国信用债A
2015-03-04,1.032,0.097,000191,富国信用债A
2015-03-05,1.032,0.0,000191,富国信用债A
2015-03-06,1.032,0.0,000191,富国信用债A
2015-03-09,1.032,0.0,000191,富国信用债A
2015-03-10,1.032,0.0,000191,富国信用债A
2015-03-11,1.032,0.0,000191,富国信用债A
2015-03-12,1.032,0.0,000191,富国信用债A
2015-03-13,1.036,0.3876,000191,富国信用债A
2015-03-16,1.024,-0.0965,000191,富国信用债A
2015-03-17,1.024,0.0,000191,富国信用债A
2015-03-18,1.023,-0.0977,000191,富国信用债A
2015-03-19,1.024,0.0978,000191,富国信用债A
2015-03-20,1.023,-0.0977,000191,富国信用债A
2015-03-23,1.024,0.0978,000191,富国信用债A
2015-03-24,1.024,0.0,000191,富国信用债A
2015-03-25,1.025,0.0977,000191,富国信用债A
2015-03-26,1.024,-0.0976,000191,富国信用债A
2015-03-27,1.023,-0.0977,000191,富国信用债A
2015-03-30,1.023,0.0,000191,富国信用债A
2015-03-31,1.022,-0.0978,000191,富国信用债A
2015-04-01,1.021,-0.0978,000191,富国信用债A
2015-04-02,1.022,0.0979,000191,富国信用债A
2015-04-03,1.023,0.0978,000191,富国信用债A
2015-04-07,1.022,-0.0978,000191,富国信用债A
2015-04-08,1.022,0.0,000191,富国信用债A
2015-04-09,1.022,0.0,000191,富国信用债A
2015-04-10,1.023,0.0978,000191,富国信用债A
2015-04-13,1.023,0.0,000191,富国信用债A
2015-04-14,1.024,0.0978,000191,富国信用债A
2015-04-15,1.024,0.0,000191,富国信用债A
2015-04-16,1.016,0.0977,000191,富国信用债A
2015-04-17,1.016,0.0,000191,富国信用债A
2015-04-20,1.018,0.1969,000191,富国信用债A
2015-04-21,1.019,0.0982,000191,富国信用债A
2015-04-22,1.02,0.0981,000191,富国信用债A
2015-04-23,1.021,0.098,000191,富国信用债A
2015-04-24,1.021,0.0,000191,富国信用债A
2015-04-27,1.024,0.2938,000191,富国信用债A
2015-04-28,1.025,0.0977,000191,富国信用债A
2015-04-29,1.026,0.0976,000191,富国信用债A
2015-04-30,1.027,0.0975,000191,富国信用债A
2015-05-04,1.027,0.0,000191,富国信用债A
2015-05-05,1.027,0.0,000191,富国信用债A
2015-05-06,1.029,0.1947,000191,富国信用债A
2015-05-07,1.029,0.0,000191,富国信用债A
2015-05-08,1.03,0.0972,000191,富国信用债A
2015-05-11,1.032,0.1942,000191,富国信用债A
2015-05-12,1.034,0.1938,000191,富国信用债A
2015-05-13,1.035,0.0967,000191,富国信用债A
2015-05-14,1.036,0.0966,000191,富国信用债A
2015-05-15,1.037,0.0965,000191,富国信用债A
2015-05-18,1.038,0.0964,000191,富国信用债A
2015-05-19,1.028,0.0,000191,富国信用债A
2015-05-20,1.028,0.0,000191,富国信用债A
2015-05-21,1.028,0.0,000191,富国信用债A
2015-05-22,1.029,0.0973,000191,富国信用债A
2015-05-25,1.029,0.0,000191,富国信用债A
2015-05-26,1.029,0.0,000191,富国信用债A
2015-05-27,1.029,0.0,000191,富国信用债A
2015-05-28,1.029,0.0,000191,富国信用债A
2015-05-29,1.028,-0.0972,000191,富国信用债A
2015-06-01,1.028,0.0,000191,富国信用债A
2015-06-02,1.029,0.0973,000191,富国信用债A
2015-06-03,1.029,0.0,000191,富国信用债A
2015-06-04,1.03,0.0972,000191,富国信用债A
2015-06-05,1.03,0.0,000191,富国信用债A
2015-06-08,1.03,0.0,000191,富国信用债A
2015-06-09,1.03,0.0,000191,富国信用债A
2015-06-10,1.03,0.0,000191,富国信用债A
2015-06-11,1.03,0.0,000191,富国信用债A
2015-06-12,1.031,0.0971,000191,富国信用债A
2015-06-15,1.031,0.0,000191,富国信用债A
2015-06-16,1.026,0.0485,000191,富国信用债A
2015-06-17,1.026,0.0,000191,富国信用债A
2015-06-18,1.027,0.0975,000191,富国信用债A
2015-06-19,1.027,0.0,000191,富国信用债A
2015-06-23,1.027,0.0,000191,富国信用债A
2015-06-24,1.028,0.0974,000191,富国信用债A
2015-06-25,1.028,0.0,000191,富国信用债A
2015-06-26,1.029,0.0973,000191,富国信用债A
2015-06-29,1.029,0.0,000191,富国信用债A
2015-06-30,1.03,0.0972,000191,富国信用债A
2015-07-01,1.03,0.0,000191,富国信用债A
2015-07-02,1.031,0.0971,000191,富国信用债A
2015-07-03,1.032,0.097,000191,富国信用债A
2015-07-06,1.032,0.0,000191,富国信用债A
2015-07-07,1.033,0.0969,000191,富国信用债A
2015-07-08,1.034,0.0968,000191,富国信用债A
2015-07-09,1.034,0.0,000191,富国信用债A
2015-07-10,1.035,0.0967,000191,富国信用债A
2015-07-13,1.035,0.0,000191,富国信用债A
2015-07-14,1.034,-0.0966,000191,富国信用债A
2015-07-15,1.035,0.0967,000191,富国信用债A
2015-07-16,1.035,0.0,000191,富国信用债A
2015-07-17,1.03,0.0,000191,富国信用债A
2015-07-20,1.03,0.0,000191,富国信用债A
2015-07-21,1.031,0.0971,000191,富国信用债A
2015-07-22,1.031,0.0,000191,富国信用债A
2015-07-23,1.031,0.0,000191,富国信用债A
2015-07-24,1.032,0.097,000191,富国信用债A
2015-07-27,1.032,0.0,000191,富国信用债A
2015-07-28,1.032,0.0,000191,富国信用债A
2015-07-29,1.032,0.0,000191,富国信用债A
2015-07-30,1.032,0.0,000191,富国信用债A
2015-07-31,1.033,0.0969,000191,富国信用债A
2015-08-03,1.033,0.0,000191,富国信用债A
2015-08-04,1.033,0.0,000191,富国信用债A
2015-08-05,1.034,0.0968,000191,富国信用债A
2015-08-06,1.034,0.0,000191,富国信用债A
2015-08-07,1.035,0.0967,000191,富国信用债A
2015-08-10,1.035,0.0,000191,富国信用债A
2015-08-11,1.034,-0.0966,000191,富国信用债A
2015-08-12,1.034,0.0,000191,富国信用债A
2015-08-13,1.034,0.0,000191,富国信用债A
2015-08-14,1.033,-0.0967,000191,富国信用债A
2015-08-17,1.034,0.0968,000191,富国信用债A
2015-08-18,1.029,0.0,000191,富国信用债A
2015-08-19,1.029,0.0,000191,富国信用债A
2015-08-20,1.03,0.0972,000191,富国信用债A
2015-08-21,1.03,0.0,000191,富国信用债A
2015-08-24,1.03,0.0,000191,富国信用债A
2015-08-25,1.03,0.0,000191,富国信用债A
2015-08-26,1.03,0.0,000191,富国信用债A
2015-08-27,1.03,0.0,000191,富国信用债A
2015-08-28,1.03,0.0,000191,富国信用债A
2015-08-31,1.031,0.0971,000191,富国信用债A
2015-09-01,1.032,0.097,000191,富国信用债A
2015-09-02,1.032,0.0,000191,富国信用债A
2015-09-07,1.033,0.0969,000191,富国信用债A
2015-09-08,1.032,-0.0968,000191,富国信用债A
2015-09-09,1.032,0.0,000191,富国信用债A
2015-09-10,1.033,0.0969,000191,富国信用债A
2015-09-11,1.033,0.0,000191,富国信用债A
2015-09-14,1.033,0.0,000191,富国信用债A
2015-09-15,1.033,0.0,000191,富国信用债A
2015-09-16,1.033,0.0,000191,富国信用债A
2015-09-17,1.028,0.0,000191,富国信用债A
2015-09-18,1.029,0.0973,000191,富国信用债A
2015-09-21,1.029,0.0,000191,富国信用债A
2015-09-22,1.029,0.0,000191,富国信用债A
2015-09-23,1.029,0.0,000191,富国信用债A
2015-09-24,1.028,-0.0972,000191,富国信用债A
2015-09-25,1.028,0.0,000191,富国信用债A
2015-09-28,1.029,0.0973,000191,富国信用债A
2015-09-29,1.029,0.0,000191,富国信用债A
2015-09-30,1.029,0.0,000191,富国信用债A
2015-10-08,1.03,0.0972,000191,富国信用债A
2015-10-09,1.03,0.0,000191,富国信用债A
2015-10-12,1.03,0.0,000191,富国信用债A
2015-10-13,1.03,0.0,000191,富国信用债A
2015-10-14,1.031,0.0971,000191,富国信用债A
2015-10-15,1.031,0.0,000191,富国信用债A
2015-10-16,1.031,0.0,000191,富国信用债A
2015-10-19,1.031,0.0,000191,富国信用债A
2015-10-20,1.031,0.0,000191,富国信用债A
2015-10-21,1.032,0.097,000191,富国信用债A
2015-10-22,1.032,0.0,000191,富国信用债A
2015-10-23,1.032,0.0,000191,富国信用债A
2015-10-26,1.033,0.0969,000191,富国信用债A
2015-10-27,1.033,0.0,000191,富国信用债A
2015-10-28,1.034,0.0968,000191,富国信用债A
2015-10-29,1.034,0.0,000191,富国信用债A
2015-10-30,1.034,0.0,000191,富国信用债A
2015-11-02,1.035,0.0967,000191,富国信用债A
2015-11-03,1.034,-0.0966,000191,富国信用债A
2015-11-04,1.034,0.0,000191,富国信用债A
2015-11-05,1.035,0.0967,000191,富国信用债A
2015-11-06,1.035,0.0,000191,富国信用债A
2015-11-09,1.033,-0.1932,000191,富国信用债A
2015-11-10,1.033,0.0,000191,富国信用债A
2015-11-11,1.033,0.0,000191,富国信用债A
2015-11-12,1.033,0.0,000191,富国信用债A
2015-11-13,1.032,-0.0968,000191,富国信用债A
2015-11-16,1.032,0.0,000191,富国信用债A
2015-11-17,1.024,-0.1938,000191,富国信用债A
2015-11-18,1.023,-0.0977,000191,富国信用债A
2015-11-19,1.024,0.0978,000191,富国信用债A
2015-11-20,1.024,0.0,000191,富国信用债A
2015-11-23,1.023,-0.0977,000191,富国信用债A
2015-11-24,1.023,0.0,000191,富国信用债A
2015-11-25,1.023,0.0,000191,富国信用债A
2015-11-26,1.024,0.0978,000191,富国信用债A
2015-11-27,1.024,0.0,000191,富国信用债A
2015-11-30,1.025,0.0977,000191,富国信用债A
2015-12-01,1.025,0.0,000191,富国信用债A
2015-12-02,1.026,0.0976,000191,富国信用债A
2015-12-03,1.027,0.0975,000191,富国信用债A
2015-12-04,1.028,0.0974,000191,富国信用债A
2015-12-07,1.029,0.0973,000191,富国信用债A
2015-12-08,1.029,0.0,000191,富国信用债A
2015-12-09,1.029,0.0,000191,富国信用债A
2015-12-10,1.03,0.0972,000191,富国信用债A
2015-12-11,1.028,-0.1942,000191,富国信用债A
2015-12-14,1.029,0.0973,000191,富国信用债A
2015-12-15,1.029,0.0,000191,富国信用债A
2015-12-16,1.024,0.0,000191,富国信用债A
2015-12-17,1.025,0.0977,000191,富国信用债A
2015-12-18,1.026,0.0976,000191,富国信用债A
2015-12-21,1.027,0.0975,000191,富国信用债A
2015-12-22,1.026,-0.0974,000191,富国信用债A
2015-12-23,1.027,0.0975,000191,富国信用债A
2015-12-24,1.027,0.0,000191,富国信用债A
2015-12-25,1.028,0.0974,000191,富国信用债A
2015-12-28,1.031,0.2918,000191,富国信用债A
2015-12-29,1.031,0.0,000191,富国信用债A
2015-12-30,1.032,0.097,000191,富国信用债A
2015-12-31,1.033,0.0969,000191,富国信用债A
2016-01-04,1.033,0.0,000191,富国信用债A
2016-01-05,1.033,0.0,000191,富国信用债A
2016-01-06,1.034,0.0968,000191,富国信用债A
2016-01-07,1.034,0.0,000191,富国信用债A
2016-01-08,1.035,0.0967,000191,富国信用债A
2016-01-11,1.036,0.0966,000191,富国信用债A
2016-01-12,1.037,0.0965,000191,富国信用债A
2016-01-13,1.038,0.0964,000191,富国信用债A
2016-01-14,1.039,0.0963,000191,富国信用债A
2016-01-15,1.039,0.0,000191,富国信用债A
2016-01-18,1.04,0.0962,000191,富国信用债A
2016-01-19,1.033,0.0,000191,富国信用债A
2016-01-20,1.032,-0.0968,000191,富国信用债A
2016-01-21,1.032,0.0,000191,富国信用债A
2016-01-22,1.033,0.0969,000191,富国信用债A
2016-01-25,1.033,0.0,000191,富国信用债A
2016-01-26,1.032,-0.0968,000191,富国信用债A
2016-01-27,1.031,-0.0969,000191,富国信用债A
2016-01-28,1.03,-0.097,000191,富国信用债A
2016-01-29,1.03,0.0,000191,富国信用债A
2016-02-01,1.029,-0.0971,000191,富国信用债A
2016-02-02,1.029,0.0,000191,富国信用债A
2016-02-03,1.028,-0.0972,000191,富国信用债A
2016-02-04,1.029,0.0973,000191,富国信用债A
2016-02-05,1.029,0.0,000191,富国信用债A
2016-02-15,1.031,0.1944,000191,富国信用债A
2016-02-16,1.031,0.0,000191,富国信用债A
2016-02-17,1.031,0.0,000191,富国信用债A
2016-02-18,1.031,0.0,000191,富国信用债A
2016-02-19,1.024,0.097,000191,富国信用债A
2016-02-22,1.026,0.1953,000191,富国信用债A
2016-02-23,1.026,0.0,000191,富国信用债A
2016-02-24,1.027,0.0975,000191,富国信用债A
2016-02-25,1.027,0.0,000191,富国信用债A
2016-02-26,1.028,0.0974,000191,富国信用债A
2016-02-29,1.028,0.0,000191,富国信用债A
2016-03-01,1.028,0.0,000191,富国信用债A
2016-03-02,1.029,0.0973,000191,富国信用债A
2016-03-03,1.029,0.0,000191,富国信用债A
2016-03-04,1.029,0.0,000191,富国信用债A
2016-03-07,1.03,0.0972,000191,富国信用债A
2016-03-08,1.031,0.0971,000191,富国信用债A
2016-03-09,1.032,0.097,000191,富国信用债A
2016-03-10,1.033,0.0969,000191,富国信用债A
2016-03-11,1.027,0.0,000191,富国信用债A
2016-03-14,1.03,0.2921,000191,富国信用债A
2016-03-15,1.03,0.0,000191,富国信用债A
2016-03-16,1.03,0.0,000191,富国信用债A
2016-03-17,1.031,0.0971,000191,富国信用债A
2016-03-18,1.031,0.0,000191,富国信用债A
2016-03-21,1.031,0.0,000191,富国信用债A
2016-03-22,1.031,0.0,000191,富国信用债A
2016-03-23,1.031,0.0,000191,富国信用债A
2016-03-24,1.032,0.097,000191,富国信用债A
2016-03-25,1.032,0.0,000191,富国信用债A
2016-03-28,1.033,0.0969,000191,富国信用债A
2016-03-29,1.032,-0.0968,000191,富国信用债A
2016-03-30,1.032,0.0,000191,富国信用债A
2016-03-31,1.032,0.0,000191,富国信用债A
2016-04-01,1.032,0.0,000191,富国信用债A
2016-04-05,1.033,0.0969,000191,富国信用债A
2016-04-06,1.033,0.0,000191,富国信用债A
2016-04-07,1.033,0.0,000191,富国信用债A
2016-04-08,1.032,-0.0968,000191,富国信用债A
2016-04-11,1.032,0.0,000191,富国信用债A
2016-04-12,1.031,-0.0969,000191,富国信用债A
2016-04-13,1.027,-0.097,000191,富国信用债A
2016-04-14,1.025,-0.1947,000191,富国信用债A
2016-04-15,1.024,-0.0976,000191,富国信用债A
2016-04-18,1.025,0.0977,000191,富国信用债A
2016-04-19,1.024,-0.0976,000191,富国信用债A
2016-04-20,1.024,0.0,000191,富国信用债A
2016-04-21,1.023,-0.0977,000191,富国信用债A
2016-04-22,1.02,-0.2933,000191,富国信用债A
2016-04-25,1.018,-0.1961,000191,富国信用债A
2016-04-26,1.016,-0.1965,000191,富国信用债A
2016-04-27,1.015,-0.0984,000191,富国信用债A
2016-04-28,1.015,0.0,000191,富国信用债A
2016-04-29,1.016,0.0985,000191,富国信用债A
2016-05-03,1.017,0.0984,000191,富国信用债A
2016-05-04,1.018,0.0983,000191,富国信用债A
2016-05-05,1.018,0.0,000191,富国信用债A
2016-05-06,1.019,0.0982,000191,富国信用债A
2016-05-09,1.019,0.0,000191,富国信用债A
2016-05-10,1.02,0.0981,000191,富国信用债A
2016-05-11,1.013,0.0,000191,富国信用债A
2016-05-12,1.014,0.0987,000191,富国信用债A
2016-05-13,1.013,-0.0986,000191,富国信用债A
2016-05-16,1.014,0.0987,000191,富国信用债A
2016-05-17,1.014,0.0,000191,富国信用债A
2016-05-18,1.014,0.0,000191,富国信用债A
2016-05-19,1.014,0.0,000191,富国信用债A
2016-05-20,1.014,0.0,000191,富国信用债A
2016-05-23,1.014,0.0,000191,富国信用债A
2016-05-24,1.014,0.0,000191,富国信用债A
2016-05-25,1.015,0.0986,000191,富国信用债A
2016-05-26,1.015,0.0,000191,富国信用债A
2016-05-27,1.015,0.0,000191,富国信用债A
2016-05-30,1.016,0.0985,000191,富国信用债A
2016-05-31,1.016,0.0,000191,富国信用债A
2016-06-01,1.016,0.0,000191,富国信用债A
2016-06-02,1.016,0.0,000191,富国信用债A
2016-06-03,1.016,0.0,000191,富国信用债A
2016-06-06,1.017,0.0984,000191,富国信用债A
2016-06-07,1.017,0.0,000191,富国信用债A
2016-06-08,1.017,0.0,000191,富国信用债A
2016-06-13,1.018,0.0983,000191,富国信用债A
2016-06-14,1.018,0.0,000191,富国信用债A
2016-06-15,1.019,0.0982,000191,富国信用债A
2016-06-16,1.019,0.0,000191,富国信用债A
2016-06-17,1.019,0.0,000191,富国信用债A
2016-06-20,1.015,0.0,000191,富国信用债A
2016-06-21,1.015,0.0,000191,富国信用债A
2016-06-22,1.016,0.0985,000191,富国信用债A
2016-06-23,1.016,0.0,000191,富国信用债A
2016-06-24,1.016,0.0,000191,富国信用债A
2016-06-27,1.018,0.1969,000191,富国信用债A
2016-06-28,1.018,0.0,000191,富国信用债A
2016-06-29,1.018,0.0,000191,富国信用债A
2016-06-30,1.019,0.0982,000191,富国信用债A
2016-07-01,1.019,0.0,000191,富国信用债A
2016-07-04,1.02,0.0981,000191,富国信用债A
2016-07-05,1.021,0.098,000191,富国信用债A
2016-07-06,1.021,0.0,000191,富国信用债A
2016-07-07,1.022,0.0979,000191,富国信用债A
2016-07-08,1.023,0.0978,000191,富国信用债A
2016-07-11,1.024,0.0978,000191,富国信用债A
2016-07-12,1.025,0.0977,000191,富国信用债A
2016-07-13,1.025,0.0,000191,富国信用债A
2016-07-14,1.026,0.0976,000191,富国信用债A
2016-07-15,1.022,0.0,000191,富国信用债A
2016-07-18,1.023,0.0978,000191,富国信用债A
2016-07-19,1.024,0.0978,000191,富国信用债A
2016-07-20,1.024,0.0,000191,富国信用债A
2016-07-21,1.025,0.0977,000191,富国信用债A
2016-07-22,1.026,0.0976,000191,富国信用债A
2016-07-25,1.027,0.0975,000191,富国信用债A
2016-07-26,1.027,0.0,000191,富国信用债A
2016-07-27,1.027,0.0,000191,富国信用债A
2016-07-28,1.028,0.0974,000191,富国信用债A
2016-07-29,1.029,0.0973,000191,富国信用债A
2016-08-01,1.029,0.0,000191,富国信用债A
2016-08-02,1.029,0.0,000191,富国信用债A
2016-08-03,1.03,0.0972,000191,富国信用债A
2016-08-04,1.031,0.0971,000191,富国信用债A
2016-08-05,1.032,0.097,000191,富国信用债A
2016-08-08,1.032,0.0,000191,富国信用债A
2016-08-09,1.033,0.0969,000191,富国信用债A
2016-08-10,1.034,0.0968,000191,富国信用债A
2016-08-11,1.034,0.0,000191,富国信用债A
2016-08-12,1.035,0.0967,000191,富国信用债A
2016-08-15,1.035,0.0,000191,富国信用债A
2016-08-16,1.036,0.0966,000191,富国信用债A
2016-08-17,1.036,0.0,000191,富国信用债A
2016-08-18,1.037,0.0965,000191,富国信用债A
2016-08-19,1.037,0.0,000191,富国信用债A
2016-08-22,1.037,0.0,000191,富国信用债A
2016-08-23,1.037,0.0,000191,富国信用债A
2016-08-24,1.037,0.0,000191,富国信用债A
2016-08-25,1.037,0.0,000191,富国信用债A
2016-08-26,1.038,0.0964,000191,富国信用债A
2016-08-29,1.038,0.0,000191,富国信用债A
2016-08-30,1.038,0.0,000191,富国信用债A
2016-08-31,1.038,0.0,000191,富国信用债A
2016-09-01,1.038,0.0,000191,富国信用债A
2016-09-02,1.038,0.0,000191,富国信用债A
2016-09-05,1.038,0.0,000191,富国信用债A
2016-09-06,1.038,0.0,000191,富国信用债A
2016-09-07,1.038,0.0,000191,富国信用债A
2016-09-08,1.038,0.0,000191,富国信用债A
2016-09-09,1.038,0.0,000191,富国信用债A
2016-09-12,1.038,0.0,000191,富国信用债A
2016-09-13,1.038,0.0,000191,富国信用债A
2016-09-14,1.038,0.0,000191,富国信用债A
2016-09-19,1.032,0.0963,000191,富国信用债A
2016-09-20,1.032,0.0,000191,富国信用债A
2016-09-21,1.032,0.0,000191,富国信用债A
2016-09-22,1.033,0.0969,000191,富国信用债A
2016-09-23,1.033,0.0,000191,富国信用债A
2016-09-26,1.034,0.0968,000191,富国信用债A
2016-09-27,1.034,0.0,000191,富国信用债A
2016-09-28,1.034,0.0,000191,富国信用债A
2016-09-29,1.035,0.0967,000191,富国信用债A
2016-09-30,1.035,0.0,000191,富国信用债A
2016-10-10,1.036,0.0966,000191,富国信用债A
2016-10-11,1.037,0.0965,000191,富国信用债A
2016-10-12,1.037,0.0,000191,富国信用债A
2016-10-13,1.037,0.0,000191,富国信用债A
2016-10-14,1.038,0.0964,000191,富国信用债A
2016-10-17,1.038,0.0,000191,富国信用债A
2016-10-18,1.038,0.0,000191,富国信用债A
2016-10-19,1.038,0.0,000191,富国信用债A
2016-10-20,1.039,0.0963,000191,富国信用债A
2016-10-21,1.039,0.0,000191,富国信用债A
2016-10-24,1.033,-0.0962,000191,富国信用债A
2016-10-25,1.033,0.0,000191,富国信用债A
2016-10-26,1.033,0.0,000191,富国信用债A
2016-10-27,1.033,0.0,000191,富国信用债A
2016-10-28,1.033,0.0,000191,富国信用债A
2016-10-31,1.033,0.0,000191,富国信用债A
2016-11-01,1.033,0.0,000191,富国信用债A
2016-11-02,1.033,0.0,000191,富国信用债A
2016-11-03,1.033,0.0,000191,富国信用债A
2016-11-04,1.033,0.0,000191,富国信用债A
2016-11-07,1.034,0.0968,000191,富国信用债A
2016-11-08,1.033,-0.0967,000191,富国信用债A
2016-11-09,1.034,0.0968,000191,富国信用债A
2016-11-10,1.033,-0.0967,000191,富国信用债A
2016-11-11,1.033,0.0,000191,富国信用债A
2016-11-14,1.032,-0.0968,000191,富国信用债A
2016-11-15,1.031,-0.0969,000191,富国信用债A
2016-11-16,1.031,0.0,000191,富国信用债A
2016-11-17,1.031,0.0,000191,富国信用债A
2016-11-18,1.03,-0.097,000191,富国信用债A
2016-11-21,1.031,0.0971,000191,富国信用债A
2016-11-22,1.03,-0.097,000191,富国信用债A
2016-11-23,1.03,0.0,000191,富国信用债A
2016-11-24,1.03,0.0,000191,富国信用债A
2016-11-25,1.03,0.0,000191,富国信用债A
2016-11-28,1.03,0.0,000191,富国信用债A
2016-11-29,1.029,-0.0971,000191,富国信用债A
2016-11-30,1.028,-0.0972,000191,富国信用债A
2016-12-01,1.026,-0.1946,000191,富国信用债A
2016-12-02,1.026,0.0,000191,富国信用债A
2016-12-05,1.025,-0.0975,000191,富国信用债A
2016-12-06,1.024,-0.0976,000191,富国信用债A
2016-12-07,1.023,-0.0977,000191,富国信用债A
2016-12-08,1.023,0.0,000191,富国信用债A
2016-12-09,1.023,0.0,000191,富国信用债A
2016-12-12,1.022,-0.0978,000191,富国信用债A
2016-12-13,1.015,-0.0978,000191,富国信用债A
2016-12-14,1.012,-0.2956,000191,富国信用债A
2016-12-15,1.004,-0.7905,000191,富国信用债A
2016-12-16,1.004,0.0,000191,富国信用债A
2016-12-19,1.002,-0.1992,000191,富国信用债A
2016-12-20,1.0,-0.1996,000191,富国信用债A
2016-12-21,0.999,-0.1,000191,富国信用债A
2016-12-22,1.0,0.1001,000191,富国信用债A
2016-12-23,1.0,0.0,000191,富国信用债A
2016-12-26,1.001,0.1,000191,富国信用债A
2016-12-27,1.002,0.0999,000191,富国信用债A
2016-12-28,1.002,0.0,000191,富国信用债A
2016-12-29,1.003,0.0998,000191,富国信用债A
2016-12-30,1.004,0.0997,000191,富国信用债A
2016-12-31,1.004,0.0,000191,富国信用债A
2017-01-03,1.005,0.0996,000191,富国信用债A
2017-01-04,1.005,0.0,000191,富国信用债A
2017-01-05,1.006,0.0995,000191,富国信用债A
2017-01-06,1.007,0.0994,000191,富国信用债A
2017-01-09,1.008,0.0993,000191,富国信用债A
2017-01-10,1.009,0.0992,000191,富国信用债A
2017-01-11,1.009,0.0,000191,富国信用债A
2017-01-12,1.009,0.0,000191,富国信用债A
2017-01-13,1.009,0.0,000191,富国信用债A
2017-01-16,1.009,0.0,000191,富国信用债A
2017-01-17,1.008,-0.0991,000191,富国信用债A
2017-01-18,1.008,0.0,000191,富国信用债A
2017-01-19,1.007,-0.0992,000191,富国信用债A
2017-01-20,1.007,0.0,000191,富国信用债A
2017-01-23,1.007,0.0,000191,富国信用债A
2017-01-24,1.008,0.0993,000191,富国信用债A
2017-01-25,1.008,0.0,000191,富国信用债A
2017-01-26,1.008,0.0,000191,富国信用债A
2017-02-03,1.007,-0.0992,000191,富国信用债A
2017-02-06,1.006,-0.0993,000191,富国信用债A
2017-02-07,1.005,-0.0994,000191,富国信用债A
2017-02-08,1.004,-0.0995,000191,富国信用债A
2017-02-09,1.003,-0.0996,000191,富国信用债A
2017-02-10,1.003,0.0,000191,富国信用债A
2017-02-13,1.004,0.0997,000191,富国信用债A
2017-02-14,1.004,0.0,000191,富国信用债A
2017-02-15,1.004,0.0,000191,富国信用债A
2017-02-16,1.004,0.0,000191,富国信用债A
2017-02-17,1.004,0.0,000191,富国信用债A
2017-02-20,1.004,0.0,000191,富国信用债A
2017-02-21,1.004,0.0,000191,富国信用债A
2017-02-22,1.005,0.0996,000191,富国信用债A
2017-02-23,1.005,0.0,000191,富国信用债A
2017-02-24,1.005,0.0,000191,富国信用债A
2017-02-27,1.005,0.0,000191,富国信用债A
2017-02-28,1.006,0.0995,000191,富国信用债A
2017-03-01,1.006,0.0,000191,富国信用债A
2017-03-02,1.006,0.0,000191,富国信用债A
2017-03-03,1.006,0.0,000191,富国信用债A
2017-03-06,1.006,0.0,000191,富国信用债A
2017-03-07,1.006,0.0,000191,富国信用债A
2017-03-08,1.006,0.0,000191,富国信用债A
2017-03-09,1.006,0.0,000191,富国信用债A
2017-03-10,1.006,0.0,000191,富国信用债A
2017-03-13,1.006,0.0,000191,富国信用债A
2017-03-14,1.006,0.0,000191,富国信用债A
2017-03-15,1.006,0.0,000191,富国信用债A
2017-03-16,1.007,0.0994,000191,富国信用债A
2017-03-17,1.007,0.0,000191,富国信用债A
2017-03-20,1.007,0.0,000191,富国信用债A
2017-03-21,1.006,-0.0993,000191,富国信用债A
2017-03-22,1.006,0.0,000191,富国信用债A
2017-03-23,1.007,0.0994,000191,富国信用债A
2017-03-24,1.007,0.0,000191,富国信用债A
2017-03-27,1.008,0.0993,000191,富国信用债A
2017-03-28,1.008,0.0,000191,富国信用债A
2017-03-29,1.008,0.0,000191,富国信用债A
2017-03-30,1.005,-0.2976,000191,富国信用债A
2017-03-31,1.003,-0.199,000191,富国信用债A
2017-04-05,1.004,0.0997,000191,富国信用债A
2017-04-06,1.005,0.0996,000191,富国信用债A
2017-04-07,1.006,0.0995,000191,富国信用债A
2017-04-10,1.007,0.0994,000191,富国信用债A
2017-04-11,1.008,0.0993,000191,富国信用债A
2017-04-12,1.008,0.0,000191,富国信用债A
2017-04-13,1.009,0.0992,000191,富国信用债A
2017-04-14,1.009,0.0,000191,富国信用债A
2017-04-17,1.008,-0.0991,000191,富国信用债A
2017-04-18,1.008,0.0,000191,富国信用债A
2017-04-19,1.007,-0.0992,000191,富国信用债A
2017-04-20,1.006,-0.0993,000191,富国信用债A
2017-04-21,1.006,0.0,000191,富国信用债A
2017-04-24,1.005,-0.0994,000191,富国信用债A
2017-04-25,1.005,0.0,000191,富国信用债A
2017-04-26,1.005,0.0,000191,富国信用债A
2017-04-27,1.005,0.0,000191,富国信用债A
2017-04-28,1.005,0.0,000191,富国信用债A
2017-05-02,1.005,0.0,000191,富国信用债A
2017-05-03,1.005,0.0,000191,富国信用债A
2017-05-04,1.004,-0.0995,000191,富国信用债A
2017-05-05,1.004,0.0,000191,富国信用债A
2017-05-08,1.004,0.0,000191,富国信用债A
2017-05-09,1.004,0.0,000191,富国信用债A
2017-05-10,1.002,-0.1992,000191,富国信用债A
2017-05-11,1.001,-0.0998,000191,富国信用债A
2017-05-12,1.001,0.0,000191,富国信用债A
2017-05-15,1.001,0.0,000191,富国信用债A
2017-05-16,1.001,0.0,000191,富国信用债A
2017-05-17,1.0,-0.0999,000191,富国信用债A
2017-05-18,1.0,0.0,000191,富国信用债A
2017-05-19,1.0,0.0,000191,富国信用债A
2017-05-22,1.0,0.0,000191,富国信用债A
2017-05-23,1.0,0.0,000191,富国信用债A
2017-05-24,1.0,0.0,000191,富国信用债A
2017-05-25,1.0,0.0,000191,富国信用债A
2017-05-26,1.0,0.0,000191,富国信用债A
2017-05-31,1.001,0.1,000191,富国信用债A
2017-06-01,1.0,-0.0999,000191,富国信用债A
2017-06-02,1.001,0.1,000191,富国信用债A
2017-06-05,1.0,-0.0999,000191,富国信用债A
2017-06-06,1.0,0.0,000191,富国信用债A
2017-06-07,1.0,0.0,000191,富国信用债A
2017-06-08,1.0,0.0,000191,富国信用债A
2017-06-09,1.0,0.0,000191,富国信用债A
2017-06-12,1.001,0.1,000191,富国信用债A
2017-06-13,1.002,0.0999,000191,富国信用债A
2017-06-14,1.003,0.0998,000191,富国信用债A
2017-06-15,1.003,0.0,000191,富国信用债A
2017-06-16,1.004,0.0997,000191,富国信用债A
2017-06-19,1.005,0.0996,000191,富国信用债A
2017-06-20,1.006,0.0995,000191,富国信用债A
2017-06-21,1.007,0.0994,000191,富国信用债A
2017-06-22,1.006,-0.0993,000191,富国信用债A
2017-06-23,1.006,0.0,000191,富国信用债A
2017-06-26,1.007,0.0994,000191,富国信用债A
2017-06-27,1.008,0.0993,000191,富国信用债A
2017-06-28,1.009,0.0992,000191,富国信用债A
2017-06-29,1.01,0.0991,000191,富国信用债A
2017-06-30,1.01,0.0,000191,富国信用债A
2017-07-03,1.011,0.099,000191,富国信用债A
2017-07-04,1.011,0.0,000191,富国信用债A
2017-07-05,1.011,0.0,000191,富国信用债A
2017-07-06,1.012,0.0989,000191,富国信用债A
2017-07-07,1.012,0.0,000191,富国信用债A
2017-07-10,1.012,0.0,000191,富国信用债A
2017-07-11,1.013,0.0988,000191,富国信用债A
2017-07-12,1.014,0.0987,000191,富国信用债A
2017-07-13,1.008,0.0,000191,富国信用债A
2017-07-14,1.009,0.0992,000191,富国信用债A
2017-07-17,1.009,0.0,000191,富国信用债A
2017-07-18,1.009,0.0,000191,富国信用债A
2017-07-19,1.009,0.0,000191,富国信用债A
2017-07-20,1.009,0.0,000191,富国信用债A
2017-07-21,1.009,0.0,000191,富国信用债A
2017-07-24,1.01,0.0991,000191,富国信用债A
2017-07-25,1.01,0.0,000191,富国信用债A
2017-07-26,1.01,0.0,000191,富国信用债A
2017-07-27,1.01,0.0,000191,富国信用债A
2017-07-28,1.01,0.0,000191,富国信用债A
2017-07-31,1.01,0.0,000191,富国信用债A
2017-08-01,1.01,0.0,000191,富国信用债A
2017-08-02,1.011,0.099,000191,富国信用债A
2017-08-03,1.01,-0.0989,000191,富国信用债A
2017-08-04,1.011,0.099,000191,富国信用债A
2017-08-07,1.011,0.0,000191,富国信用债A
2017-08-08,1.006,0.0,000191,富国信用债A
2017-08-09,1.006,0.0,000191,富国信用债A
2017-08-10,1.006,0.0,000191,富国信用债A
2017-08-11,1.006,0.0,000191,富国信用债A
2017-08-14,1.006,0.0,000191,富国信用债A
2017-08-15,1.007,0.0994,000191,富国信用债A
2017-08-16,1.007,0.0,000191,富国信用债A
2017-08-17,1.007,0.0,000191,富国信用债A
2017-08-18,1.006,-0.0993,000191,富国信用债A
2017-08-21,1.007,0.0994,000191,富国信用债A
2017-08-22,1.007,0.0,000191,富国信用债A
2017-08-23,1.006,-0.0993,000191,富国信用债A
2017-08-24,1.006,0.0,000191,富国信用债A
2017-08-25,1.006,0.0,000191,富国信用债A
2017-08-28,1.007,0.0994,000191,富国信用债A
2017-08-29,1.006,-0.0993,000191,富国信用债A
2017-08-30,1.005,-0.0994,000191,富国信用债A
2017-08-31,1.005,0.0,000191,富国信用债A
2017-09-01,1.005,0.0,000191,富国信用债A
2017-09-04,1.005,0.0,000191,富国信用债A
2017-09-05,1.005,0.0,000191,富国信用债A
2017-09-06,1.005,0.0,000191,富国信用债A
2017-09-07,1.005,0.0,000191,富国信用债A
2017-09-08,1.006,0.0995,000191,富国信用债A
2017-09-11,1.006,0.0,000191,富国信用债A
2017-09-12,1.006,0.0,000191,富国信用债A
2017-09-13,1.006,0.0,000191,富国信用债A
2017-09-14,1.006,0.0,000191,富国信用债A
2017-09-15,1.007,0.0994,000191,富国信用债A
2017-09-18,1.007,0.0,000191,富国信用债A
2017-09-19,1.007,0.0,000191,富国信用债A
2017-09-20,1.008,0.0993,000191,富国信用债A
2017-09-21,1.007,-0.0992,000191,富国信用债A
2017-09-22,1.008,0.0993,000191,富国信用债A
2017-09-25,1.008,0.0,000191,富国信用债A
2017-09-26,1.008,0.0,000191,富国信用债A
2017-09-27,1.009,0.0992,000191,富国信用债A
2017-09-28,1.009,0.0,000191,富国信用债A
2017-09-29,1.01,0.0991,000191,富国信用债A
2017-10-09,1.01,0.0,000191,富国信用债A
2017-10-10,1.01,0.0,000191,富国信用债A
2017-10-11,1.01,0.0,000191,富国信用债A
2017-10-12,1.01,0.0,000191,富国信用债A
2017-10-13,1.01,0.0,000191,富国信用债A
2017-10-16,1.01,0.0,000191,富国信用债A
2017-10-17,1.005,0.0,000191,富国信用债A
2017-10-18,1.005,0.0,000191,富国信用债A
2017-10-19,1.006,0.0995,000191,富国信用债A
2017-10-20,1.006,0.0,000191,富国信用债A
2017-10-23,1.006,0.0,000191,富国信用债A
2017-10-24,1.007,0.0994,000191,富国信用债A
2017-10-25,1.006,-0.0993,000191,富国信用债A
2017-10-26,1.006,0.0,000191,富国信用债A
2017-10-27,1.007,0.0994,000191,富国信用债A
2017-10-30,1.007,0.0,000191,富国信用债A
2017-10-31,1.006,-0.0993,000191,富国信用债A
2017-11-01,1.006,0.0,000191,富国信用债A
2017-11-02,1.006,0.0,000191,富国信用债A
2017-11-03,1.007,0.0994,000191,富国信用债A
2017-11-06,1.007,0.0,000191,富国信用债A
2017-11-07,1.007,0.0,000191,富国信用债A
2017-11-08,1.003,0.0,000191,富国信用债A
2017-11-09,1.003,0.0,000191,富国信用债A
2017-11-10,1.003,0.0,000191,富国信用债A
2017-11-13,1.002,-0.0997,000191,富国信用债A
2017-11-14,1.001,-0.0998,000191,富国信用债A
2017-11-15,1.0,-0.0999,000191,富国信用债A
2017-11-16,1.0,0.0,000191,富国信用债A
2017-11-17,1.0,0.0,000191,富国信用债A
2017-11-20,1.0,0.0,000191,富国信用债A
2017-11-21,1.0,0.0,000191,富国信用债A
2017-11-22,0.999,-0.1,000191,富国信用债A
2017-11-23,0.998,-0.1001,000191,富国信用债A
2017-11-24,0.998,0.0,000191,富国信用债A
2017-11-27,0.997,-0.1002,000191,富国信用债A
2017-11-28,0.997,0.0,000191,富国信用债A
2017-11-29,0.997,0.0,000191,富国信用债A
2017-11-30,0.996,-0.1003,000191,富国信用债A
2017-12-01,0.996,0.0,000191,富国信用债A
2017-12-04,0.997,0.1004,000191,富国信用债A
2017-12-05,0.997,0.0,000191,富国信用债A
2017-12-06,0.998,0.1003,000191,富国信用债A
2017-12-07,0.998,0.0,000191,富国信用债A
2017-12-08,0.998,0.0,000191,富国信用债A
2017-12-11,0.998,0.0,000191,富国信用债A
2017-12-12,0.998,0.0,000191,富国信用债A
2017-12-13,0.998,0.0,000191,富国信用债A
2017-12-14,0.998,0.0,000191,富国信用债A
2017-12-15,0.999,0.1002,000191,富国信用债A
2017-12-18,0.999,0.0,000191,富国信用债A
2017-12-19,0.999,0.0,000191,富国信用债A
2017-12-20,0.999,0.0,000191,富国信用债A
2017-12-21,0.999,0.0,000191,富国信用债A
2017-12-22,1.0,0.1001,000191,富国信用债A
2017-12-25,1.0,0.0,000191,富国信用债A
2017-12-26,1.0,0.0,000191,富国信用债A
2017-12-27,1.0,0.0,000191,富国信用债A
2017-12-28,1.0,0.0,000191,富国信用债A
2017-12-29,1.0,0.0,000191,富国信用债A
2017-12-31,1.001,0.0,000191,富国信用债A
2018-01-02,1.001,0.1,000191,富国信用债A
2018-01-03,1.001,0.0,000191,富国信用债A
2018-01-04,1.001,0.0,000191,富国信用债A
2018-01-05,1.001,0.0,000191,富国信用债A
2018-01-08,1.001,0.0,000191,富国信用债A
2018-01-09,1.001,0.0,000191,富国信用债A
2018-01-10,1.002,0.0999,000191,富国信用债A
2018-01-11,1.001,-0.0998,000191,富国信用债A
2018-01-12,1.002,0.0999,000191,富国信用债A
2018-01-15,1.002,0.0,000191,富国信用债A
2018-01-16,1.002,0.0,000191,富国信用债A
2018-01-17,1.002,0.0,000191,富国信用债A
2018-01-18,1.002,0.0,000191,富国信用债A
2018-01-19,1.002,0.0,000191,富国信用债A
2018-01-22,1.003,0.0998,000191,富国信用债A
2018-01-23,1.003,0.0,000191,富国信用债A
2018-01-24,1.003,0.0,000191,富国信用债A
2018-01-25,1.003,0.0,000191,富国信用债A
2018-01-26,1.003,0.0,000191,富国信用债A
2018-01-29,1.004,0.0997,000191,富国信用债A
2018-01-30,1.004,0.0,000191,富国信用债A
2018-01-31,1.004,0.0,000191,富国信用债A
2018-02-01,1.005,0.0996,000191,富国信用债A
2018-02-02,1.005,0.0,000191,富国信用债A
2018-02-05,1.006,0.0995,000191,富国信用债A
2018-02-06,1.006,0.0,000191,富国信用债A
2018-02-07,1.007,0.0994,000191,富国信用债A
2018-02-08,1.007,0.0,000191,富国信用债A
2018-02-09,1.007,0.0,000191,富国信用债A
2018-02-12,1.008,0.0993,000191,富国信用债A
2018-02-13,1.009,0.0992,000191,富国信用债A
2018-02-14,1.009,0.0,000191,富国信用债A
2018-02-22,1.011,0.1982,000191,富国信用债A
2018-02-23,1.011,0.0,000191,富国信用债A
2018-02-26,1.011,0.0,000191,富国信用债A
2018-02-27,1.012,0.0989,000191,富国信用债A
2018-02-28,1.012,0.0,000191,富国信用债A
2018-03-01,1.012,0.0,000191,富国信用债A
2018-03-02,1.012,0.0,000191,富国信用债A
2018-03-05,1.012,0.0,000191,富国信用债A
2018-03-06,1.013,0.0988,000191,富国信用债A
2018-03-07,1.013,0.0,000191,富国信用债A
2018-03-08,1.013,0.0,000191,富国信用债A
2018-03-09,1.013,0.0,000191,富国信用债A
2018-03-12,1.014,0.0987,000191,富国信用债A
2018-03-13,1.009,0.0,000191,富国信用债A
2018-03-14,1.009,0.0,000191,富国信用债A
2018-03-15,1.009,0.0,000191,富国信用债A
2018-03-16,1.01,0.0991,000191,富国信用债A
2018-03-19,1.01,0.0,000191,富国信用债A
2018-03-20,1.01,0.0,000191,富国信用债A
2018-03-21,1.01,0.0,000191,富国信用债A
2018-03-22,1.011,0.099,000191,富国信用债A
2018-03-23,1.013,0.1978,000191,富国信用债A
2018-03-26,1.013,0.0,000191,富国信用债A
2018-03-27,1.013,0.0,000191,富国信用债A
2018-03-28,1.014,0.0987,000191,富国信用债A
2018-03-29,1.015,0.0986,000191,富国信用债A
2018-03-30,1.015,0.0,000191,富国信用债A
2018-04-02,1.016,0.0985,000191,富国信用债A
2018-04-03,1.016,0.0,000191,富国信用债A
2018-04-04,1.017,0.0984,000191,富国信用债A
2018-04-09,1.018,0.0983,000191,富国信用债A
2018-04-10,1.019,0.0982,000191,富国信用债A
2018-04-11,1.019,0.0,000191,富国信用债A
2018-04-12,1.015,0.0981,000191,富国信用债A
2018-04-13,1.015,0.0,000191,富国信用债A
2018-04-16,1.016,0.0985,000191,富国信用债A
2018-04-17,1.016,0.0,000191,富国信用债A
2018-04-18,1.02,0.3937,000191,富国信用债A
2018-04-19,1.02,0.0,000191,富国信用债A
2018-04-20,1.02,0.0,000191,富国信用债A
2018-04-23,1.019,-0.098,000191,富国信用债A
2018-04-24,1.019,0.0,000191,富国信用债A
2018-04-25,1.019,0.0,000191,富国信用债A
2018-04-26,1.019,0.0,000191,富国信用债A
2018-04-27,1.019,0.0,000191,富国信用债A
2018-05-02,1.019,0.0,000191,富国信用债A
2018-05-03,1.019,0.0,000191,富国信用债A
2018-05-04,1.019,0.0,000191,富国信用债A
2018-05-07,1.019,0.0,000191,富国信用债A
2018-05-08,1.018,-0.0981,000191,富国信用债A
2018-05-09,1.018,0.0,000191,富国信用债A
2018-05-10,1.014,0.0,000191,富国信用债A
2018-05-11,1.013,-0.0986,000191,富国信用债A
2018-05-14,1.013,0.0,000191,富国信用债A
2018-05-15,1.013,0.0,000191,富国信用债A
2018-05-16,1.012,-0.0987,000191,富国信用债A
2018-05-17,1.012,0.0,000191,富国信用债A
2018-05-18,1.012,0.0,000191,富国信用债A
2018-05-21,1.012,0.0,000191,富国信用债A
2018-05-22,1.012,0.0,000191,富国信用债A
2018-05-23,1.012,0.0,000191,富国信用债A
2018-05-24,1.013,0.0988,000191,富国信用债A
2018-05-25,1.013,0.0,000191,富国信用债A
2018-05-28,1.013,0.0,000191,富国信用债A
2018-05-29,1.013,0.0,000191,富国信用债A
2018-05-30,1.014,0.0987,000191,富国信用债A
2018-05-31,1.014,0.0,000191,富国信用债A
2018-06-01,1.014,0.0,000191,富国信用债A
2018-06-04,1.014,0.0,000191,富国信用债A
2018-06-05,1.014,0.0,000191,富国信用债A
2018-06-06,1.014,0.0,000191,富国信用债A
2018-06-07,1.013,-0.0986,000191,富国信用债A
2018-06-08,1.014,0.0987,000191,富国信用债A
2018-06-11,1.014,0.0,000191,富国信用债A
2018-06-12,1.013,-0.0986,000191,富国信用债A
2018-06-13,1.013,0.0,000191,富国信用债A
2018-06-14,1.014,0.0987,000191,富国信用债A
2018-06-15,1.01,0.0,000191,富国信用债A
2018-06-19,1.011,0.099,000191,富国信用债A
2018-06-20,1.011,0.0,000191,富国信用债A
2018-06-21,1.011,0.0,000191,富国信用债A
2018-06-22,1.011,0.0,000191,富国信用债A
2018-06-25,1.011,0.0,000191,富国信用债A
2018-06-26,1.012,0.0989,000191,富国信用债A
2018-06-27,1.013,0.0988,000191,富国信用债A
2018-06-28,1.013,0.0,000191,富国信用债A
2018-06-29,1.014,0.0987,000191,富国信用债A
2018-06-30,1.014,0.0,000191,富国信用债A
2018-07-02,1.015,0.0986,000191,富国信用债A
2018-07-03,1.016,0.0985,000191,富国信用债A
2018-07-04,1.017,0.0984,000191,富国信用债A
2018-07-05,1.018,0.0983,000191,富国信用债A
2018-07-06,1.018,0.0,000191,富国信用债A
2018-07-09,1.019,0.0982,000191,富国信用债A
2018-07-10,1.013,-0.0981,000191,富国信用债A
2018-07-11,1.014,0.0987,000191,富国信用债A
2018-07-12,1.014,0.0,000191,富国信用债A
2018-07-13,1.014,0.0,000191,富国信用债A
2018-07-16,1.015,0.0986,000191,富国信用债A
2018-07-17,1.016,0.0985,000191,富国信用债A
2018-07-18,1.016,0.0,000191,富国信用债A
2018-07-19,1.017,0.0984,000191,富国信用债A
2018-07-20,1.017,0.0,000191,富国信用债A
2018-07-23,1.018,0.0983,000191,富国信用债A
2018-07-24,1.018,0.0,000191,富国信用债A
2018-07-25,1.019,0.0982,000191,富国信用债A
2018-07-26,1.02,0.0981,000191,富国信用债A
2018-07-27,1.022,0.1961,000191,富国信用债A
2018-07-30,1.023,0.0978,000191,富国信用债A
2018-07-31,1.024,0.0978,000191,富国信用债A
2018-08-01,1.025,0.0977,000191,富国信用债A
2018-08-02,1.026,0.0976,000191,富国信用债A
2018-08-03,1.027,0.0975,000191,富国信用债A
2018-08-06,1.029,0.1947,000191,富国信用债A
2018-08-07,1.03,0.0972,000191,富国信用债A
2018-08-08,1.03,0.0,000191,富国信用债A
2018-08-09,1.03,0.0,000191,富国信用债A
2018-08-10,1.029,-0.0971,000191,富国信用债A
2018-08-13,1.023,-0.0972,000191,富国信用债A
2018-08-14,1.023,0.0,000191,富国信用债A
2018-08-15,1.023,0.0,000191,富国信用债A
2018-08-16,1.022,-0.0978,000191,富国信用债A
2018-08-17,1.022,0.0,000191,富国信用债A
2018-08-20,1.021,-0.0978,000191,富国信用债A
2018-08-21,1.021,0.0,000191,富国信用债A
2018-08-22,1.021,0.0,000191,富国信用债A
2018-08-23,1.021,0.0,000191,富国信用债A
2018-08-24,1.022,0.0979,000191,富国信用债A
2018-08-27,1.022,0.0,000191,富国信用债A
2018-08-28,1.022,0.0,000191,富国信用债A
2018-08-29,1.022,0.0,000191,富国信用债A
2018-08-30,1.022,0.0,000191,富国信用债A
2018-08-31,1.023,0.0978,000191,富国信用债A
2018-09-03,1.023,0.0,000191,富国信用债A
2018-09-04,1.023,0.0,000191,富国信用债A
2018-09-05,1.023,0.0,000191,富国信用债A
2018-09-06,1.023,0.0,000191,富国信用债A
2018-09-07,1.023,0.0,000191,富国信用债A
2018-09-10,1.023,0.0,000191,富国信用债A
2018-09-11,1.023,0.0,000191,富国信用债A
2018-09-12,1.023,0.0,000191,富国信用债A
2018-09-13,1.017,0.0,000191,富国信用债A
2018-09-14,1.018,0.0983,000191,富国信用债A
2018-09-17,1.018,0.0,000191,富国信用债A
2018-09-18,1.018,0.0,000191,富国信用债A
2018-09-19,1.018,0.0,000191,富国信用债A
2018-09-20,1.018,0.0,000191,富国信用债A
2018-09-21,1.018,0.0,000191,富国信用债A
2018-09-25,1.019,0.0982,000191,富国信用债A
2018-09-26,1.019,0.0,000191,富国信用债A
2018-09-27,1.02,0.0981,000191,富国信用债A
2018-09-28,1.02,0.0,000191,富国信用债A
2018-10-08,1.022,0.1961,000191,富国信用债A
2018-10-09,1.022,0.0,000191,富国信用债A
2018-10-10,1.023,0.0978,000191,富国信用债A
2018-10-11,1.024,0.0978,000191,富国信用债A
2018-10-12,1.024,0.0,000191,富国信用债A
2018-10-15,1.021,0.0977,000191,富国信用债A
2018-10-16,1.021,0.0,000191,富国信用债A
2018-10-17,1.022,0.0979,000191,富国信用债A
2018-10-18,1.022,0.0,000191,富国信用债A
2018-10-19,1.023,0.0978,000191,富国信用债A
2018-10-22,1.023,0.0,000191,富国信用债A
2018-10-23,1.024,0.0978,000191,富国信用债A
2018-10-24,1.024,0.0,000191,富国信用债A
2018-10-25,1.024,0.0,000191,富国信用债A
2018-10-26,1.025,0.0977,000191,富国信用债A
2018-10-29,1.026,0.0976,000191,富国信用债A
2018-10-30,1.026,0.0,000191,富国信用债A
2018-10-31,1.026,0.0,000191,富国信用债A
2018-11-01,1.027,0.0975,000191,富国信用债A
2018-11-02,1.027,0.0,000191,富国信用债A
2018-11-05,1.027,0.0,000191,富国信用债A
2018-11-06,1.027,0.0,000191,富国信用债A
2018-11-07,1.028,0.0974,000191,富国信用债A
2018-11-08,1.028,0.0,000191,富国信用债A
2018-11-09,1.029,0.0973,000191,富国信用债A
2018-11-12,1.025,0.0,000191,富国信用债A
2018-11-13,1.026,0.0976,000191,富国信用债A
2018-11-14,1.027,0.0975,000191,富国信用债A
2018-11-15,1.027,0.0,000191,富国信用债A
2018-11-16,1.028,0.0974,000191,富国信用债A
2018-11-19,1.029,0.0973,000191,富国信用债A
2018-11-20,1.029,0.0,000191,富国信用债A
2018-11-21,1.03,0.0972,000191,富国信用债A
2018-11-22,1.03,0.0,000191,富国信用债A
2018-11-23,1.03,0.0,000191,富国信用债A
2018-11-26,1.03,0.0,000191,富国信用债A
2018-11-27,1.03,0.0,000191,富国信用债A
2018-11-28,1.031,0.0971,000191,富国信用债A
2018-11-29,1.031,0.0,000191,富国信用债A
2018-11-30,1.031,0.0,000191,富国信用债A
2018-12-03,1.032,0.097,000191,富国信用债A
2018-12-04,1.032,0.0,000191,富国信用债A
2018-12-05,1.033,0.0969,000191,富国信用债A
2018-12-06,1.033,0.0,000191,富国信用债A
2018-12-07,1.034,0.0968,000191,富国信用债A
2018-12-10,1.034,0.0,000191,富国信用债A
2018-12-11,1.032,0.0967,000191,富国信用债A
2018-12-12,1.032,0.0,000191,富国信用债A
2018-12-13,1.031,-0.0969,000191,富国信用债A
2018-12-14,1.031,0.0,000191,富国信用债A
2018-12-17,1.03,-0.097,000191,富国信用债A
2018-12-18,1.03,0.0,000191,富国信用债A
2018-12-19,1.03,0.0,000191,富国信用债A
2018-12-20,1.03,0.0,000191,富国信用债A
2018-12-21,1.03,0.0,000191,富国信用债A
2018-12-24,1.03,0.0,000191,富国信用债A
2018-12-25,1.031,0.0971,000191,富国信用债A
2018-12-26,1.031,0.0,000191,富国信用债A
2018-12-27,1.031,0.0,000191,富国信用债A
2018-12-28,1.032,0.097,000191,富国信用债A
2018-12-31,1.032,0.0,000191,富国信用债A
2019-01-02,1.034,0.1938,000191,富国信用债A
2019-01-03,1.035,0.0967,000191,富国信用债A
2019-01-04,1.036,0.0966,000191,富国信用债A
2019-01-07,1.037,0.0965,000191,富国信用债A
2019-01-08,1.038,0.0964,000191,富国信用债A
2019-01-09,1.035,0.0963,000191,富国信用债A
2019-01-10,1.036,0.0966,000191,富国信用债A
2019-01-11,1.036,0.0,000191,富国信用债A
2019-01-14,1.036,0.0,000191,富国信用债A
2019-01-15,1.036,0.0,000191,富国信用债A
2019-01-16,1.036,0.0,000191,富国信用债A
2019-01-17,1.037,0.0965,000191,富国信用债A
2019-01-18,1.037,0.0,000191,富国信用债A
2019-01-21,1.037,0.0,000191,富国信用债A
2019-01-22,1.038,0.0964,000191,富国信用债A
2019-01-23,1.037,-0.0963,000191,富国信用债A
2019-01-24,1.037,0.0,000191,富国信用债A
2019-01-25,1.037,0.0,000191,富国信用债A
2019-01-28,1.037,0.0,000191,富国信用债A
2019-01-29,1.038,0.0964,000191,富国信用债A
2019-01-30,1.038,0.0,000191,富国信用债A
2019-01-31,1.038,0.0,000191,富国信用债A
2019-02-01,1.039,0.0963,000191,富国信用债A
2019-02-11,1.04,0.0962,000191,富国信用债A
2019-02-12,1.041,0.0962,000191,富国信用债A
2019-02-13,1.041,0.0,000191,富国信用债A
2019-02-14,1.041,0.0,000191,富国信用债A
2019-02-15,1.041,0.0,000191,富国信用债A
2019-02-18,1.038,0.0,000191,富国信用债A
2019-02-19,1.038,0.0,000191,富国信用债A
2019-02-20,1.038,0.0,000191,富国信用债A
2019-02-21,1.038,0.0,000191,富国信用债A
2019-02-22,1.038,0.0,000191,富国信用债A
2019-02-25,1.038,0.0,000191,富国信用债A
2019-02-26,1.038,0.0,000191,富国信用债A
2019-02-27,1.037,-0.0963,000191,富国信用债A
2019-02-28,1.037,0.0,000191,富国信用债A
2019-03-01,1.037,0.0,000191,富国信用债A
2019-03-04,1.037,0.0,000191,富国信用债A
2019-03-05,1.036,-0.0964,000191,富国信用债A
2019-03-06,1.0361,0.0097,000191,富国信用债A
2019-03-07,1.0366,0.0483,000191,富国信用债A
2019-03-08,1.0377,0.1061,000191,富国信用债A
2019-03-11,1.0378,0.0096,000191,富国信用债A
2019-03-12,1.0379,0.0096,000191,富国信用债A
2019-03-13,1.0379,0.0,000191,富国信用债A
2019-03-14,1.0378,-0.0096,000191,富国信用债A
2019-03-15,1.0377,-0.0096,000191,富国信用债A
2019-03-18,1.0379,0.0193,000191,富国信用债A
2019-03-19,1.0379,0.0,000191,富国信用债A
2019-03-20,1.038,0.0096,000191,富国信用债A
2019-03-21,1.0383,0.0289,000191,富国信用债A
2019-03-22,1.0387,0.0385,000191,富国信用债A
2019-03-25,1.0396,0.0866,000191,富国信用债A
2019-03-26,1.04,0.0385,000191,富国信用债A
2019-03-27,1.0404,0.0385,000191,富国信用债A
2019-03-28,1.0408,0.0384,000191,富国信用债A
2019-03-29,1.0411,0.0288,000191,富国信用债A
2019-04-01,1.0407,-0.0384,000191,富国信用债A
2019-04-02,1.0404,-0.0288,000191,富国信用债A
2019-04-03,1.0396,-0.0769,000191,富国信用债A
2019-04-04,1.0393,-0.0289,000191,富国信用债A
2019-04-08,1.0394,0.0096,000191,富国信用债A
2019-04-09,1.0387,-0.0673,000191,富国信用债A
2019-04-10,1.0385,-0.0193,000191,富国信用债A
2019-04-11,1.0387,0.0193,000191,富国信用债A
2019-04-12,1.0388,0.0096,000191,富国信用债A
2019-04-15,1.0376,-0.1155,000191,富国信用债A
2019-04-16,1.0372,-0.0386,000191,富国信用债A
2019-04-17,1.0373,0.0096,000191,富国信用债A
2019-04-18,1.0375,0.0193,000191,富国信用债A
2019-04-19,1.038,0.0482,000191,富国信用债A
2019-04-22,1.0382,0.0193,000191,富国信用债A
2019-04-23,1.0382,0.0,000191,富国信用债A
2019-04-24,1.038,-0.0193,000191,富国信用债A
2019-04-25,1.0382,0.0193,000191,富国信用债A
2019-04-26,1.0385,0.0289,000191,富国信用债A
2019-04-29,1.0384,-0.0096,000191,富国信用债A
2019-04-30,1.0396,0.1156,000191,富国信用债A
2019-05-06,1.0418,0.2116,000191,富国信用债A
2019-05-07,1.0426,0.0768,000191,富国信用债A
2019-05-08,1.0433,0.0671,000191,富国信用债A
2019-05-09,1.0446,0.1246,000191,富国信用债A
2019-05-10,1.0451,0.0479,000191,富国信用债A
2019-05-13,1.0463,0.1148,000191,富国信用债A
2019-05-14,1.0469,0.0573,000191,富国信用债A
2019-05-15,1.0475,0.0573,000191,富国信用债A
2019-05-16,1.0478,0.0286,000191,富国信用债A
2019-05-17,1.0483,0.0477,000191,富国信用债A
2019-05-20,1.049,0.0668,000191,富国信用债A
2019-05-21,1.0489,-0.0095,000191,富国信用债A
2019-05-22,1.0489,0.0,000191,富国信用债A
2019-05-23,1.049,0.0095,000191,富国信用债A
2019-05-24,1.0493,0.0286,000191,富国信用债A
2019-05-27,1.0486,-0.0667,000191,富国信用债A
2019-05-28,1.0487,0.0095,000191,富国信用债A
2019-05-29,1.0491,0.0381,000191,富国信用债A
2019-05-30,1.0493,0.0191,000191,富国信用债A
2019-05-31,1.0498,0.0477,000191,富国信用债A
2019-06-03,1.0502,0.0381,000191,富国信用债A
2019-06-04,1.0505,0.0286,000191,富国信用债A
2019-06-05,1.0507,0.019,000191,富国信用债A
2019-06-06,1.051,0.0286,000191,富国信用债A
2019-06-10,1.0512,0.019,000191,富国信用债A
2019-06-11,1.051,-0.019,000191,富国信用债A
2019-06-12,1.0512,0.019,000191,富国信用债A
2019-06-13,1.0511,-0.0095,000191,富国信用债A
2019-06-14,1.0507,-0.0381,000191,富国信用债A
2019-06-17,1.0508,0.0095,000191,富国信用债A
2019-06-18,1.0508,0.0,000191,富国信用债A
2019-06-19,1.0512,0.0381,000191,富国信用债A
2019-06-20,1.0518,0.0571,000191,富国信用债A
2019-06-21,1.0521,0.0285,000191,富国信用债A
2019-06-24,1.0529,0.076,000191,富国信用债A
2019-06-25,1.0532,0.0285,000191,富国信用债A
2019-06-26,1.0536,0.038,000191,富国信用债A
2019-06-27,1.0539,0.0285,000191,富国信用债A
2019-06-28,1.0543,0.038,000191,富国信用债A
2019-06-30,1.0545,0.0,000191,富国信用债A
2019-07-01,1.0549,0.0569,000191,富国信用债A
2019-07-02,1.0556,0.0664,000191,富国信用债A
2019-07-03,1.0563,0.0663,000191,富国信用债A
2019-07-04,1.057,0.0663,000191,富国信用债A
2019-07-05,1.0571,0.0095,000191,富国信用债A
2019-07-08,1.0573,0.0189,000191,富国信用债A
2019-07-09,1.0573,0.0,000191,富国信用债A
2019-07-10,1.0575,0.0189,000191,富国信用债A
2019-07-11,1.0578,0.0284,000191,富国信用债A
2019-07-12,1.058,0.0189,000191,富国信用债A
2019-07-15,1.0584,0.0378,000191,富国信用债A
2019-07-16,1.0586,0.0189,000191,富国信用债A
2019-07-17,1.0585,-0.0094,000191,富国信用债A
2019-07-18,1.0586,0.0094,000191,富国信用债A
2019-07-19,1.0588,0.0189,000191,富国信用债A
2019-07-22,1.0593,0.0472,000191,富国信用债A
2019-07-23,1.0596,0.0283,000191,富国信用债A
2019-07-24,1.0598,0.0189,000191,富国信用债A
2019-07-25,1.0599,0.0094,000191,富国信用债A
2019-07-26,1.0602,0.0283,000191,富国信用债A
2019-07-29,1.0605,0.0283,000191,富国信用债A
2019-07-30,1.0604,-0.0094,000191,富国信用债A
2019-07-31,1.0609,0.0472,000191,富国信用债A
2019-08-01,1.0614,0.0471,000191,富国信用债A
2019-08-02,1.0624,0.0942,000191,富国信用债A
2019-08-05,1.0635,0.1035,000191,富国信用债A
2019-08-06,1.0639,0.0376,000191,富国信用债A
2019-08-07,1.0644,0.047,000191,富国信用债A
2019-08-08,1.0646,0.0188,000191,富国信用债A
2019-08-09,1.065,0.0376,000191,富国信用债A
2019-08-12,1.0653,0.0282,000191,富国信用债A
2019-08-13,1.0659,0.0563,000191,富国信用债A
2019-08-14,1.0662,0.0281,000191,富国信用债A
2019-08-15,1.0666,0.0375,000191,富国信用债A
2019-08-16,1.0667,0.0094,000191,富国信用债A
2019-08-19,1.067,0.0281,000191,富国信用债A
2019-08-20,1.0672,0.0187,000191,富国信用债A
2019-08-21,1.0672,0.0,000191,富国信用债A
2019-08-22,1.0672,0.0,000191,富国信用债A
2019-08-23,1.0672,0.0,000191,富国信用债A
2019-08-26,1.0676,0.0375,000191,富国信用债A
2019-08-27,1.0676,0.0,000191,富国信用债A
2019-08-28,1.0676,0.0,000191,富国信用债A
2019-08-29,1.0675,-0.0094,000191,富国信用债A
2019-08-30,1.0675,0.0,000191,富国信用债A
2019-09-02,1.0677,0.0187,000191,富国信用债A
2019-09-03,1.0677,0.0,000191,富国信用债A
2019-09-04,1.0679,0.0187,000191,富国信用债A
2019-09-05,1.0685,0.0562,000191,富国信用债A
2019-09-06,1.0688,0.0281,000191,富国信用债A
2019-09-09,1.0691,0.0281,000191,富国信用债A
2019-09-10,1.0692,0.0094,000191,富国信用债A
2019-09-11,1.0693,0.0094,000191,富国信用债A
2019-09-12,1.069,-0.0281,000191,富国信用债A
2019-09-16,1.0694,0.0374,000191,富国信用债A
2019-09-17,1.0695,0.0094,000191,富国信用债A
2019-09-18,1.0692,-0.0281,000191,富国信用债A
2019-09-19,1.0694,0.0187,000191,富国信用债A
2019-09-20,1.0694,0.0,000191,富国信用债A
2019-09-23,1.0697,0.0281,000191,富国信用债A
2019-09-24,1.0696,-0.0093,000191,富国信用债A
2019-09-25,1.0696,0.0,000191,富国信用债A
2019-09-26,1.0695,-0.0093,000191,富国信用债A
2019-09-27,1.0696,0.0094,000191,富国信用债A
2019-09-30,1.0701,0.0467,000191,富国信用债A
2019-10-08,1.0711,0.0934,000191,富国信用债A
2019-10-09,1.0711,0.0,000191,富国信用债A
2019-10-10,1.0711,0.0,000191,富国信用债A
2019-10-11,1.0711,0.0,000191,富国信用债A
2019-10-14,1.0712,0.0093,000191,富国信用债A
2019-10-15,1.0711,-0.0093,000191,富国信用债A
2019-10-16,1.0712,0.0093,000191,富国信用债A
2019-10-17,1.0714,0.0187,000191,富国信用债A
2019-10-18,1.0714,0.0,000191,富国信用债A
2019-10-21,1.0714,0.0,000191,富国信用债A
2019-10-22,1.0714,0.0,000191,富国信用债A
2019-10-23,1.0714,0.0,000191,富国信用债A
2019-10-24,1.0713,-0.0093,000191,富国信用债A
2019-10-25,1.0713,0.0,000191,富国信用债A
2019-10-28,1.0711,-0.0187,000191,富国信用债A
2019-10-29,1.0708,-0.028,000191,富国信用债A
2019-10-30,1.0703,-0.0467,000191,富国信用债A
2019-10-31,1.07,-0.028,000191,富国信用债A
2019-11-01,1.07,0.0,000191,富国信用债A
2019-11-04,1.0702,0.0187,000191,富国信用债A
2019-11-05,1.0707,0.0467,000191,富国信用债A
2019-11-06,1.0711,0.0374,000191,富国信用债A
2019-11-07,1.0713,0.0187,000191,富国信用债A
2019-11-08,1.0717,0.0373,000191,富国信用债A
2019-11-11,1.0723,0.056,000191,富国信用债A
2019-11-12,1.0727,0.0373,000191,富国信用债A
2019-11-13,1.0732,0.0466,000191,富国信用债A
2019-11-14,1.0732,0.0,000191,富国信用债A
2019-11-15,1.0735,0.028,000191,富国信用债A
2019-11-18,1.0744,0.0838,000191,富国信用债A
2019-11-19,1.0751,0.0652,000191,富国信用债A
2019-11-20,1.0757,0.0558,000191,富国信用债A
2019-11-21,1.0762,0.0465,000191,富国信用债A
2019-11-22,1.0764,0.0186,000191,富国信用债A
2019-11-25,1.0765,0.0093,000191,富国信用债A
2019-11-26,1.0768,0.0279,000191,富国信用债A
2019-11-27,1.077,0.0186,000191,富国信用债A
2019-11-28,1.0773,0.0279,000191,富国信用债A
2019-11-29,1.0774,0.0093,000191,富国信用债A
2019-12-02,1.0776,0.0186,000191,富国信用债A
2019-12-03,1.0778,0.0186,000191,富国信用债A
2019-12-04,1.078,0.0186,000191,富国信用债A
2019-12-05,1.0782,0.0186,000191,富国信用债A
2019-12-06,1.0783,0.0093,000191,富国信用债A
2019-12-09,1.0786,0.0278,000191,富国信用债A
2019-12-10,1.079,0.0371,000191,富国信用债A
2019-12-11,1.0793,0.0278,000191,富国信用债A
2019-12-12,1.0797,0.0371,000191,富国信用债A
2019-12-13,1.0798,0.0093,000191,富国信用债A
2019-12-16,1.08,0.0185,000191,富国信用债A
2019-12-17,1.08,0.0,000191,富国信用债A
2019-12-18,1.08,0.0,000191,富国信用债A
2019-12-19,1.0802,0.0185,000191,富国信用债A
2019-12-20,1.0806,0.037,000191,富国信用债A
2019-12-23,1.0813,0.0648,000191,富国信用债A
2019-12-24,1.0816,0.0277,000191,富国信用债A
2019-12-25,1.0821,0.0462,000191,富国信用债A
2019-12-26,1.0825,0.037,000191,富国信用债A
2019-12-27,1.0826,0.0092,000191,富国信用债A
2019-12-30,1.083,0.0369,000191,富国信用债A
2019-12-31,1.0831,0.0092,000191,富国信用债A
2020-01-02,1.0834,0.0277,000191,富国信用债A
2020-01-03,1.0839,0.0462,000191,富国信用债A
2020-01-06,1.0845,0.0554,000191,富国信用债A
2020-01-07,1.0848,0.0277,000191,富国信用债A
2020-01-08,1.0851,0.0277,000191,富国信用债A
2020-01-09,1.0856,0.0461,000191,富国信用债A
2020-01-10,1.0861,0.0461,000191,富国信用债A
2020-01-13,1.0867,0.0552,000191,富国信用债A
2020-01-14,1.0869,0.0184,000191,富国信用债A
2020-01-15,1.087,0.0092,000191,富国信用债A
2020-01-16,1.0871,0.0092,000191,富国信用债A
2020-01-17,1.0875,0.0368,000191,富国信用债A
2020-01-20,1.0882,0.0644,000191,富国信用债A
2020-01-21,1.0886,0.0368,000191,富国信用债A
2020-01-22,1.089,0.0367,000191,富国信用债A
2020-01-23,1.0894,0.0367,000191,富国信用债A
2020-02-03,1.0944,0.459,000191,富国信用债A
2020-02-04,1.0943,-0.0091,000191,富国信用债A
2020-02-05,1.0946,0.0274,000191,富国信用债A
2020-02-06,1.0947,0.0091,000191,富国信用债A
2020-02-07,1.0952,0.0457,000191,富国信用债A
2020-02-10,1.096,0.073,000191,富国信用债A
2020-02-11,1.0961,0.0091,000191,富国信用债A
2020-02-12,1.0965,0.0365,000191,富国信用债A
2020-02-13,1.0969,0.0365,000191,富国信用债A
2020-02-14,1.0972,0.0273,000191,富国信用债A
2020-02-17,1.0976,0.0365,000191,富国信用债A
2020-02-18,1.0979,0.0273,000191,富国信用债A
2020-02-19,1.0982,0.0273,000191,富国信用债A
2020-02-20,1.0985,0.0273,000191,富国信用债A
2020-02-21,1.0988,0.0273,000191,富国信用债A
2020-02-24,1.0994,0.0546,000191,富国信用债A
2020-02-25,1.0997,0.0273,000191,富国信用债A
2020-02-26,1.1001,0.0364,000191,富国信用债A
2020-02-27,1.1006,0.0455,000191,富国信用债A
2020-02-28,1.1011,0.0454,000191,富国信用债A
2020-03-02,1.1015,0.0363,000191,富国信用债A
2020-03-03,1.1015,0.0,000191,富国信用债A
2020-03-04,1.1023,0.0726,000191,富国信用债A
2020-03-05,1.1025,0.0181,000191,富国信用债A
2020-03-06,1.1031,0.0544,000191,富国信用债A
2020-03-09,1.1051,0.1813,000191,富国信用债A
2020-03-10,1.1044,-0.0633,000191,富国信用债A
2020-03-11,1.1043,-0.0091,000191,富国信用债A
2020-03-12,1.1042,-0.0091,000191,富国信用债A
2020-03-13,1.1035,-0.0634,000191,富国信用债A
2020-03-16,1.1035,0.0,000191,富国信用债A
2020-03-17,1.1029,-0.0544,000191,富国信用债A
2020-03-18,1.1029,0.0,000191,富国信用债A
2020-03-19,1.1027,-0.0181,000191,富国信用债A
2020-03-20,1.1028,0.0091,000191,富国信用债A
2020-03-23,1.1038,0.0907,000191,富国信用债A
2020-03-24,1.1043,0.0453,000191,富国信用债A
2020-03-25,1.1044,0.0091,000191,富国信用债A
2020-03-26,1.1048,0.0362,000191,富国信用债A
2020-03-27,1.1052,0.0362,000191,富国信用债A
2020-03-30,1.1054,0.0181,000191,富国信用债A
2020-03-31,1.1057,0.0271,000191,富国信用债A
2020-04-01,1.1061,0.0362,000191,富国信用债A
2020-04-02,1.1065,0.0362,000191,富国信用债A
2020-04-03,1.1067,0.0181,000191,富国信用债A
2020-04-07,1.1096,0.262,000191,富国信用债A
2020-04-08,1.1108,0.1081,000191,富国信用债A
2020-04-09,1.1116,0.072,000191,富国信用债A
2020-04-10,1.1118,0.018,000191,富国信用债A
2020-04-13,1.112,0.018,000191,富国信用债A
2020-04-14,1.1122,0.018,000191,富国信用债A
2020-04-15,1.1127,0.045,000191,富国信用债A
2020-04-16,1.1133,0.0539,000191,富国信用债A
2020-04-17,1.1135,0.018,000191,富国信用债A
2020-04-20,1.1136,0.009,000191,富国信用债A
2020-04-21,1.1137,0.009,000191,富国信用债A
2020-04-22,1.1142,0.0449,000191,富国信用债A
2020-04-23,1.1149,0.0628,000191,富国信用债A
2020-04-24,1.1155,0.0538,000191,富国信用债A
2020-04-27,1.1156,0.009,000191,富国信用债A
2020-04-28,1.1158,0.0179,000191,富国信用债A
2020-04-29,1.116,0.0179,000191,富国信用债A
2020-04-30,1.1162,0.0179,000191,富国信用债A
2020-05-06,1.1164,0.0179,000191,富国信用债A
2020-05-07,1.1155,-0.0806,000191,富国信用债A
2020-05-08,1.1149,-0.0538,000191,富国信用债A
2020-05-11,1.1139,-0.0897,000191,富国信用债A
2020-05-12,1.1134,-0.0449,000191,富国信用债A
2020-05-13,1.1133,-0.009,000191,富国信用债A
2020-05-14,1.1131,-0.018,000191,富国信用债A
2020-05-15,1.1134,0.027,000191,富国信用债A
2020-05-18,1.1134,0.0,000191,富国信用债A
2020-05-19,1.113,-0.0359,000191,富国信用债A
2020-05-20,1.1132,0.018,000191,富国信用债A
2020-05-21,1.1133,0.009,000191,富国信用债A
2020-05-22,1.1141,0.0719,000191,富国信用债A
2020-05-25,1.114,-0.009,000191,富国信用债A
2020-05-26,1.113,-0.0898,000191,富国信用债A
2020-05-27,1.1123,-0.0629,000191,富国信用债A
2020-05-28,1.1119,-0.036,000191,富国信用债A
2020-05-29,1.1117,-0.018,000191,富国信用债A
2020-06-01,1.1116,-0.009,000191,富国信用债A
2020-06-02,1.1096,-0.1799,000191,富国信用债A
2020-06-03,1.1067,-0.2614,000191,富国信用债A
2020-06-04,1.1059,-0.0723,000191,富国信用债A
2020-06-05,1.1039,-0.1808,000191,富国信用债A
2020-06-08,1.1032,-0.0634,000191,富国信用债A
2020-06-09,1.1038,0.0544,000191,富国信用债A
2020-06-10,1.104,0.0181,000191,富国信用债A
2020-06-11,1.1048,0.0725,000191,富国信用债A
2020-06-12,1.1058,0.0905,000191,富国信用债A
2020-06-15,1.1069,0.0995,000191,富国信用债A
2020-06-16,1.1062,-0.0632,000191,富国信用债A
2020-06-17,1.1058,-0.0362,000191,富国信用债A
2020-06-18,1.106,0.0181,000191,富国信用债A
2020-06-19,1.1059,-0.009,000191,富国信用债A
2020-06-22,1.1054,-0.0452,000191,富国信用债A
2020-06-23,1.1038,-0.1447,000191,富国信用债A
2020-06-24,1.104,0.0181,000191,富国信用债A
2020-06-29,1.1049,0.0815,000191,富国信用债A
2020-06-30,1.105,0.0091,000191,富国信用债A
2020-07-01,1.1054,0.0362,000191,富国信用债A
2020-07-02,1.1058,0.0362,000191,富国信用债A
2020-07-03,1.106,0.0181,000191,富国信用债A
2020-07-06,1.1045,-0.1356,000191,富国信用债A
2020-07-07,1.1023,-0.1992,000191,富国信用债A
2020-07-08,1.1012,-0.0998,000191,富国信用债A
2020-07-09,1.0982,-0.2724,000191,富国信用债A
2020-07-10,1.0974,-0.0728,000191,富国信用债A
2020-07-13,1.096,-0.1276,000191,富国信用债A
2020-07-14,1.0955,-0.0456,000191,富国信用债A
2020-07-15,1.0959,0.0365,000191,富国信用债A
2020-07-16,1.0967,0.073,000191,富国信用债A
2020-07-17,1.0974,0.0638,000191,富国信用债A
2020-07-20,1.0981,0.0638,000191,富国信用债A
2020-07-21,1.1002,0.1912,000191,富国信用债A
2020-07-22,1.1014,0.1091,000191,富国信用债A
2020-07-23,1.1023,0.0817,000191,富国信用债A
2020-07-24,1.1037,0.127,000191,富国信用债A
2020-07-27,1.1046,0.0815,000191,富国信用债A
2020-07-28,1.1047,0.0091,000191,富国信用债A
2020-07-29,1.1043,-0.0362,000191,富国信用债A
2020-07-30,1.104,-0.0272,000191,富国信用债A
2020-07-31,1.1039,-0.0091,000191,富国信用债A
2020-08-03,1.1038,-0.0091,000191,富国信用债A
2020-08-04,1.1042,0.0362,000191,富国信用债A
2020-08-05,1.1044,0.0181,000191,富国信用债A
2020-08-06,1.1047,0.0272,000191,富国信用债A
2020-08-07,1.105,0.0272,000191,富国信用债A
2020-08-10,1.1056,0.0543,000191,富国信用债A
2020-08-11,1.106,0.0362,000191,富国信用债A
2020-08-12,1.1061,0.009,000191,富国信用债A
2020-08-13,1.1065,0.0362,000191,富国信用债A
2020-08-14,1.107,0.0452,000191,富国信用债A
2020-08-17,1.1079,0.0813,000191,富国信用债A
2020-08-18,1.1083,0.0361,000191,富国信用债A
2020-08-19,1.1084,0.009,000191,富国信用债A
2020-08-20,1.1083,-0.009,000191,富国信用债A
2020-08-21,1.1081,-0.018,000191,富国信用债A
2020-08-24,1.1086,0.05,000191,富国信用债A
2020-08-25,1.1078,-0.07,000191,富国信用债A
2020-08-26,1.1071,-0.06,000191,富国信用债A
2020-08-27,1.1068,-0.03,000191,富国信用债A
2020-08-28,1.1061,-0.06,000191,富国信用债A
2020-08-31,1.1063,0.02,000191,富国信用债A
2020-09-01,1.1065,0.02,000191,富国信用债A
2020-09-02,1.106,-0.05,000191,富国信用债A
2020-09-03,1.1056,-0.04,000191,富国信用债A
2020-09-04,1.1055,-0.01,000191,富国信用债A
2020-09-07,1.1052,-0.03,000191,富国信用债A
2020-09-08,1.1051,-0.01,000191,富国信用债A
2020-09-09,1.1053,0.02,000191,富国信用债A
2020-09-10,1.1056,0.03,000191,富国信用债A
2020-09-11,1.1057,0.01,000191,富国信用债A
2020-09-14,1.106,0.03,000191,富国信用债A
2020-09-15,1.1062,0.02,000191,富国信用债A
2020-09-16,1.1066,0.04,000191,富国信用债A
2020-09-17,1.1067,0.01,000191,富国信用债A
2020-09-18,1.1068,0.01,000191,富国信用债A
2020-09-21,1.1073,0.05,000191,富国信用债A
2020-09-22,1.1074,0.01,000191,富国信用债A
2020-09-23,1.1076,0.02,000191,富国信用债A
2020-09-24,1.1077,0.01,000191,富国信用债A
2020-09-25,1.1076,-0.01,000191,富国信用债A
2020-09-28,1.108,0.04,000191,富国信用债A
2020-09-29,1.1079,-0.01,000191,富国信用债A
2020-09-30,1.1079,0.0,000191,富国信用债A
2020-10-09,1.1086,0.06,000191,富国信用债A
2020-10-12,1.1086,0.0,000191,富国信用债A
2020-10-13,1.1089,0.03,000191,富国信用债A
2020-10-14,1.109,0.01,000191,富国信用债A
2020-10-15,1.1093,0.03,000191,富国信用债A
2020-10-16,1.1096,0.03,000191,富国信用债A
2020-10-19,1.1102,0.05,000191,富国信用债A
2020-10-20,1.1105,0.03,000191,富国信用债A
2020-10-21,1.1109,0.04,000191,富国信用债A
2020-10-22,1.1115,0.05,000191,富国信用债A
2020-10-23,1.1118,0.03,000191,富国信用债A
2020-10-26,1.1124,0.05,000191,富国信用债A
2020-10-27,1.1127,0.03,000191,富国信用债A
2020-10-28,1.1129,0.02,000191,富国信用债A
2020-10-29,1.1131,0.02,000191,富国信用债A
2020-10-30,1.1135,0.04,000191,富国信用债A
2020-11-02,1.1137,0.02,000191,富国信用债A
2020-11-03,1.114,0.03,000191,富国信用债A
2020-11-04,1.1143,0.03,000191,富国信用债A
2020-11-05,1.1146,0.03,000191,富国信用债A
2020-11-06,1.1147,0.01,000191,富国信用债A
2020-11-09,1.1149,0.02,000191,富国信用债A
2020-11-10,1.1147,-0.02,000191,富国信用债A
2020-11-11,1.1145,-0.02,000191,富国信用债A
2020-11-12,1.1138,-0.06,000191,富国信用债A
2020-11-13,1.1125,-0.12,000191,富国信用债A
2020-11-16,1.1117,-0.07,000191,富国信用债A
2020-11-17,1.1109,-0.07,000191,富国信用债A
2020-11-18,1.1098,-0.1,000191,富国信用债A
2020-11-19,1.1083,-0.14,000191,富国信用债A
2020-11-20,1.1068,-0.14,000191,富国信用债A
2020-11-23,1.1066,-0.02,000191,富国信用债A
2020-11-24,1.1068,0.02,000191,富国信用债A
2020-11-25,1.1069,0.01,000191,富国信用债A
2020-11-26,1.1072,0.03,000191,富国信用债A
2020-11-27,1.1074,0.02,000191,富国信用债A
2020-11-30,1.1084,0.09,000191,富国信用债A
2020-12-01,1.109,0.05,000191,富国信用债A
2020-12-02,1.1094,0.04,000191,富国信用债A
2020-12-03,1.1097,0.03,000191,富国信用债A
2020-12-04,1.1099,0.02,000191,富国信用债A
2020-12-07,1.1104,0.05,000191,富国信用债A
2020-12-08,1.1106,0.02,000191,富国信用债A
2020-12-09,1.1109,0.03,000191,富国信用债A
2020-12-10,1.1115,0.05,000191,富国信用债A
2020-12-11,1.1115,0.0,000191,富国信用债A
2020-12-14,1.1117,0.02,000191,富国信用债A
2020-12-15,1.1119,0.02,000191,富国信用债A
2020-12-16,1.1124,0.04,000191,富国信用债A
2020-12-17,1.1127,0.03,000191,富国信用债A
2020-12-18,1.1128,0.01,000191,富国信用债A
2020-12-21,1.1134,0.05,000191,富国信用债A
2020-12-22,1.1141,0.06,000191,富国信用债A
2020-12-23,1.1144,0.03,000191,富国信用债A
2020-12-24,1.1145,0.01,000191,富国信用债A
2020-12-25,1.1148,0.03,000191,富国信用债A
2020-12-28,1.1153,0.04,000191,富国信用债A
2020-12-29,1.1156,0.03,000191,富国信用债A
2020-12-30,1.1161,0.04,000191,富国信用债A
2020-12-31,1.1163,0.02,000191,富国信用债A
2021-01-04,1.117,0.06,000191,富国信用债A
2021-01-05,1.1173,0.03,000191,富国信用债A
2021-01-06,1.1179,0.05,000191,富国信用债A
2021-01-07,1.1189,0.09,000191,富国信用债A
2021-01-08,1.1196,0.06,000191,富国信用债A
2021-01-11,1.1204,0.07,000191,富国信用债A
2021-01-12,1.1208,0.04,000191,富国信用债A
2021-01-13,1.1211,0.03,000191,富国信用债A
2021-01-14,1.1217,0.05,000191,富国信用债A
2021-01-15,1.1218,0.01,000191,富国信用债A
2021-01-18,1.1218,0.0,000191,富国信用债A
2021-01-19,1.1217,-0.01,000191,富国信用债A
2021-01-20,1.1218,0.01,000191,富国信用债A
2021-01-21,1.1223,0.04,000191,富国信用债A
2021-01-22,1.1225,0.02,000191,富国信用债A
2021-01-25,1.1229,0.04,000191,富国信用债A
2021-01-26,1.1223,-0.05,000191,富国信用债A
2021-01-27,1.122,-0.03,000191,富国信用债A
2021-01-28,1.1212,-0.07,000191,富国信用债A
2021-01-29,1.1206,-0.05,000191,富国信用债A
2021-02-01,1.1208,0.02,000191,富国信用债A
2021-02-02,1.1212,0.04,000191,富国信用债A
2021-02-03,1.1215,0.03,000191,富国信用债A
2021-02-04,1.1213,-0.02,000191,富国信用债A
2021-02-05,1.1208,-0.04,000191,富国信用债A
2021-02-08,1.1208,0.0,000191,富国信用债A
2021-02-09,1.121,0.02,000191,富国信用债A
2021-02-10,1.1212,0.02,000191,富国信用债A
2021-02-18,1.1219,0.06,000191,富国信用债A
2021-02-19,1.122,0.01,000191,富国信用债A
2021-02-22,1.1223,0.03,000191,富国信用债A
2021-02-23,1.1228,0.04,000191,富国信用债A
2021-02-24,1.1233,0.04,000191,富国信用债A
2021-02-25,1.1235,0.02,000191,富国信用债A
2021-02-26,1.1236,0.01,000191,富国信用债A
2021-03-01,1.1242,0.05,000191,富国信用债A
2021-03-02,1.1247,0.04,000191,富国信用债A
2021-03-03,1.1251,0.04,000191,富国信用债A
2021-03-04,1.1255,0.04,000191,富国信用债A
2021-03-05,1.1257,0.02,000191,富国信用债A
2021-03-08,1.1263,0.05,000191,富国信用债A
2021-03-09,1.1265,0.02,000191,富国信用债A
2021-03-10,1.1269,0.04,000191,富国信用债A
2021-03-11,1.1272,0.03,000191,富国信用债A
2021-03-12,1.1276,0.04,000191,富国信用债A
2021-03-15,1.1277,0.01,000191,富国信用债A
2021-03-16,1.128,0.03,000191,富国信用债A
2021-03-17,1.1284,0.04,000191,富国信用债A
2021-03-18,1.1285,0.01,000191,富国信用债A
2021-03-19,1.129,0.04,000191,富国信用债A
2021-03-22,1.1295,0.04,000191,富国信用债A
2021-03-23,1.1298,0.03,000191,富国信用债A
2021-03-24,1.1304,0.05,000191,富国信用债A
2021-03-25,1.1309,0.04,000191,富国信用债A
2021-03-26,1.1311,0.02,000191,富国信用债A
2021-03-29,1.1315,0.04,000191,富国信用债A
2021-03-30,1.1318,0.03,000191,富国信用债A
2021-03-31,1.132,0.02,000191,富国信用债A
2021-04-01,1.1323,0.03,000191,富国信用债A
2021-04-02,1.1325,0.02,000191,富国信用债A
2021-04-06,1.133,0.04,000191,富国信用债A
2021-04-07,1.1331,0.01,000191,富国信用债A
2021-04-08,1.1331,0.0,000191,富国信用债A
2021-04-09,1.1334,0.03,000191,富国信用债A
2021-04-12,1.1338,0.04,000191,富国信用债A
2021-04-13,1.1345,0.06,000191,富国信用债A
2021-04-14,1.1349,0.04,000191,富国信用债A
2021-04-15,1.1354,0.04,000191,富国信用债A
2021-04-16,1.1356,0.02,000191,富国信用债A
2021-04-19,1.1361,0.04,000191,富国信用债A
2021-04-20,1.1365,0.04,000191,富国信用债A
2021-04-21,1.1368,0.03,000191,富国信用债A
2021-04-22,1.1371,0.03,000191,富国信用债A
2021-04-23,1.1374,0.03,000191,富国信用债A
2021-04-26,1.1376,0.02,000191,富国信用债A
2021-04-27,1.1375,-0.01,000191,富国信用债A
2021-04-28,1.1377,0.02,000191,富国信用债A
2021-04-29,1.1379,0.02,000191,富国信用债A
2021-04-30,1.1382,0.03,000191,富国信用债A
2021-05-06,1.139,0.07,000191,富国信用债A
2021-05-07,1.1393,0.03,000191,富国信用债A
2021-05-10,1.1398,0.04,000191,富国信用债A
2021-05-11,1.1402,0.04,000191,富国信用债A
2021-05-12,1.1407,0.04,000191,富国信用债A
2021-05-13,1.1411,0.04,000191,富国信用债A
2021-05-14,1.1414,0.03,000191,富国信用债A
2021-05-17,1.1418,0.04,000191,富国信用债A
2021-05-18,1.142,0.02,000191,富国信用债A
2021-05-19,1.1424,0.04,000191,富国信用债A
2021-05-20,1.1427,0.03,000191,富国信用债A
2021-05-21,1.1432,0.04,000191,富国信用债A
2021-05-24,1.1438,0.05,000191,富国信用债A
2021-05-25,1.1441,0.03,000191,富国信用债A
2021-05-26,1.1443,0.02,000191,富国信用债A
2021-05-27,1.1445,0.02,000191,富国信用债A
2021-05-28,1.1447,0.02,000191,富国信用债A
2021-05-31,1.1449,0.02,000191,富国信用债A
2021-06-01,1.1451,0.02,000191,富国信用债A
2021-06-02,1.1453,0.02,000191,富国信用债A
2021-06-03,1.1455,0.02,000191,富国信用债A
2021-06-04,1.1456,0.01,000191,富国信用债A
2021-06-07,1.1456,0.0,000191,富国信用债A
2021-06-08,1.1452,-0.03,000191,富国信用债A
2021-06-09,1.145,-0.02,000191,富国信用债A
2021-06-10,1.1451,0.01,000191,富国信用债A
2021-06-11,1.1452,0.01,000191,富国信用债A
2021-06-15,1.1454,0.02,000191,富国信用债A
2021-06-16,1.1454,0.0,000191,富国信用债A
2021-06-17,1.1453,-0.01,000191,富国信用债A
2021-06-18,1.1454,0.01,000191,富国信用债A
2021-06-21,1.1457,0.03,000191,富国信用债A
2021-06-22,1.1458,0.01,000191,富国信用债A
2021-06-23,1.146,0.02,000191,富国信用债A
2021-06-24,1.1463,0.03,000191,富国信用债A
2021-06-25,1.1466,0.03,000191,富国信用债A
2021-06-28,1.1471,0.04,000191,富国信用债A
2021-06-29,1.1473,0.02,000191,富国信用债A
2021-06-30,1.1477,0.03,000191,富国信用债A
2021-07-01,1.1481,0.03,000191,富国信用债A
2021-07-02,1.1485,0.03,000191,富国信用债A
2021-07-05,1.1491,0.05,000191,富国信用债A
2021-07-06,1.1495,0.03,000191,富国信用债A
2021-07-07,1.1499,0.03,000191,富国信用债A
2021-07-08,1.1511,0.1,000191,富国信用债A
2021-07-09,1.1513,0.02,000191,富国信用债A
2021-07-12,1.1522,0.08,000191,富国信用债A
2021-07-13,1.1529,0.06,000191,富国信用债A
2021-07-14,1.1534,0.04,000191,富国信用债A
2021-07-15,1.1536,0.02,000191,富国信用债A
2021-07-16,1.154,0.03,000191,富国信用债A
2021-07-19,1.1545,0.04,000191,富国信用债A
2021-07-20,1.1548,0.03,000191,富国信用债A
2021-07-21,1.1552,0.03,000191,富国信用债A
2021-07-22,1.1556,0.03,000191,富国信用债A
2021-07-23,1.156,0.03,000191,富国信用债A
2021-07-26,1.1567,0.06,000191,富国信用债A
2021-07-27,1.1567,0.0,000191,富国信用债A
2021-07-28,1.1567,0.0,000191,富国信用债A
2021-07-29,1.1569,0.02,000191,富国信用债A
2021-07-30,1.1573,0.03,000191,富国信用债A
2021-08-02,1.1578,0.04,000191,富国信用债A
2021-08-03,1.158,0.02,000191,富国信用债A
2021-08-04,1.1582,0.02,000191,富国信用债A
2021-08-05,1.1585,0.03,000191,富国信用债A
2021-08-06,1.1588,0.03,000191,富国信用债A
2021-08-09,1.1588,0.0,000191,富国信用债A
2021-08-10,1.1588,0.0,000191,富国信用债A
2021-08-11,1.1589,0.01,000191,富国信用债A
2021-08-12,1.1591,0.02,000191,富国信用债A
2021-08-13,1.1592,0.01,000191,富国信用债A
2021-08-16,1.1594,0.02,000191,富国信用债A
2021-08-17,1.1596,0.02,000191,富国信用债A
2021-08-18,1.1599,0.03,000191,富国信用债A
2021-08-19,1.1602,0.03,000191,富国信用债A
2021-08-20,1.1604,0.02,000191,富国信用债A
2021-08-23,1.1608,0.03,000191,富国信用债A
2021-08-24,1.1608,0.0,000191,富国信用债A
2021-08-25,1.1609,0.01,000191,富国信用债A
2021-08-26,1.1604,-0.04,000191,富国信用债A
2021-08-27,1.1605,0.01,000191,富国信用债A
2021-08-30,1.1607,0.02,000191,富国信用债A
2021-08-31,1.161,0.03,000191,富国信用债A
2021-09-01,1.1614,0.03,000191,富国信用债A
2021-09-02,1.1615,0.01,000191,富国信用债A
2021-09-03,1.1616,0.01,000191,富国信用债A
2021-09-06,1.1618,0.02,000191,富国信用债A
2021-09-07,1.162,0.02,000191,富国信用债A
2021-09-08,1.1618,-0.02,000191,富国信用债A
2021-09-09,1.1618,0.0,000191,富国信用债A
2021-09-10,1.1619,0.01,000191,富国信用债A
2021-09-13,1.162,0.01,000191,富国信用债A
2021-09-14,1.1617,-0.03,000191,富国信用债A
2021-09-15,1.1617,0.0,000191,富国信用债A
2021-09-16,1.1614,-0.03,000191,富国信用债A
2021-09-17,1.1612,-0.02,000191,富国信用债A
2021-09-22,1.1615,0.03,000191,富国信用债A
2021-09-23,1.1612,-0.03,000191,富国信用债A
2021-09-24,1.1608,-0.03,000191,富国信用债A
2021-09-27,1.1606,-0.02,000191,富国信用债A
2021-09-28,1.1602,-0.03,000191,富国信用债A
2021-09-29,1.1602,0.0,000191,富国信用债A
2021-09-30,1.1606,0.03,000191,富国信用债A
2021-10-08,1.1611,0.04,000191,富国信用债A
2021-10-11,1.1607,-0.03,000191,富国信用债A
2021-10-12,1.1604,-0.03,000191,富国信用债A
2021-10-13,1.16,-0.03,000191,富国信用债A
2021-10-14,1.1603,0.03,000191,富国信用债A
2021-10-15,1.1609,0.05,000191,富国信用债A
2021-10-18,1.1605,-0.03,000191,富国信用债A
2021-10-19,1.1608,0.03,000191,富国信用债A
2021-10-20,1.1612,0.03,000191,富国信用债A
2021-10-21,1.1619,0.06,000191,富国信用债A
2021-10-22,1.1622,0.03,000191,富国信用债A
2021-10-25,1.1627,0.04,000191,富国信用债A
2021-10-26,1.1631,0.03,000191,富国信用债A
2021-10-27,1.1638,0.06,000191,富国信用债A
2021-10-28,1.1646,0.07,000191,富国信用债A
2021-10-29,1.1652,0.05,000191,富国信用债A
2021-11-01,1.1659,0.06,000191,富国信用债A
2021-11-02,1.1664,0.04,000191,富国信用债A
2021-11-03,1.167,0.05,000191,富国信用债A
2021-11-04,1.1675,0.04,000191,富国信用债A
2021-11-05,1.1683,0.07,000191,富国信用债A
2021-11-08,1.1686,0.03,000191,富国信用债A
2021-11-09,1.1683,-0.03,000191,富国信用债A
2021-11-10,1.1687,0.03,000191,富国信用债A
2021-11-11,1.1686,-0.01,000191,富国信用债A
2021-11-12,1.1687,0.01,000191,富国信用债A
2021-11-15,1.1693,0.05,000191,富国信用债A
2021-11-16,1.1695,0.02,000191,富国信用债A
2021-11-17,1.1698,0.03,000191,富国信用债A
2021-11-18,1.1704,0.05,000191,富国信用债A
2021-11-19,1.1705,0.01,000191,富国信用债A
2021-11-22,1.1712,0.06,000191,富国信用债A
2021-11-23,1.1713,0.01,000191,富国信用债A
2021-11-24,1.1716,0.03,000191,富国信用债A
2021-11-25,1.1718,0.02,000191,富国信用债A
2021-11-26,1.1724,0.05,000191,富国信用债A
2021-11-29,1.1727,0.03,000191,富国信用债A
2021-11-30,1.1726,-0.01,000191,富国信用债A
2021-12-01,1.1727,0.01,000191,富国信用债A
2021-12-02,1.1727,0.0,000191,富国信用债A
2021-12-03,1.1727,0.0,000191,富国信用债A
2021-12-06,1.1738,0.09,000191,富国信用债A
2021-12-07,1.1738,0.0,000191,富国信用债A
2021-12-08,1.1738,0.0,000191,富国信用债A
2021-12-09,1.1738,0.0,000191,富国信用债A
2021-12-10,1.1742,0.03,000191,富国信用债A
2021-12-13,1.1746,0.03,000191,富国信用债A
2021-12-14,1.1748,0.02,000191,富国信用债A
2021-12-15,1.175,0.02,000191,富国信用债A
2021-12-16,1.1749,-0.01,000191,富国信用债A
2021-12-17,1.1751,0.02,000191,富国信用债A
2021-12-20,1.1753,0.02,000191,富国信用债A
2021-12-21,1.175,-0.03,000191,富国信用债A
2021-12-22,1.1751,0.01,000191,富国信用债A
2021-12-23,1.1754,0.03,000191,富国信用债A
2021-12-24,1.1757,0.03,000191,富国信用债A
2021-12-27,1.1764,0.06,000191,富国信用债A
2021-12-28,1.1768,0.03,000191,富国信用债A
2021-12-29,1.1774,0.05,000191,富国信用债A
2021-12-30,1.1781,0.06,000191,富国信用债A
2021-12-31,1.1788,0.06,000191,富国信用债A
2022-01-04,1.1791,0.03,000191,富国信用债A
2022-01-05,1.1792,0.01,000191,富国信用债A
2022-01-06,1.1789,-0.03,000191,富国信用债A
2022-01-07,1.179,0.01,000191,富国信用债A
2022-01-10,1.1797,0.06,000191,富国信用债A
2022-01-11,1.1801,0.03,000191,富国信用债A
2022-01-12,1.1807,0.05,000191,富国信用债A
2022-01-13,1.1808,0.01,000191,富国信用债A
2022-01-14,1.181,0.02,000191,富国信用债A
2022-01-17,1.1817,0.06,000191,富国信用债A
2022-01-18,1.1825,0.07,000191,富国信用债A
2022-01-19,1.184,0.13,000191,富国信用债A
2022-01-20,1.1843,0.03,000191,富国信用债A
2022-01-21,1.1848,0.04,000191,富国信用债A
2022-01-24,1.1858,0.08,000191,富国信用债A
2022-01-25,1.1858,0.0,000191,富国信用债A
2022-01-26,1.1855,-0.03,000191,富国信用债A
2022-01-27,1.1853,-0.02,000191,富国信用债A
2022-01-28,1.1858,0.04,000191,富国信用债A
2022-02-07,1.1867,0.08,000191,富国信用债A
2022-02-08,1.1868,0.01,000191,富国信用债A
2022-02-09,1.1867,-0.01,000191,富国信用债A
2022-02-10,1.1869,0.02,000191,富国信用债A
2022-02-11,1.1855,-0.12,000191,富国信用债A
2022-02-14,1.1852,-0.03,000191,富国信用债A
2022-02-15,1.185,-0.02,000191,富国信用债A
2022-02-16,1.1852,0.02,000191,富国信用债A
2022-02-17,1.1856,0.03,000191,富国信用债A
2022-02-18,1.1855,-0.01,000191,富国信用债A
2022-02-21,1.185,-0.04,000191,富国信用债A
2022-02-22,1.1841,-0.08,000191,富国信用债A
2022-02-23,1.1841,0.0,000191,富国信用债A
2022-02-24,1.1842,0.01,000191,富国信用债A
2022-02-25,1.1842,0.0,000191,富国信用债A
2022-02-28,1.1846,0.03,000191,富国信用债A
2022-03-01,1.1843,-0.03,000191,富国信用债A
2022-03-02,1.1838,-0.04,000191,富国信用债A
2022-03-03,1.183,-0.07,000191,富国信用债A
2022-03-04,1.1827,-0.03,000191,富国信用债A
2022-03-07,1.1825,-0.02,000191,富国信用债A
2022-03-08,1.1823,-0.02,000191,富国信用债A
2022-03-09,1.1813,-0.08,000191,富国信用债A
2022-03-10,1.1808,-0.04,000191,富国信用债A
2022-03-11,1.1808,0.0,000191,富国信用债A
2022-03-14,1.1828,0.17,000191,富国信用债A
2022-03-15,1.1814,-0.12,000191,富国信用债A
2022-03-16,1.1813,-0.01,000191,富国信用债A
2022-03-17,1.1812,-0.01,000191,富国信用债A
2022-03-18,1.1819,0.06,000191,富国信用债A
2022-03-21,1.1822,0.03,000191,富国信用债A
2022-03-22,1.1818,-0.03,000191,富国信用债A
2022-03-23,1.1819,0.01,000191,富国信用债A
2022-03-24,1.1821,0.02,000191,富国信用债A
2022-03-25,1.1827,0.05,000191,富国信用债A
2022-03-28,1.1835,0.07,000191,富国信用债A
2022-03-29,1.1838,0.03,000191,富国信用债A
2022-03-30,1.1843,0.04,000191,富国信用债A
2022-03-31,1.1847,0.03,000191,富国信用债A
2022-04-01,1.1856,0.08,000191,富国信用债A
2022-04-06,1.1866,0.08,000191,富国信用债A
2022-04-07,1.1875,0.08,000191,富国信用债A
2022-04-08,1.188,0.04,000191,富国信用债A
2022-04-11,1.1882,0.02,000191,富国信用债A
2022-04-12,1.1882,0.0,000191,富国信用债A
2022-04-13,1.1885,0.03,000191,富国信用债A
2022-04-14,1.1893,0.07,000191,富国信用债A
2022-04-15,1.1896,0.03,000191,富国信用债A
2022-04-18,1.1893,-0.03,000191,富国信用债A
2022-04-19,1.1895,0.02,000191,富国信用债A
2022-04-20,1.1894,-0.01,000191,富国信用债A
2022-04-21,1.1897,0.03,000191,富国信用债A
2022-04-22,1.1901,0.03,000191,富国信用债A
2022-04-25,1.1908,0.06,000191,富国信用债A
2022-04-26,1.1912,0.03,000191,富国信用债A
2022-04-27,1.1915,0.03,000191,富国信用债A
2022-04-28,1.1914,-0.01,000191,富国信用债A
2022-04-29,1.1916,0.02,000191,富国信用债A
2022-05-05,1.1923,0.06,000191,富国信用债A
2022-05-06,1.1926,0.03,000191,富国信用债A
2022-05-09,1.1933,0.06,000191,富国信用债A
2022-05-10,1.1942,0.08,000191,富国信用债A
2022-05-11,1.1946,0.03,000191,富国信用债A
2022-05-12,1.1951,0.04,000191,富国信用债A
2022-05-13,1.1958,0.06,000191,富国信用债A
2022-05-16,1.196,0.02,000191,富国信用债A
2022-05-17,1.1966,0.05,000191,富国信用债A
2022-05-18,1.1973,0.06,000191,富国信用债A
2022-05-19,1.1977,0.03,000191,富国信用债A
2022-05-20,1.1976,-0.01,000191,富国信用债A
2022-05-23,1.1983,0.06,000191,富国信用债A
2022-05-24,1.1986,0.03,000191,富国信用债A
2022-05-25,1.1986,0.0,000191,富国信用债A
2022-05-26,1.1994,0.07,000191,富国信用债A
2022-05-27,1.1997,0.03,000191,富国信用债A
2022-05-30,1.1996,-0.01,000191,富国信用债A
2022-05-31,1.1987,-0.08,000191,富国信用债A
2022-06-01,1.1983,-0.03,000191,富国信用债A
2022-06-02,1.1976,-0.06,000191,富国信用债A
2022-06-06,1.1969,-0.06,000191,富国信用债A
2022-06-07,1.1966,-0.03,000191,富国信用债A
2022-06-08,1.1967,0.01,000191,富国信用债A
2022-06-09,1.1974,0.06,000191,富国信用债A
2022-06-10,1.1977,0.03,000191,富国信用债A
2022-06-13,1.1979,0.02,000191,富国信用债A
2022-06-14,1.1979,0.0,000191,富国信用债A
2022-06-15,1.198,0.01,000191,富国信用债A
2022-06-16,1.1983,0.03,000191,富国信用债A
2022-06-17,1.1989,0.05,000191,富国信用债A
2022-06-20,1.1991,0.02,000191,富国信用债A
2022-06-21,1.199,-0.01,000191,富国信用债A
2022-06-22,1.1993,0.03,000191,富国信用债A
2022-06-23,1.1997,0.03,000191,富国信用债A
2022-06-24,1.1999,0.02,000191,富国信用债A
2022-06-27,1.1993,-0.05,000191,富国信用债A
2022-06-28,1.1992,-0.01,000191,富国信用债A
2022-06-29,1.1992,0.0,000191,富国信用债A
2022-06-30,1.1996,0.03,000191,富国信用债A
2022-07-01,1.2001,0.04,000191,富国信用债A
2022-07-04,1.1998,-0.02,000191,富国信用债A
2022-07-05,1.1996,-0.02,000191,富国信用债A
2022-07-06,1.1999,0.03,000191,富国信用债A
2022-07-07,1.2002,0.03,000191,富国信用债A
2022-07-08,1.2007,0.04,000191,富国信用债A
2022-07-11,1.2013,0.05,000191,富国信用债A
2022-07-12,1.2021,0.07,000191,富国信用债A
2022-07-13,1.2026,0.04,000191,富国信用债A
2022-07-14,1.2032,0.05,000191,富国信用债A
2022-07-15,1.2037,0.04,000191,富国信用债A
2022-07-18,1.2045,0.07,000191,富国信用债A
2022-07-19,1.2048,0.02,000191,富国信用债A
2022-07-20,1.2053,0.04,000191,富国信用债A
2022-07-21,1.206,0.06,000191,富国信用债A
2022-07-22,1.2062,0.02,000191,富国信用债A
2022-07-25,1.2067,0.04,000191,富国信用债A
2022-07-26,1.2073,0.05,000191,富国信用债A
2022-07-27,1.2077,0.03,000191,富国信用债A
2022-07-28,1.2076,-0.01,000191,富国信用债A
2022-07-29,1.2084,0.07,000191,富国信用债A
2022-08-01,1.2095,0.09,000191,富国信用债A
2022-08-02,1.2102,0.06,000191,富国信用债A
2022-08-03,1.2107,0.04,000191,富国信用债A
2022-08-04,1.2113,0.05,000191,富国信用债A
2022-08-05,1.2114,0.01,000191,富国信用债A
2022-08-08,1.2113,-0.01,000191,富国信用债A
2022-08-09,1.2108,-0.04,000191,富国信用债A
2022-08-10,1.2108,0.0,000191,富国信用债A
2022-08-11,1.2105,-0.02,000191,富国信用债A
2022-08-12,1.2104,-0.01,000191,富国信用债A
2022-08-15,1.2119,0.12,000191,富国信用债A
2022-08-16,1.2131,0.1,000191,富国信用债A
2022-08-17,1.2132,0.01,000191,富国信用债A
2022-08-18,1.2137,0.04,000191,富国信用债A
2022-08-19,1.2139,0.02,000191,富国信用债A
2022-08-22,1.2141,0.02,000191,富国信用债A
2022-08-23,1.2139,-0.02,000191,富国信用债A
2022-08-24,1.2138,-0.01,000191,富国信用债A
2022-08-25,1.2132,-0.05,000191,富国信用债A
2022-08-26,1.2129,-0.02,000191,富国信用债A
2022-08-29,1.2132,0.02,000191,富国信用债A
2022-08-30,1.2135,0.02,000191,富国信用债A
2022-08-31,1.2139,0.03,000191,富国信用债A
2022-09-01,1.2143,0.03,000191,富国信用债A
2022-09-02,1.2147,0.03,000191,富国信用债A
2022-09-05,1.2153,0.05,000191,富国信用债A
2022-09-06,1.2156,0.02,000191,富国信用债A
2022-09-07,1.2158,0.02,000191,富国信用债A
2022-09-08,1.2159,0.01,000191,富国信用债A
2022-09-09,1.216,0.01,000191,富国信用债A
2022-09-13,1.2164,0.03,000191,富国信用债A
2022-09-14,1.2164,0.0,000191,富国信用债A
2022-09-15,1.2165,0.01,000191,富国信用债A
2022-09-16,1.2164,-0.01,000191,富国信用债A
2022-09-19,1.2165,0.01,000191,富国信用债A
2022-09-20,1.2167,0.02,000191,富国信用债A
2022-09-21,1.2172,0.04,000191,富国信用债A
2022-09-22,1.2175,0.02,000191,富国信用债A
2022-09-23,1.2176,0.01,000191,富国信用债A
2022-09-26,1.2173,-0.02,000191,富国信用债A
2022-09-27,1.2169,-0.03,000191,富国信用债A
2022-09-28,1.2165,-0.03,000191,富国信用债A
2022-09-29,1.2162,-0.02,000191,富国信用债A
2022-09-30,1.2158,-0.03,000191,富国信用债A
2022-10-10,1.2171,0.11,000191,富国信用债A
2022-10-11,1.2174,0.02,000191,富国信用债A
2022-10-12,1.2176,0.02,000191,富国信用债A
2022-10-13,1.2179,0.02,000191,富国信用债A
2022-10-14,1.2182,0.02,000191,富国信用债A
2022-10-17,1.2188,0.05,000191,富国信用债A
2022-10-18,1.2191,0.02,000191,富国信用债A
2022-10-19,1.2193,0.02,000191,富国信用债A
2022-10-20,1.2194,0.01,000191,富国信用债A
2022-10-21,1.2195,0.01,000191,富国信用债A
2022-10-24,1.2198,0.02,000191,富国信用债A
2022-10-25,1.2195,-0.02,000191,富国信用债A
2022-10-26,1.2195,0.0,000191,富国信用债A
2022-10-27,1.2199,0.03,000191,富国信用债A
2022-10-28,1.2202,0.02,000191,富国信用债A
2022-10-31,1.2207,0.04,000191,富国信用债A
2022-11-01,1.2206,-0.01,000191,富国信用债A
2022-11-02,1.2205,-0.01,000191,富国信用债A
2022-11-03,1.2206,0.01,000191,富国信用债A
2022-11-04,1.2203,-0.02,000191,富国信用债A
2022-11-07,1.2203,0.0,000191,富国信用债A
2022-11-08,1.2198,-0.04,000191,富国信用债A
2022-11-09,1.2194,-0.03,000191,富国信用债A
2022-11-10,1.2187,-0.06,000191,富国信用债A
2022-11-11,1.2175,-0.1,000191,富国信用债A
2022-11-14,1.2139,-0.3,000191,富国信用债A
2022-11-15,1.2122,-0.14,000191,富国信用债A
2022-11-16,1.2096,-0.21,000191,富国信用债A
2022-11-17,1.2082,-0.12,000191,富国信用债A
2022-11-18,1.2078,-0.03,000191,富国信用债A
2022-11-21,1.2085,0.06,000191,富国信用债A
2022-11-22,1.2083,-0.02,000191,富国信用债A
2022-11-23,1.2088,0.04,000191,富国信用债A
2022-11-24,1.2102,0.12,000191,富国信用债A
2022-11-25,1.2102,0.0,000191,富国信用债A
2022-11-28,1.2098,-0.03,000191,富国信用债A
2022-11-29,1.2078,-0.17,000191,富国信用债A
2022-11-30,1.2067,-0.09,000191,富国信用债A
2022-12-01,1.2059,-0.07,000191,富国信用债A
2022-12-02,1.2057,-0.02,000191,富国信用债A
2022-12-05,1.2051,-0.05,000191,富国信用债A
2022-12-06,1.2033,-0.15,000191,富国信用债A
2022-12-07,1.2013,-0.17,000191,富国信用债A
2022-12-08,1.2,-0.11,000191,富国信用债A
2022-12-09,1.1988,-0.1,000191,富国信用债A
2022-12-12,1.197,-0.15,000191,富国信用债A
2022-12-13,1.1926,-0.37,000191,富国信用债A
2022-12-14,1.1927,0.01,000191,富国信用债A
2022-12-15,1.1938,0.09,000191,富国信用债A
2022-12-16,1.1937,-0.01,000191,富国信用债A
2022-12-19,1.1949,0.1,000191,富国信用债A
2022-12-20,1.1954,0.04,000191,富国信用债A
2022-12-21,1.1958,0.03,000191,富国信用债A
2022-12-22,1.1967,0.08,000191,富国信用债A
2022-12-23,1.198,0.11,000191,富国信用债A
2022-12-26,1.199,0.08,000191,富国信用债A
2022-12-27,1.1993,0.03,000191,富国信用债A
2022-12-28,1.1994,0.01,000191,富国信用债A
2022-12-29,1.2001,0.06,000191,富国信用债A
2022-12-30,1.2011,0.08,000191,富国信用债A
2022-12-31,1.2012,0.01,000191,富国信用债A
2023-01-03,1.2024,0.11,000191,富国信用债A
2023-01-04,1.2037,0.11,000191,富国信用债A
2023-01-05,1.205,0.11,000191,富国信用债A
2023-01-06,1.2048,-0.02,000191,富国信用债A
2023-01-09,1.2046,-0.02,000191,富国信用债A
2023-01-10,1.2035,-0.09,000191,富国信用债A
2023-01-11,1.2031,-0.03,000191,富国信用债A
2023-01-12,1.203,-0.01,000191,富国信用债A
2023-01-13,1.2031,0.01,000191,富国信用债A
2023-01-16,1.2027,-0.03,000191,富国信用债A
2023-01-17,1.2027,0.0,000191,富国信用债A
2023-01-18,1.2026,-0.01,000191,富国信用债A
2023-01-19,1.2028,0.02,000191,富国信用债A
2023-01-20,1.2031,0.02,000191,富国信用债A
2023-01-30,1.2041,0.08,000191,富国信用债A
2023-01-31,1.2043,0.02,000191,富国信用债A
2023-02-01,1.2046,0.02,000191,富国信用债A
2023-02-02,1.2052,0.05,000191,富国信用债A
2023-02-03,1.2062,0.08,000191,富国信用债A
2023-02-06,1.207,0.07,000191,富国信用债A
2023-02-07,1.2074,0.03,000191,富国信用债A
2023-02-08,1.2082,0.07,000191,富国信用债A
2023-02-09,1.2089,0.06,000191,富国信用债A
2023-02-10,1.2094,0.04,000191,富国信用债A
2023-02-13,1.2101,0.06,000191,富国信用债A
2023-02-14,1.2106,0.04,000191,富国信用债A
2023-02-15,1.2112,0.05,000191,富国信用债A
2023-02-16,1.2119,0.06,000191,富国信用债A
2023-02-17,1.2124,0.04,000191,富国信用债A
2023-02-20,1.2124,0.0,000191,富国信用债A
2023-02-21,1.2118,-0.05,000191,富国信用债A
2023-02-22,1.2119,0.01,000191,富国信用债A
2023-02-23,1.2123,0.03,000191,富国信用债A
2023-02-24,1.2124,0.01,000191,富国信用债A
2023-02-27,1.2127,0.02,000191,富国信用债A
2023-02-28,1.2126,-0.01,000191,富国信用债A
2023-03-01,1.2127,0.01,000191,富国信用债A
2023-03-02,1.2129,0.02,000191,富国信用债A
2023-03-03,1.2129,0.0,000191,富国信用债A
2023-03-06,1.2136,0.06,000191,富国信用债A
2023-03-07,1.2143,0.06,000191,富国信用债A
2023-03-08,1.215,0.06,000191,富国信用债A
2023-03-09,1.2154,0.03,000191,富国信用债A
2023-03-10,1.2159,0.04,000191,富国信用债A
2023-03-13,1.2164,0.04,000191,富国信用债A
2023-03-14,1.2167,0.02,000191,富国信用债A
2023-03-15,1.2169,0.02,000191,富国信用债A
2023-03-16,1.2173,0.03,000191,富国信用债A
2023-03-17,1.2177,0.03,000191,富国信用债A
2023-03-20,1.2187,0.08,000191,富国信用债A
2023-03-21,1.2189,0.02,000191,富国信用债A
2023-03-22,1.2189,0.0,000191,富国信用债A
2023-03-23,1.2191,0.02,000191,富国信用债A
2023-03-24,1.2187,-0.03,000191,富国信用债A
2023-03-27,1.2194,0.06,000191,富国信用债A
2023-03-28,1.2196,0.02,000191,富国信用债A
2023-03-29,1.2198,0.02,000191,富国信用债A
2023-03-30,1.2199,0.01,000191,富国信用债A
2023-03-31,1.2204,0.04,000191,富国信用债A
2023-04-03,1.2208,0.03,000191,富国信用债A
2023-04-04,1.2209,0.01,000191,富国信用债A
2023-04-06,1.2211,0.02,000191,富国信用债A
2023-04-07,1.2214,0.02,000191,富国信用债A
2023-04-10,1.2219,0.04,000191,富国信用债A
2023-04-11,1.2224,0.04,000191,富国信用债A
2023-04-12,1.2229,0.04,000191,富国信用债A
2023-04-13,1.2231,0.02,000191,富国信用债A
2023-04-14,1.2232,0.01,000191,富国信用债A
2023-04-17,1.2234,0.02,000191,富国信用债A
2023-04-18,1.2237,0.02,000191,富国信用债A
2023-04-19,1.2241,0.03,000191,富国信用债A
2023-04-20,1.2243,0.02,000191,富国信用债A
2023-04-21,1.2244,0.01,000191,富国信用债A
2023-04-24,1.2248,0.03,000191,富国信用债A
2023-04-25,1.2251,0.02,000191,富国信用债A
2023-04-26,1.2254,0.02,000191,富国信用债A
2023-04-27,1.226,0.05,000191,富国信用债A
2023-04-28,1.2264,0.03,000191,富国信用债A
2023-05-04,1.2275,0.09,000191,富国信用债A
2023-05-05,1.2283,0.07,000191,富国信用债A
2023-05-08,1.2286,0.02,000191,富国信用债A
2023-05-09,1.229,0.03,000191,富国信用债A
2023-05-10,1.2295,0.04,000191,富国信用债A
2023-05-11,1.23,0.04,000191,富国信用债A
2023-05-12,1.2301,0.01,000191,富国信用债A
2023-05-15,1.2303,0.02,000191,富国信用债A
2023-05-16,1.2302,-0.01,000191,富国信用债A
2023-05-17,1.2303,0.01,000191,富国信用债A
2023-05-18,1.2302,-0.01,000191,富国信用债A
2023-05-19,1.2305,0.02,000191,富国信用债A
2023-05-22,1.2311,0.05,000191,富国信用债A
2023-05-23,1.2317,0.05,000191,富国信用债A
2023-05-24,1.232,0.02,000191,富国信用债A
2023-05-25,1.2318,-0.02,000191,富国信用债A
2023-05-26,1.2318,0.0,000191,富国信用债A
2023-05-29,1.2322,0.03,000191,富国信用债A
2023-05-30,1.2323,0.01,000191,富国信用债A
2023-05-31,1.2325,0.02,000191,富国信用债A
2023-06-01,1.2329,0.03,000191,富国信用债A
2023-06-02,1.2328,-0.01,000191,富国信用债A
2023-06-05,1.2331,0.02,000191,富国信用债A
2023-06-06,1.2334,0.02,000191,富国信用债A
2023-06-07,1.2338,0.03,000191,富国信用债A
2023-06-08,1.2339,0.01,000191,富国信用债A
2023-06-09,1.2344,0.04,000191,富国信用债A
2023-06-12,1.2349,0.04,000191,富国信用债A
2023-06-13,1.2357,0.06,000191,富国信用债A
2023-06-14,1.236,0.02,000191,富国信用债A
2023-06-15,1.2357,-0.02,000191,富国信用债A
2023-06-16,1.2349,-0.06,000191,富国信用债A
2023-06-19,1.234,-0.07,000191,富国信用债A
2023-06-20,1.2338,-0.02,000191,富国信用债A
2023-06-21,1.2342,0.03,000191,富国信用债A
2023-06-26,1.2347,0.04,000191,富国信用债A
2023-06-27,1.2345,-0.02,000191,富国信用债A
2023-06-28,1.2346,0.01,000191,富国信用债A
2023-06-29,1.2349,0.02,000191,富国信用债A
2023-06-30,1.2357,0.06,000191,富国信用债A
2023-07-03,1.2361,0.03,000191,富国信用债A
2023-07-04,1.2364,0.02,000191,富国信用债A
2023-07-05,1.2368,0.03,000191,富国信用债A
2023-07-06,1.2372,0.03,000191,富国信用债A
2023-07-07,1.2377,0.04,000191,富国信用债A
2023-07-10,1.238,0.02,000191,富国信用债A
2023-07-11,1.2384,0.03,000191,富国信用债A
2023-07-12,1.2387,0.02,000191,富国信用债A
2023-07-13,1.2387,0.0,000191,富国信用债A
2023-07-14,1.2387,0.0,000191,富国信用债A
2023-07-17,1.2392,0.04,000191,富国信用债A
2023-07-18,1.2397,0.04,000191,富国信用债A
2023-07-19,1.24,0.02,000191,富国信用债A
2023-07-20,1.2402,0.02,000191,富国信用债A
2023-07-21,1.2405,0.02,000191,富国信用债A
2023-07-24,1.2409,0.03,000191,富国信用债A
2023-07-25,1.2395,-0.11,000191,富国信用债A
2023-07-26,1.2394,-0.01,000191,富国信用债A
2023-07-27,1.2399,0.04,000191,富国信用债A
2023-07-28,1.2397,-0.02,000191,富国信用债A
2023-07-31,1.2392,-0.04,000191,富国信用债A
2023-08-01,1.2394,0.02,000191,富国信用债A
2023-08-02,1.2398,0.03,000191,富国信用债A
2023-08-03,1.2403,0.04,000191,富国信用债A
2023-08-04,1.2407,0.03,000191,富国信用债A
2023-08-07,1.2413,0.05,000191,富国信用债A
2023-08-08,1.2417,0.03,000191,富国信用债A
2023-08-09,1.2421,0.03,000191,富国信用债A
2023-08-10,1.2424,0.02,000191,富国信用债A
2023-08-11,1.2427,0.02,000191,富国信用债A
2023-08-14,1.2435,0.06,000191,富国信用债A
2023-08-15,1.2443,0.06,000191,富国信用债A
2023-08-16,1.2448,0.04,000191,富国信用债A
2023-08-17,1.2449,0.01,000191,富国信用债A
2023-08-18,1.245,0.01,000191,富国信用债A
2023-08-21,1.2457,0.06,000191,富国信用债A
2023-08-22,1.2458,0.01,000191,富国信用债A
2023-08-23,1.2459,0.01,000191,富国信用债A
2023-08-24,1.2458,-0.01,000191,富国信用债A
2023-08-25,1.2456,-0.02,000191,富国信用债A
2023-08-28,1.2452,-0.03,000191,富国信用债A
2023-08-29,1.2448,-0.03,000191,富国信用债A
2023-08-30,1.2449,0.01,000191,富国信用债A
2023-08-31,1.2452,0.02,000191,富国信用债A
2023-09-01,1.2448,-0.03,000191,富国信用债A
2023-09-04,1.2439,-0.07,000191,富国信用债A
2023-09-05,1.2438,-0.01,000191,富国信用债A
2023-09-06,1.243,-0.06,000191,富国信用债A
2023-09-07,1.2418,-0.1,000191,富国信用债A
2023-09-08,1.2407,-0.09,000191,富国信用债A
2023-09-11,1.2398,-0.07,000191,富国信用债A
2023-09-12,1.2401,0.02,000191,富国信用债A
2023-09-13,1.2413,0.1,000191,富国信用债A
2023-09-14,1.242,0.06,000191,富国信用债A
2023-09-15,1.2423,0.02,000191,富国信用债A
2023-09-18,1.2421,-0.02,000191,富国信用债A
2023-09-19,1.2421,0.0,000191,富国信用债A
2023-09-20,1.2423,0.02,000191,富国信用债A
2023-09-21,1.243,0.06,000191,富国信用债A
2023-09-22,1.243,0.0,000191,富国信用债A
2023-09-25,1.2432,0.02,000191,富国信用债A
2023-09-26,1.2428,-0.03,000191,富国信用债A
2023-09-27,1.2427,-0.01,000191,富国信用债A
2023-09-28,1.2435,0.06,000191,富国信用债A
2023-10-09,1.2448,0.1,000191,富国信用债A
2023-10-10,1.2445,-0.02,000191,富国信用债A
2023-10-11,1.2439,-0.05,000191,富国信用债A
2023-10-12,1.2439,0.0,000191,富国信用债A
2023-10-13,1.2441,0.02,000191,富国信用债A
2023-10-16,1.2444,0.02,000191,富国信用债A
2023-10-17,1.2442,-0.02,000191,富国信用债A
2023-10-18,1.2441,-0.01,000191,富国信用债A
2023-10-19,1.2431,-0.08,000191,富国信用债A
2023-10-20,1.2429,-0.02,000191,富国信用债A
2023-10-23,1.2434,0.04,000191,富国信用债A
2023-10-24,1.2429,-0.04,000191,富国信用债A
2023-10-25,1.2432,0.02,000191,富国信用债A
2023-10-26,1.2436,0.03,000191,富国信用债A
2023-10-27,1.2439,0.02,000191,富国信用债A
2023-10-30,1.2445,0.05,000191,富国信用债A
2023-10-31,1.245,0.04,000191,富国信用债A
2023-11-01,1.2451,0.01,000191,富国信用债A
2023-11-02,1.2458,0.06,000191,富国信用债A
2023-11-03,1.2461,0.02,000191,富国信用债A
2023-11-06,1.2464,0.02,000191,富国信用债A
2023-11-07,1.2466,0.02,000191,富国信用债A
2023-11-08,1.2467,0.01,000191,富国信用债A
2023-11-09,1.247,0.02,000191,富国信用债A
2023-11-10,1.2472,0.02,000191,富国信用债A
2023-11-13,1.2478,0.05,000191,富国信用债A
2023-11-14,1.2479,0.01,000191,富国信用债A
2023-11-15,1.2483,0.03,000191,富国信用债A
2023-11-16,1.2488,0.04,000191,富国信用债A
2023-11-17,1.2491,0.02,000191,富国信用债A
2023-11-20,1.2494,0.02,000191,富国信用债A
2023-11-21,1.2495,0.01,000191,富国信用债A
2023-11-22,1.2492,-0.02,000191,富国信用债A
2023-11-23,1.2486,-0.05,000191,富国信用债A
2023-11-24,1.2487,0.01,000191,富国信用债A
2023-11-27,1.2484,-0.02,000191,富国信用债A
2023-11-28,1.2483,-0.01,000191,富国信用债A
2023-11-29,1.2483,0.0,000191,富国信用债A
2023-11-30,1.2488,0.04,000191,富国信用债A
2023-12-01,1.249,0.02,000191,富国信用债A
2023-12-04,1.2489,-0.01,000191,富国信用债A
2023-12-05,1.2486,-0.02,000191,富国信用债A
2023-12-06,1.2484,-0.02,000191,富国信用债A
2023-12-07,1.2484,0.0,000191,富国信用债A
2023-12-08,1.2485,0.01,000191,富国信用债A
2023-12-11,1.2491,0.05,000191,富国信用债A
2023-12-12,1.249,-0.01,000191,富国信用债A
2023-12-13,1.2498,0.06,000191,富国信用债A
2023-12-14,1.2505,0.06,000191,富国信用债A
2023-12-15,1.2513,0.06,000191,富国信用债A
2023-12-18,1.252,0.06,000191,富国信用债A
2023-12-19,1.2523,0.02,000191,富国信用债A
2023-12-20,1.2523,0.0,000191,富国信用债A
2023-12-21,1.2525,0.02,000191,富国信用债A
2023-12-22,1.2532,0.06,000191,富国信用债A
2023-12-25,1.2538,0.05,000191,富国信用债A
2023-12-26,1.2545,0.06,000191,富国信用债A
2023-12-27,1.2556,0.09,000191,富国信用债A
2023-12-28,1.2564,0.06,000191,富国信用债A
2023-12-29,1.2571,0.06,000191,富国信用债A
2023-12-31,1.2573,0.02,000191,富国信用债A
2024-01-02,1.2574,0.01,000191,富国信用债A
2024-01-03,1.2573,-0.01,000191,富国信用债A
2024-01-04,1.2575,0.02,000191,富国信用债A
2024-01-05,1.2582,0.06,000191,富国信用债A
2024-01-08,1.2587,0.04,000191,富国信用债A
2024-01-09,1.2594,0.06,000191,富国信用债A
2024-01-10,1.2595,0.01,000191,富国信用债A
2024-01-11,1.2594,-0.01,000191,富国信用债A
2024-01-12,1.2593,-0.01,000191,富国信用债A
2024-01-15,1.2597,0.03,000191,富国信用债A
2024-01-16,1.2597,0.0,000191,富国信用债A
2024-01-17,1.26,0.02,000191,富国信用债A
2024-01-18,1.2604,0.03,000191,富国信用债A
2024-01-19,1.2609,0.04,000191,富国信用债A
2024-01-22,1.2615,0.05,000191,富国信用债A
2024-01-23,1.2617,0.02,000191,富国信用债A
2024-01-24,1.2618,0.01,000191,富国信用债A
2024-01-25,1.2622,0.03,000191,富国信用债A
2024-01-26,1.2625,0.02,000191,富国信用债A
2024-01-29,1.263,0.04,000191,富国信用债A
2024-01-30,1.2638,0.06,000191,富国信用债A
2024-01-31,1.2645,0.06,000191,富国信用债A
2024-02-01,1.2649,0.03,000191,富国信用债A
2024-02-02,1.2651,0.02,000191,富国信用债A
2024-02-05,1.2661,0.08,000191,富国信用债A
2024-02-06,1.2658,-0.02,000191,富国信用债A
2024-02-07,1.266,0.02,000191,富国信用债A
2024-02-08,1.2663,0.02,000191,富国信用债A
2024-02-19,1.2674,0.09,000191,富国信用债A
2024-02-20,1.268,0.05,000191,富国信用债A
2024-02-21,1.2685,0.04,000191,富国信用债A
2024-02-22,1.2693,0.06,000191,富国信用债A
2024-02-23,1.27,0.06,000191,富国信用债A
2024-02-26,1.2705,0.04,000191,富国信用债A
2024-02-27,1.2709,0.03,000191,富国信用债A
2024-02-28,1.2711,0.02,000191,富国信用债A
2024-02-29,1.2715,0.03,000191,富国信用债A
2024-03-01,1.271,-0.04,000191,富国信用债A
2024-03-04,1.2713,0.02,000191,富国信用债A
2024-03-05,1.2714,0.01,000191,富国信用债A
2024-03-06,1.2719,0.04,000191,富国信用债A
2024-03-07,1.2721,0.02,000191,富国信用债A
2024-03-08,1.2721,0.0,000191,富国信用债A
2024-03-11,1.2719,-0.02,000191,富国信用债A
2024-03-12,1.2713,-0.05,000191,富国信用债A
2024-03-13,1.2707,-0.05,000191,富国信用债A
2024-03-14,1.2703,-0.03,000191,富国信用债A
2024-03-15,1.2707,0.03,000191,富国信用债A
2024-03-18,1.2713,0.05,000191,富国信用债A
2024-03-19,1.2718,0.04,000191,富国信用债A
2024-03-20,1.272,0.02,000191,富国信用债A
2024-03-21,1.2722,0.02,000191,富国信用债A
2024-03-22,1.2722,0.0,000191,富国信用债A
2024-03-25,1.2723,0.01,000191,富国信用债A
2024-03-26,1.2722,-0.01,000191,富国信用债A
2024-03-27,1.2726,0.03,000191,富国信用债A
2024-03-28,1.2728,0.02,000191,富国信用债A
2024-03-29,1.2734,0.05,000191,富国信用债A
2024-04-01,1.2735,0.01,000191,富国信用债A
2024-04-02,1.274,0.04,000191,富国信用债A
2024-04-03,1.2747,0.05,000191,富国信用债A
2024-04-08,1.2755,0.06,000191,富国信用债A
2024-04-09,1.2762,0.05,000191,富国信用债A
2024-04-10,1.2767,0.04,000191,富国信用债A
2024-04-11,1.2773,0.05,000191,富国信用债A
2024-04-12,1.2784,0.09,000191,富国信用债A
2024-04-15,1.279,0.05,000191,富国信用债A
2024-04-16,1.2792,0.02,000191,富国信用债A
2024-04-17,1.2797,0.04,000191,富国信用债A
2024-04-18,1.2804,0.05,000191,富国信用债A
2024-04-19,1.2811,0.05,000191,富国信用债A
2024-04-22,1.282,0.07,000191,富国信用债A
2024-04-23,1.2827,0.05,000191,富国信用债A
2024-04-24,1.282,-0.05,000191,富国信用债A
2024-04-25,1.2815,-0.04,000191,富国信用债A
2024-04-26,1.2806,-0.07,000191,富国信用债A
2024-04-29,1.2788,-0.14,000191,富国信用债A
2024-04-30,1.2795,0.05,000191,富国信用债A
2024-05-06,1.2805,0.08,000191,富国信用债A
2024-05-07,1.2816,0.09,000191,富国信用债A
2024-05-08,1.282,0.03,000191,富国信用债A
2024-05-09,1.2817,-0.02,000191,富国信用债A
2024-05-10,1.2817,0.0,000191,富国信用债A
2024-05-13,1.2822,0.04,000191,富国信用债A
2024-05-14,1.2827,0.04,000191,富国信用债A
2024-05-15,1.283,0.02,000191,富国信用债A
2024-05-16,1.283,0.0,000191,富国信用债A
2024-05-17,1.2828,-0.02,000191,富国信用债A
2024-05-20,1.2833,0.04,000191,富国信用债A
2024-05-21,1.2833,0.0,000191,富国信用债A
2024-05-22,1.2835,0.02,000191,富国信用债A
2024-05-23,1.2839,0.03,000191,富国信用债A
2024-05-24,1.2841,0.02,000191,富国信用债A
2024-05-27,1.2844,0.02,000191,富国信用债A
2024-05-28,1.2847,0.02,000191,富国信用债A
2024-05-29,1.2851,0.03,000191,富国信用债A
2024-05-30,1.2853,0.02,000191,富国信用债A
2024-05-31,1.2853,0.0,000191,富国信用债A
2024-06-03,1.2858,0.04,000191,富国信用债A
2024-06-04,1.2859,0.01,000191,富国信用债A
2024-06-05,1.2863,0.03,000191,富国信用债A
2024-06-06,1.2865,0.02,000191,富国信用债A
2024-06-07,1.2868,0.02,000191,富国信用债A
2024-06-11,1.2872,0.03,000191,富国信用债A
2024-06-12,1.2873,0.01,000191,富国信用债A
2024-06-13,1.2874,0.01,000191,富国信用债A
2024-06-14,1.2876,0.02,000191,富国信用债A
2024-06-17,1.2879,0.02,000191,富国信用债A
2024-06-18,1.2881,0.02,000191,富国信用债A
2024-06-19,1.2884,0.02,000191,富国信用债A
2024-06-20,1.2886,0.02,000191,富国信用债A
2024-06-21,1.2884,-0.02,000191,富国信用债A
2024-06-24,1.2886,0.02,000191,富国信用债A
2024-06-25,1.2889,0.02,000191,富国信用债A
2024-06-26,1.2891,0.02,000191,富国信用债A
2024-06-27,1.2896,0.04,000191,富国信用债A
2024-06-28,1.2899,0.02,000191,富国信用债A
2024-06-30,1.2901,0.02,000191,富国信用债A
2024-07-01,1.2898,-0.02,000191,富国信用债A
2024-07-02,1.2901,0.02,000191,富国信用债A
2024-07-03,1.2905,0.03,000191,富国信用债A
2024-07-04,1.2907,0.02,000191,富国信用债A
2024-07-05,1.2904,-0.02,000191,富国信用债A
2024-07-08,1.2899,-0.04,000191,富国信用债A
2024-07-09,1.2903,0.03,000191,富国信用债A
2024-07-10,1.2904,0.01,000191,富国信用债A
2024-07-11,1.2907,0.02,000191,富国信用债A
2024-07-12,1.2911,0.03,000191,富国信用债A
2024-07-15,1.2916,0.04,000191,富国信用债A
2024-07-16,1.2918,0.02,000191,富国信用债A
2024-07-17,1.292,0.02,000191,富国信用债A
2024-07-18,1.292,0.0,000191,富国信用债A
2024-07-19,1.2921,0.01,000191,富国信用债A
2024-07-22,1.2928,0.05,000191,富国信用债A
2024-07-23,1.2934,0.05,000191,富国信用债A
2024-07-24,1.2936,0.02,000191,富国信用债A
2024-07-25,1.2941,0.04,000191,富国信用债A
2024-07-26,1.2945,0.03,000191,富国信用债A
2024-07-29,1.295,0.04,000191,富国信用债A
2024-07-30,1.2953,0.02,000191,富国信用债A
2024-07-31,1.2955,0.02,000191,富国信用债A
2024-08-01,1.2959,0.03,000191,富国信用债A
2024-08-02,1.2964,0.04,000191,富国信用债A
2024-08-05,1.2969,0.04,000191,富国信用债A
2024-08-06,1.2966,-0.02,000191,富国信用债A
2024-08-07,1.2967,0.01,000191,富国信用债A
2024-08-08,1.2962,-0.04,000191,富国信用债A
2024-08-09,1.2956,-0.05,000191,富国信用债A
2024-08-12,1.2942,-0.11,000191,富国信用债A
2024-08-13,1.2945,0.02,000191,富国信用债A
2024-08-14,1.2952,0.05,000191,富国信用债A
2024-08-15,1.2951,-0.01,000191,富国信用债A
2024-08-16,1.2953,0.02,000191,富国信用债A
2024-08-19,1.2957,0.03,000191,富国信用债A
2024-08-20,1.2957,0.0,000191,富国信用债A
2024-08-21,1.2953,-0.03,000191,富国信用债A
2024-08-22,1.2953,0.0,000191,富国信用债A
2024-08-23,1.2952,-0.01,000191,富国信用债A
2024-08-26,1.2949,-0.02,000191,富国信用债A
2024-08-27,1.2937,-0.09,000191,富国信用债A
2024-08-28,1.2939,0.02,000191,富国信用债A
2024-08-29,1.2942,0.02,000191,富国信用债A
2024-08-30,1.2944,0.02,000191,富国信用债A
2024-09-02,1.2953,0.07,000191,富国信用债A
2024-09-03,1.2956,0.02,000191,富国信用债A
2024-09-04,1.2959,0.02,000191,富国信用债A
2024-09-05,1.2961,0.02,000191,富国信用债A
2024-09-06,1.2962,0.01,000191,富国信用债A
2024-09-09,1.2964,0.02,000191,富国信用债A
2024-09-10,1.2965,0.01,000191,富国信用债A
2024-09-11,1.2967,0.02,000191,富国信用债A
2024-09-12,1.2969,0.02,000191,富国信用债A
2024-09-13,1.2974,0.04,000191,富国信用债A
2024-09-18,1.2982,0.06,000191,富国信用债A
2024-09-19,1.2982,0.0,000191,富国信用债A
2024-09-20,1.2981,-0.01,000191,富国信用债A
2024-09-23,1.2983,0.02,000191,富国信用债A
2024-09-24,1.2979,-0.03,000191,富国信用债A
2024-09-25,1.2988,0.07,000191,富国信用债A
2024-09-26,1.2984,-0.03,000191,富国信用债A
2024-09-27,1.2957,-0.21,000191,富国信用债A
2024-09-30,1.2927,-0.23,000191,富国信用债A
2024-10-08,1.2911,-0.12,000191,富国信用债A
2024-10-09,1.2895,-0.12,000191,富国信用债A
2024-10-10,1.2911,0.12,000191,富国信用债A
2024-10-11,1.293,0.15,000191,富国信用债A
2024-10-14,1.295,0.15,000191,富国信用债A
2024-10-15,1.296,0.08,000191,富国信用债A
2024-10-16,1.2963,0.02,000191,富国信用债A
2024-10-17,1.2969,0.05,000191,富国信用债A
2024-10-18,1.2968,-0.01,000191,富国信用债A
2024-10-21,1.2968,0.0,000191,富国信用债A
2024-10-22,1.2963,-0.04,000191,富国信用债A
2024-10-23,1.2953,-0.08,000191,富国信用债A
2024-10-24,1.2952,-0.01,000191,富国信用债A
2024-10-25,1.2951,-0.01,000191,富国信用债A
2024-10-28,1.2948,-0.02,000191,富国信用债A
2024-10-29,1.2947,-0.01,000191,富国信用债A
2024-10-30,1.2948,0.01,000191,富国信用债A
2024-10-31,1.2952,0.03,000191,富国信用债A
2024-11-01,1.2962,0.08,000191,富国信用债A
2024-11-04,1.2966,0.03,000191,富国信用债A
2024-11-05,1.2969,0.02,000191,富国信用债A
2024-11-06,1.2971,0.02,000191,富国信用债A
2024-11-07,1.2978,0.05,000191,富国信用债A
2024-11-08,1.2981,0.02,000191,富国信用债A
2024-11-11,1.2987,0.05,000191,富国信用债A
2024-11-12,1.2993,0.05,000191,富国信用债A
2024-11-13,1.2992,-0.01,000191,富国信用债A
2024-11-14,1.2993,0.01,000191,富国信用债A
2024-11-15,1.2996,0.02,000191,富国信用债A
2024-11-18,1.2994,-0.02,000191,富国信用债A
2024-11-19,1.2996,0.02,000191,富国信用债A
2024-11-20,1.2997,0.01,000191,富国信用债A
2024-11-21,1.3002,0.04,000191,富国信用债A
2024-11-22,1.3006,0.03,000191,富国信用债A
2024-11-25,1.3013,0.05,000191,富国信用债A
2024-11-26,1.3017,0.03,000191,富国信用债A
2024-11-27,1.302,0.02,000191,富国信用债A
2024-11-28,1.3025,0.04,000191,富国信用债A
2024-11-29,1.3034,0.07,000191,富国信用债A
2024-12-02,1.3054,0.15,000191,富国信用债A
2024-12-03,1.3055,0.01,000191,富国信用债A
2024-12-04,1.3065,0.08,000191,富国信用债A
2024-12-05,1.3069,0.03,000191,富国信用债A
2024-12-06,1.307,0.01,000191,富国信用债A
2024-12-09,1.3075,0.04,000191,富国信用债A
2024-12-10,1.3095,0.15,000191,富国信用债A
2024-12-11,1.3098,0.02,000191,富国信用债A
2024-12-12,1.3101,0.02,000191,富国信用债A
2024-12-13,1.3115,0.11,000191,富国信用债A
2024-12-16,1.3128,0.1,000191,富国信用债A
2024-12-17,1.3124,-0.03,000191,富国信用债A
2024-12-18,1.3118,-0.05,000191,富国信用债A
2024-12-19,1.3117,-0.01,000191,富国信用债A
2024-12-20,1.3127,0.08,000191,富国信用债A
2024-12-23,1.3132,0.04,000191,富国信用债A
2024-12-24,1.3128,-0.03,000191,富国信用债A
2024-12-25,1.3123,-0.04,000191,富国信用债A
2024-12-26,1.3124,0.01,000191,富国信用债A
2024-12-27,1.3134,0.08,000191,富国信用债A
2024-12-30,1.3136,0.02,000191,富国信用债A
2024-12-31,1.3149,0.1,000191,富国信用债A
2025-01-02,1.3167,0.14,000191,富国信用债A
2025-01-03,1.3174,0.05,000191,富国信用债A
2025-01-06,1.3177,0.02,000191,富国信用债A
2025-01-07,1.3174,-0.02,000191,富国信用债A
2025-01-08,1.3174,0.0,000191,富国信用债A
2025-01-09,1.3167,-0.05,000191,富国信用债A
2025-01-10,1.3164,-0.02,000191,富国信用债A
2025-01-13,1.3158,-0.05,000191,富国信用债A
2025-01-14,1.3159,0.01,000191,富国信用债A
2025-01-15,1.316,0.01,000191,富国信用债A
2025-01-16,1.3155,-0.04,000191,富国信用债A
2025-01-17,1.3152,-0.02,000191,富国信用债A
2025-01-20,1.3148,-0.03,000191,富国信用债A
2025-01-21,1.3151,0.02,000191,富国信用债A
2025-01-22,1.3153,0.02,000191,富国信用债A
2025-01-23,1.315,-0.02,000191,富国信用债A
2025-01-24,1.3148,-0.02,000191,富国信用债A
2025-01-27,1.3159,0.08,000191,富国信用债A
2025-02-05,1.3168,0.07,000191,富国信用债A
2025-02-06,1.3175,0.05,000191,富国信用债A
2025-02-07,1.3179,0.03,000191,富国信用债A
2025-02-10,1.3173,-0.05,000191,富国信用债A
2025-02-11,1.3174,0.01,000191,富国信用债A
2025-02-12,1.3174,0.0,000191,富国信用债A
2025-02-13,1.3173,-0.01,000191,富国信用债A
2025-02-14,1.3166,-0.05,000191,富国信用债A
2025-02-17,1.3158,-0.06,000191,富国信用债A
2025-02-18,1.3148,-0.08,000191,富国信用债A
2025-02-19,1.315,0.02,000191,富国信用债A
2025-02-20,1.314,-0.08,000191,富国信用债A
2025-02-21,1.3126,-0.11,000191,富国信用债A
2025-02-24,1.3112,-0.11,000191,富国信用债A
2025-02-25,1.3107,-0.04,000191,富国信用债A
2025-02-26,1.311,0.02,000191,富国信用债A
2025-02-27,1.3104,-0.05,000191,富国信用债A
2025-02-28,1.3103,-0.01,000191,富国信用债A
2025-03-03,1.311,0.05,000191,富国信用债A
2025-03-04,1.3111,0.01,000191,富国信用债A
2025-03-05,1.3113,0.02,000191,富国信用债A
2025-03-06,1.3106,-0.05,000191,富国信用债A
2025-03-07,1.3087,-0.14,000191,富国信用债A
2025-03-10,1.3082,-0.04,000191,富国信用债A
2025-03-11,1.3066,-0.12,000191,富国信用债A
2025-03-12,1.3071,0.04,000191,富国信用债A
2025-03-13,1.3079,0.06,000191,富国信用债A
2025-03-14,1.3084,0.04,000191,富国信用债A
2025-03-17,1.3077,-0.05,000191,富国信用债A
2025-03-18,1.308,0.02,000191,富国信用债A
2025-03-19,1.3086,0.05,000191,富国信用债A
2025-03-20,1.3098,0.09,000191,富国信用债A
2025-03-21,1.3103,0.04,000191,富国信用债A
2025-03-24,1.3109,0.05,000191,富国信用债A
2025-03-25,1.3119,0.08,000191,富国信用债A
2025-03-26,1.3124,0.04,000191,富国信用债A
2025-03-27,1.3127,0.02,000191,富国信用债A
2025-03-28,1.3128,0.01,000191,富国信用债A
2025-03-31,1.3133,0.04,000191,富国信用债A
2025-04-01,1.3135,0.02,000191,富国信用债A
2025-04-02,1.3141,0.05,000191,富国信用债A
2025-04-03,1.3162,0.16,000191,富国信用债A
2025-04-07,1.3188,0.2,000191,富国信用债A
2025-04-08,1.3182,-0.05,000191,富国信用债A
2025-04-09,1.3181,-0.01,000191,富国信用债A
2025-04-10,1.3178,-0.02,000191,富国信用债A
2025-04-11,1.3179,0.01,000191,富国信用债A
2025-04-14,1.3181,0.02,000191,富国信用债A
2025-04-15,1.3181,0.0,000191,富国信用债A
2025-04-16,1.3184,0.02,000191,富国信用债A
2025-04-17,1.3182,-0.02,000191,富国信用债A
2025-04-18,1.3182,0.0,000191,富国信用债A
2025-04-21,1.318,-0.02,000191,富国信用债A
2025-04-22,1.3181,0.01,000191,富国信用债A
2025-04-23,1.3178,-0.02,000191,富国信用债A
2025-04-24,1.3177,-0.01,000191,富国信用债A
2025-04-25,1.3175,-0.02,000191,富国信用债A
2025-04-28,1.3179,0.03,000191,富国信用债A
2025-04-29,1.3185,0.05,000191,富国信用债A
2025-04-30,1.3188,0.02,000191,富国信用债A
2025-05-06,1.3191,0.02,000191,富国信用债A
2025-05-07,1.3193,0.02,000191,富国信用债A
2025-05-08,1.3201,0.06,000191,富国信用债A
2025-05-09,1.3208,0.05,000191,富国信用债A
2025-05-12,1.3204,-0.03,000191,富国信用债A
2025-05-13,1.3209,0.04,000191,富国信用债A
2025-05-14,1.3211,0.02,000191,富国信用债A
2025-05-15,1.3213,0.02,000191,富国信用债A
2025-05-16,1.3211,-0.02,000191,富国信用债A
2025-05-19,1.3215,0.03,000191,富国信用债A
2025-05-20,1.3218,0.02,000191,富国信用债A
2025-05-21,1.322,0.02,000191,富国信用债A
2025-05-22,1.3222,0.02,000191,富国信用债A
2025-05-23,1.3224,0.02,000191,富国信用债A
2025-05-26,1.3227,0.02,000191,富国信用债A
2025-05-27,1.3227,0.0,000191,富国信用债A
2025-05-28,1.3226,-0.01,000191,富国信用债A
2025-05-29,1.322,-0.05,000191,富国信用债A
2025-05-30,1.3223,0.02,000191,富国信用债A
2025-06-03,1.3226,0.02,000191,富国信用债A
2025-06-04,1.3228,0.02,000191,富国信用债A
2025-06-05,1.3229,0.01,000191,富国信用债A
2025-06-06,1.3234,0.04,000191,富国信用债A
2025-06-09,1.3239,0.04,000191,富国信用债A
2025-06-10,1.3241,0.02,000191,富国信用债A
2025-06-11,1.3243,0.02,000191,富国信用债A
2025-06-12,1.3244,0.01,000191,富国信用债A
2025-06-13,1.3245,0.01,000191,富国信用债A
2025-06-16,1.3249,0.03,000191,富国信用债A
2025-06-17,1.3253,0.03,000191,富国信用债A
2025-06-18,1.3257,0.03,000191,富国信用债A
2025-06-19,1.326,0.02,000191,富国信用债A
2025-06-20,1.3263,0.02,000191,富国信用债A
2025-06-23,1.3267,0.03,000191,富国信用债A
2025-06-24,1.3265,-0.02,000191,富国信用债A
2025-06-25,1.3262,-0.02,000191,富国信用债A
2025-06-26,1.3262,0.0,000191,富国信用债A
2025-06-27,1.3264,0.02,000191,富国信用债A
2025-06-30,1.3265,0.01,000191,富国信用债A
2025-07-01,1.3269,0.03,000191,富国信用债A
2025-07-02,1.3276,0.05,000191,富国信用债A
2025-07-03,1.3281,0.04,000191,富国信用债A
2025-07-04,1.3285,0.03,000191,富国信用债A
2025-07-07,1.3289,0.03,000191,富国信用债A
2025-07-08,1.3288,-0.01,000191,富国信用债A
2025-07-09,1.3288,0.0,000191,富国信用债A
2025-07-10,1.3284,-0.03,000191,富国信用债A
2025-07-11,1.3282,-0.02,000191,富国信用债A
2025-07-14,1.3279,-0.02,000191,富国信用债A
2025-07-15,1.3284,0.04,000191,富国信用债A
2025-07-16,1.3287,0.02,000191,富国信用债A
2025-07-17,1.3291,0.03,000191,富国信用债A
2025-07-18,1.3292,0.01,000191,富国信用债A
2025-07-21,1.3288,-0.03,000191,富国信用债A
2025-07-22,1.3283,-0.04,000191,富国信用债A
2025-07-23,1.3275,-0.06,000191,富国信用债A
2025-07-24,1.326,-0.11,000191,富国信用债A
2025-07-25,1.3257,-0.02,000191,富国信用债A
2025-07-28,1.3266,0.07,000191,富国信用债A
2025-07-29,1.3259,-0.05,000191,富国信用债A
2025-07-30,1.3262,0.02,000191,富国信用债A
2025-07-31,1.3272,0.08,000191,富国信用债A
2025-08-01,1.3276,0.03,000191,富国信用债A
2025-08-04,1.3281,0.04,000191,富国信用债A
2025-08-05,1.3283,0.02,000191,富国信用债A
2025-08-06,1.3286,0.02,000191,富国信用债A
2025-08-07,1.3289,0.02,000191,富国信用债A
2025-08-08,1.329,0.01,000191,富国信用债A
2025-08-11,1.3285,-0.04,000191,富国信用债A
2025-08-12,1.3277,-0.06,000191,富国信用债A
2025-08-13,1.3276,-0.01,000191,富国信用债A
2025-08-14,1.3272,-0.03,000191,富国信用债A
2025-08-15,1.3267,-0.04,000191,富国信用债A
2025-08-18,1.3246,-0.16,000191,富国信用债A
2025-08-19,1.3243,-0.02,000191,富国信用债A
2025-08-20,1.3241,-0.02,000191,富国信用债A
2025-08-21,1.3242,0.01,000191,富国信用债A
2025-08-22,1.324,-0.02,000191,富国信用债A
2025-08-25,1.3247,0.05,000191,富国信用债A
2025-08-26,1.3253,0.05,000191,富国信用债A
2025-08-27,1.3254,0.01,000191,富国信用债A
2025-08-28,1.3249,-0.04,000191,富国信用债A
2025-08-29,1.3249,0.0,000191,富国信用债A
2025-09-01,1.3253,0.03,000191,富国信用债A
2025-09-02,1.3253,0.0,000191,富国信用债A
2025-09-03,1.3259,0.05,000191,富国信用债A
2025-09-04,1.3265,0.05,000191,富国信用债A
2025-09-05,1.326,-0.04,000191,富国信用债A
2025-09-08,1.3251,-0.07,000191,富国信用债A
2025-09-09,1.3243,-0.06,000191,富国信用债A
2025-09-10,1.3232,-0.08,000191,富国信用债A
2025-09-11,1.3228,-0.03,000191,富国信用债A
2025-09-12,1.3228,0.0,000191,富国信用债A
2025-09-15,1.3232,0.03,000191,富国信用债A
2025-09-16,1.3234,0.02,000191,富国信用债A
2025-09-17,1.3239,0.04,000191,富国信用债A
2025-09-18,1.3234,-0.04,000191,富国信用债A
2025-09-19,1.3228,-0.05,000191,富国信用债A
2025-09-22,1.3228,0.0,000191,富国信用债A
2025-09-23,1.3219,-0.07,000191,富国信用债A
2025-09-24,1.3206,-0.1,000191,富国信用债A
2025-09-25,1.3197,-0.07,000191,富国信用债A
2025-09-26,1.3196,-0.01,000191,富国信用债A
2025-09-29,1.3197,0.01,000191,富国信用债A
2025-09-30,1.3201,0.03,000191,富国信用债A
2025-10-09,1.3211,0.08,000191,富国信用债A
2025-10-10,1.3213,0.02,000191,富国信用债A
2025-10-13,1.3225,0.09,000191,富国信用债A
2025-10-14,1.3226,0.01,000191,富国信用债A
2025-10-15,1.3226,0.0,000191,富国信用债A
2025-10-16,1.3233,0.05,000191,富国信用债A
2025-10-17,1.3244,0.08,000191,富国信用债A
2025-10-20,1.3245,0.01,000191,富国信用债A
2025-10-21,1.3248,0.02,000191,富国信用债A
2025-10-22,1.3252,0.03,000191,富国信用债A
2025-10-23,1.3256,0.03,000191,富国信用债A
2025-10-24,1.3257,0.01,000191,富国信用债A
2025-10-27,1.3262,0.04,000191,富国信用债A
2025-10-28,1.3273,0.08,000191,富国信用债A
2025-10-29,1.3278,0.04,000191,富国信用债A
2025-10-30,1.3284,0.05,000191,富国信用债A
2025-10-31,1.3292,0.06,000191,富国信用债A
2025-11-03,1.3297,0.04,000191,富国信用债A
2025-11-04,1.33,0.02,000191,富国信用债A
2025-11-05,1.3304,0.03,000191,富国信用债A
2025-11-06,1.3299,-0.04,000191,富国信用债A
2025-11-07,1.3296,-0.02,000191,富国信用债A
2025-11-10,1.3297,0.01,000191,富国信用债A
2025-11-11,1.3299,0.02,000191,富国信用债A
2025-11-12,1.3302,0.02,000191,富国信用债A
2025-11-13,1.3301,-0.01,000191,富国信用债A
2025-11-14,1.3303,0.02,000191,富国信用债A
2025-11-17,1.3306,0.02,000191,富国信用债A
2025-11-18,1.3307,0.01,000191,富国信用债A
2025-11-19,1.3307,0.0,000191,富国信用债A
2025-11-20,1.3307,0.0,000191,富国信用债A
2025-11-21,1.3306,-0.01,000191,富国信用债A
2025-11-24,1.3306,0.0,000191,富国信用债A
2025-11-25,1.3303,-0.02,000191,富国信用债A
2025-11-26,1.3292,-0.08,000191,富国信用债A
2025-11-27,1.3288,-0.03,000191,富国信用债A
2025-11-28,1.329,0.02,000191,富国信用债A
2025-12-01,1.3291,0.01,000191,富国信用债A
2025-12-02,1.3288,-0.02,000191,富国信用债A
2025-12-03,1.3284,-0.03,000191,富国信用债A
2025-12-04,1.3272,-0.09,000191,富国信用债A
2025-12-05,1.3272,0.0,000191,富国信用债A
2025-12-08,1.327,-0.02,000191,富国信用债A
2025-12-09,1.3275,0.04,000191,富国信用债A
2025-12-10,1.3278,0.02,000191,富国信用债A
2025-12-11,1.3284,0.05,000191,富国信用债A
2025-12-12,1.3282,-0.02,000191,富国信用债A
2025-12-15,1.3276,-0.05,000191,富国信用债A
2025-12-16,1.3275,-0.01,000191,富国信用债A
2025-12-17,1.3281,0.05,000191,富国信用债A
2025-12-18,1.3285,0.03,000191,富国信用债A
2025-12-19,1.3292,0.05,000191,富国信用债A
2025-12-22,1.3291,-0.01,000191,富国信用债A
2025-12-23,1.3296,0.04,000191,富国信用债A
2025-12-24,1.3296,0.0,000191,富国信用债A
2025-12-25,1.3297,0.01,000191,富国信用债A
2025-12-26,1.33,0.02,000191,富国信用债A
2025-12-29,1.3293,-0.05,000191,富国信用债A
2025-12-30,1.3293,0.0,000191,富国信用债A
2025-12-31,1.3294,0.01,000191,富国信用债A
2026-01-05,1.3299,0.04,000191,富国信用债A
2026-01-06,1.3294,-0.04,000191,富国信用债A
2026-01-07,1.3291,-0.02,000191,富国信用债A
2026-01-08,1.3295,0.03,000191,富国信用债A
2026-01-09,1.3298,0.02,000191,富国信用债A
2026-01-12,1.3303,0.04,000191,富国信用债A
2026-01-13,1.3307,0.03,000191,富国信用债A
2026-01-14,1.331,0.02,000191,富国信用债A
2026-01-15,1.3314,0.03,000191,富国信用债A
2026-01-16,1.332,0.05,000191,富国信用债A
2026-01-19,1.3323,0.02,000191,富国信用债A
2026-01-20,1.333,0.05,000191,富国信用债A
2026-01-21,1.3336,0.05,000191,富国信用债A
2026-01-22,1.3339,0.02,000191,富国信用债A
2026-01-23,1.3344,0.04,000191,富国信用债A
2026-01-26,1.3347,0.02,000191,富国信用债A
2026-01-27,1.3346,-0.01,000191,富国信用债A
2026-01-28,1.3348,0.01,000191,富国信用债A
2026-01-29,1.3349,0.01,000191,富国信用债A
2026-01-30,1.3348,-0.01,000191,富国信用债A
2026-02-02,1.3349,0.01,000191,富国信用债A
2026-02-03,1.3348,-0.01,000191,富国信用债A
2026-02-04,1.3348,0.0,000191,富国信用债A
2026-02-05,1.3352,0.03,000191,富国信用债A
2026-02-06,1.3359,0.05,000191,富国信用债A
2026-02-09,1.3366,0.05,000191,富国信用债A
2026-02-10,1.337,0.03,000191,富国信用债A
2026-02-11,1.3377,0.05,000191,富国信用债A
2026-02-12,1.3383,0.04,000191,富国信用债A
2026-02-13,1.3384,0.01,000191,富国信用债A
2026-02-24,1.3393,0.07,000191,富国信用债A
2026-02-25,1.3387,-0.04,000191,富国信用债A
2026-02-26,1.3379,-0.06,000191,富国信用债A
2026-02-27,1.3382,0.02,000191,富国信用债A
2026-03-02,1.3393,0.08,000191,富国信用债A
2026-03-03,1.3395,0.01,000191,富国信用债A
2026-03-04,1.3399,0.03,000191,富国信用债A
2026-03-05,1.3401,0.01,000191,富国信用债A
2026-03-06,1.3403,0.01,000191,富国信用债A
2026-03-09,1.3395,-0.06,000191,富国信用债A
2026-03-10,1.3395,0.0,000191,富国信用债A
2026-03-11,1.3396,0.01,000191,富国信用债A
2026-03-12,1.3397,0.01,000191,富国信用债A
2026-03-13,1.3399,0.01,000191,富国信用债A
2026-03-16,1.3394,-0.04,000191,富国信用债A
2026-03-17,1.3397,0.02,000191,富国信用债A
2026-03-18,1.3404,0.05,000191,富国信用债A
2026-03-19,1.3408,0.03,000191,富国信用债A
2026-03-20,1.3409,0.01,000191,富国信用债A
2026-03-23,1.3407,-0.01,000191,富国信用债A
2026-03-24,1.3412,0.04,000191,富国信用债A
2026-03-25,1.3416,0.03,000191,富国信用债A
2026-03-26,1.3421,0.04,000191,富国信用债A
2026-03-27,1.3424,0.02,000191,富国信用债A
2026-03-30,1.3433,0.07,000191,富国信用债A
2026-03-31,1.3437,0.03,000191,富国信用债A
2026-04-01,1.3436,-0.01,000191,富国信用债A
2026-04-02,1.3439,0.02,000191,富国信用债A
2026-04-03,1.3446,0.05,000191,富国信用债A
2026-04-07,1.3456,0.07,000191,富国信用债A
2026-04-08,1.346,0.03,000191,富国信用债A
2026-04-09,1.3462,0.01,000191,富国信用债A
2026-04-10,1.3464,0.01,000191,富国信用债A
2026-04-13,1.3471,0.05,000191,富国信用债A
2026-04-14,1.3474,0.02,000191,富国信用债A
2026-04-15,1.3476,0.01,000191,富国信用债A
2026-04-16,1.3477,0.01,000191,富国信用债A
2026-04-17,1.3483,0.04,000191,富国信用债A
2026-04-20,1.3487,0.03,000191,富国信用债A
2026-04-21,1.3493,0.04,000191,富国信用债A
2026-04-22,1.3498,0.04,000191,富国信用债A
2026-04-23,1.3495,-0.02,000191,富国信用债A
2026-04-24,1.349,-0.04,000191,富国信用债A
2026-04-27,1.3486,-0.03,000191,富国信用债A
2026-04-28,1.3489,0.02,000191,富国信用债A
2026-04-29,1.3494,0.04,000191,富国信用债A
2026-04-30,1.3493,-0.01,000191,富国信用债A
2026-05-06,1.349,-0.02,000191,富国信用债A
2026-05-07,1.3491,0.01,000191,富国信用债A
2026-05-08,1.3493,0.01,000191,富国信用债A
2026-05-11,1.3497,0.03,000191,富国信用债A
2026-05-12,1.3501,0.03,000191,富国信用债A
2026-05-13,1.3506,0.04,000191,富国信用债A
2026-05-14,1.3505,-0.01,000191,富国信用债A
2026-05-15,1.3507,0.01,000191,富国信用债A
2026-05-18,1.351,0.02,000191,富国信用债A
2026-05-19,1.3516,0.04,000191,富国信用债A
2026-05-20,1.352,0.03,000191,富国信用债A
2026-05-21,1.3519,-0.01,000191,富国信用债A
2026-05-22,1.3519,0.0,000191,富国信用债A
