净值日期,单位净值,日增长率,基金代码,基金名称
2013-08-23,1.0,0.0,000171,易方达裕祥回报
2013-08-30,0.997,-0.3,000171,易方达裕祥回报
2013-09-06,1.004,0.7021,000171,易方达裕祥回报
2013-09-13,1.005,0.0996,000171,易方达裕祥回报
2013-09-16,1.007,0.199,000171,易方达裕祥回报
2013-09-17,1.004,-0.2979,000171,易方达裕祥回报
2013-09-18,1.006,0.1992,000171,易方达裕祥回报
2013-09-23,1.011,0.497,000171,易方达裕祥回报
2013-09-24,1.012,0.0989,000171,易方达裕祥回报
2013-09-25,1.01,-0.1976,000171,易方达裕祥回报
2013-09-26,1.004,-0.5941,000171,易方达裕祥回报
2013-09-27,1.002,-0.1992,000171,易方达裕祥回报
2013-09-30,1.007,0.499,000171,易方达裕祥回报
2013-10-08,1.011,0.3972,000171,易方达裕祥回报
2013-10-09,1.016,0.4946,000171,易方达裕祥回报
2013-10-10,1.012,-0.3937,000171,易方达裕祥回报
2013-10-11,1.013,0.0988,000171,易方达裕祥回报
2013-10-14,1.013,0.0,000171,易方达裕祥回报
2013-10-15,1.009,-0.3949,000171,易方达裕祥回报
2013-10-16,1.004,-0.4955,000171,易方达裕祥回报
2013-10-17,1.001,-0.2988,000171,易方达裕祥回报
2013-10-18,1.002,0.0999,000171,易方达裕祥回报
2013-10-21,1.007,0.499,000171,易方达裕祥回报
2013-10-22,1.002,-0.4965,000171,易方达裕祥回报
2013-10-23,0.998,-0.3992,000171,易方达裕祥回报
2013-10-24,0.995,-0.3006,000171,易方达裕祥回报
2013-10-25,0.989,-0.603,000171,易方达裕祥回报
2013-10-28,0.989,0.0,000171,易方达裕祥回报
2013-10-29,0.988,-0.1011,000171,易方达裕祥回报
2013-10-30,0.989,0.1012,000171,易方达裕祥回报
2013-10-31,0.986,-0.3033,000171,易方达裕祥回报
2013-11-01,0.986,0.0,000171,易方达裕祥回报
2013-11-04,0.986,0.0,000171,易方达裕祥回报
2013-11-05,0.987,0.1014,000171,易方达裕祥回报
2013-11-06,0.986,-0.1013,000171,易方达裕祥回报
2013-11-07,0.986,0.0,000171,易方达裕祥回报
2013-11-08,0.984,-0.2028,000171,易方达裕祥回报
2013-11-11,0.981,-0.3049,000171,易方达裕祥回报
2013-11-12,0.981,0.0,000171,易方达裕祥回报
2013-11-13,0.979,-0.2039,000171,易方达裕祥回报
2013-11-14,0.978,-0.1021,000171,易方达裕祥回报
2013-11-15,0.977,-0.1022,000171,易方达裕祥回报
2013-11-18,0.978,0.1024,000171,易方达裕祥回报
2013-11-19,0.977,-0.1022,000171,易方达裕祥回报
2013-11-20,0.975,-0.2047,000171,易方达裕祥回报
2013-11-21,0.975,0.0,000171,易方达裕祥回报
2013-11-22,0.976,0.1026,000171,易方达裕祥回报
2013-11-25,0.975,-0.1025,000171,易方达裕祥回报
2013-11-26,0.976,0.1026,000171,易方达裕祥回报
2013-11-27,0.978,0.2049,000171,易方达裕祥回报
2013-11-28,0.979,0.1022,000171,易方达裕祥回报
2013-11-29,0.981,0.2043,000171,易方达裕祥回报
2013-12-02,0.977,-0.4077,000171,易方达裕祥回报
2013-12-03,0.978,0.1024,000171,易方达裕祥回报
2013-12-04,0.98,0.2045,000171,易方达裕祥回报
2013-12-05,0.978,-0.2041,000171,易方达裕祥回报
2013-12-06,0.976,-0.2045,000171,易方达裕祥回报
2013-12-09,0.976,0.0,000171,易方达裕祥回报
2013-12-10,0.975,-0.1025,000171,易方达裕祥回报
2013-12-11,0.974,-0.1026,000171,易方达裕祥回报
2013-12-12,0.974,0.0,000171,易方达裕祥回报
2013-12-13,0.975,0.1027,000171,易方达裕祥回报
2013-12-16,0.974,-0.1026,000171,易方达裕祥回报
2013-12-17,0.973,-0.1027,000171,易方达裕祥回报
2013-12-18,0.972,-0.1028,000171,易方达裕祥回报
2013-12-19,0.97,-0.2058,000171,易方达裕祥回报
2013-12-20,0.969,-0.1031,000171,易方达裕祥回报
2013-12-23,0.968,-0.1032,000171,易方达裕祥回报
2013-12-24,0.969,0.1033,000171,易方达裕祥回报
2013-12-25,0.969,0.0,000171,易方达裕祥回报
2013-12-26,0.968,-0.1032,000171,易方达裕祥回报
2013-12-27,0.969,0.1033,000171,易方达裕祥回报
2013-12-30,0.968,-0.1032,000171,易方达裕祥回报
2013-12-31,0.968,0.0,000171,易方达裕祥回报
2014-01-02,0.969,0.1033,000171,易方达裕祥回报
2014-01-03,0.968,-0.1032,000171,易方达裕祥回报
2014-01-06,0.966,-0.2066,000171,易方达裕祥回报
2014-01-07,0.967,0.1035,000171,易方达裕祥回报
2014-01-08,0.968,0.1034,000171,易方达裕祥回报
2014-01-09,0.97,0.2066,000171,易方达裕祥回报
2014-01-10,0.97,0.0,000171,易方达裕祥回报
2014-01-13,0.97,0.0,000171,易方达裕祥回报
2014-01-14,0.971,0.1031,000171,易方达裕祥回报
2014-01-15,0.971,0.0,000171,易方达裕祥回报
2014-01-16,0.97,-0.103,000171,易方达裕祥回报
2014-01-17,0.97,0.0,000171,易方达裕祥回报
2014-01-20,0.969,-0.1031,000171,易方达裕祥回报
2014-01-21,0.969,0.0,000171,易方达裕祥回报
2014-01-22,0.971,0.2064,000171,易方达裕祥回报
2014-01-23,0.971,0.0,000171,易方达裕祥回报
2014-01-24,0.972,0.103,000171,易方达裕祥回报
2014-01-27,0.976,0.4115,000171,易方达裕祥回报
2014-01-28,0.976,0.0,000171,易方达裕祥回报
2014-01-29,0.977,0.1025,000171,易方达裕祥回报
2014-01-30,0.977,0.0,000171,易方达裕祥回报
2014-02-07,0.979,0.2047,000171,易方达裕祥回报
2014-02-10,0.982,0.3064,000171,易方达裕祥回报
2014-02-11,0.982,0.0,000171,易方达裕祥回报
2014-02-12,0.983,0.1018,000171,易方达裕祥回报
2014-02-13,0.984,0.1017,000171,易方达裕祥回报
2014-02-14,0.985,0.1016,000171,易方达裕祥回报
2014-02-17,0.986,0.1015,000171,易方达裕祥回报
2014-02-18,0.987,0.1014,000171,易方达裕祥回报
2014-02-19,0.987,0.0,000171,易方达裕祥回报
2014-02-20,0.987,0.0,000171,易方达裕祥回报
2014-02-21,0.987,0.0,000171,易方达裕祥回报
2014-02-24,0.988,0.1013,000171,易方达裕祥回报
2014-02-25,0.988,0.0,000171,易方达裕祥回报
2014-02-26,0.99,0.2024,000171,易方达裕祥回报
2014-02-27,0.992,0.202,000171,易方达裕祥回报
2014-02-28,0.993,0.1008,000171,易方达裕祥回报
2014-03-03,0.995,0.2014,000171,易方达裕祥回报
2014-03-04,0.995,0.0,000171,易方达裕祥回报
2014-03-05,0.993,-0.201,000171,易方达裕祥回报
2014-03-06,0.993,0.0,000171,易方达裕祥回报
2014-03-07,0.994,0.1007,000171,易方达裕祥回报
2014-03-10,0.994,0.0,000171,易方达裕祥回报
2014-03-11,0.995,0.1006,000171,易方达裕祥回报
2014-03-12,0.996,0.1005,000171,易方达裕祥回报
2014-03-13,0.997,0.1004,000171,易方达裕祥回报
2014-03-14,0.997,0.0,000171,易方达裕祥回报
2014-03-17,0.998,0.1003,000171,易方达裕祥回报
2014-03-18,0.999,0.1002,000171,易方达裕祥回报
2014-03-19,0.997,-0.2002,000171,易方达裕祥回报
2014-03-20,0.997,0.0,000171,易方达裕祥回报
2014-03-21,0.999,0.2006,000171,易方达裕祥回报
2014-03-24,0.999,0.0,000171,易方达裕祥回报
2014-03-25,0.999,0.0,000171,易方达裕祥回报
2014-03-26,1.0,0.1001,000171,易方达裕祥回报
2014-03-27,1.0,0.0,000171,易方达裕祥回报
2014-03-28,0.999,-0.1,000171,易方达裕祥回报
2014-03-31,0.999,0.0,000171,易方达裕祥回报
2014-04-01,0.999,0.0,000171,易方达裕祥回报
2014-04-02,0.999,0.0,000171,易方达裕祥回报
2014-04-03,0.999,0.0,000171,易方达裕祥回报
2014-04-04,1.0,0.1001,000171,易方达裕祥回报
2014-04-08,1.001,0.1,000171,易方达裕祥回报
2014-04-09,1.001,0.0,000171,易方达裕祥回报
2014-04-10,1.002,0.0999,000171,易方达裕祥回报
2014-04-11,1.003,0.0998,000171,易方达裕祥回报
2014-04-14,1.005,0.1994,000171,易方达裕祥回报
2014-04-15,1.006,0.0995,000171,易方达裕祥回报
2014-04-16,1.007,0.0994,000171,易方达裕祥回报
2014-04-17,1.01,0.2979,000171,易方达裕祥回报
2014-04-18,1.011,0.099,000171,易方达裕祥回报
2014-04-21,1.012,0.0989,000171,易方达裕祥回报
2014-04-22,1.013,0.0988,000171,易方达裕祥回报
2014-04-23,1.013,0.0,000171,易方达裕祥回报
2014-04-24,1.014,0.0987,000171,易方达裕祥回报
2014-04-25,1.014,0.0,000171,易方达裕祥回报
2014-04-28,1.014,0.0,000171,易方达裕祥回报
2014-04-29,1.015,0.0986,000171,易方达裕祥回报
2014-04-30,1.016,0.0985,000171,易方达裕祥回报
2014-05-05,1.018,0.1969,000171,易方达裕祥回报
2014-05-06,1.02,0.1965,000171,易方达裕祥回报
2014-05-07,1.021,0.098,000171,易方达裕祥回报
2014-05-08,1.025,0.3918,000171,易方达裕祥回报
2014-05-09,1.028,0.2927,000171,易方达裕祥回报
2014-05-12,1.029,0.0973,000171,易方达裕祥回报
2014-05-13,1.03,0.0972,000171,易方达裕祥回报
2014-05-14,1.029,-0.0971,000171,易方达裕祥回报
2014-05-15,1.029,0.0,000171,易方达裕祥回报
2014-05-16,1.029,0.0,000171,易方达裕祥回报
2014-05-19,1.029,0.0,000171,易方达裕祥回报
2014-05-20,1.029,0.0,000171,易方达裕祥回报
2014-05-21,1.03,0.0972,000171,易方达裕祥回报
2014-05-22,1.031,0.0971,000171,易方达裕祥回报
2014-05-23,1.029,-0.194,000171,易方达裕祥回报
2014-05-26,1.03,0.0972,000171,易方达裕祥回报
2014-05-27,1.031,0.0971,000171,易方达裕祥回报
2014-05-28,1.032,0.097,000171,易方达裕祥回报
2014-05-29,1.034,0.1938,000171,易方达裕祥回报
2014-05-30,1.035,0.0967,000171,易方达裕祥回报
2014-06-03,1.036,0.0966,000171,易方达裕祥回报
2014-06-04,1.038,0.1931,000171,易方达裕祥回报
2014-06-05,1.039,0.0963,000171,易方达裕祥回报
2014-06-06,1.041,0.1925,000171,易方达裕祥回报
2014-06-09,1.044,0.2882,000171,易方达裕祥回报
2014-06-10,1.045,0.0958,000171,易方达裕祥回报
2014-06-11,1.047,0.1914,000171,易方达裕祥回报
2014-06-12,1.047,0.0,000171,易方达裕祥回报
2014-06-13,1.048,0.0955,000171,易方达裕祥回报
2014-06-16,1.049,0.0954,000171,易方达裕祥回报
2014-06-17,1.05,0.0953,000171,易方达裕祥回报
2014-06-18,1.049,-0.0952,000171,易方达裕祥回报
2014-06-19,1.048,-0.0953,000171,易方达裕祥回报
2014-06-20,1.048,0.0,000171,易方达裕祥回报
2014-06-23,1.051,0.2863,000171,易方达裕祥回报
2014-06-24,1.049,-0.1903,000171,易方达裕祥回报
2014-06-25,1.049,0.0,000171,易方达裕祥回报
2014-06-26,1.05,0.0953,000171,易方达裕祥回报
2014-06-27,1.051,0.0952,000171,易方达裕祥回报
2014-06-30,1.051,0.0,000171,易方达裕祥回报
2014-07-01,1.049,-0.1903,000171,易方达裕祥回报
2014-07-02,1.05,0.0953,000171,易方达裕祥回报
2014-07-03,1.05,0.0,000171,易方达裕祥回报
2014-07-04,1.048,-0.1905,000171,易方达裕祥回报
2014-07-07,1.051,0.2863,000171,易方达裕祥回报
2014-07-08,1.05,-0.0951,000171,易方达裕祥回报
2014-07-09,1.051,0.0952,000171,易方达裕祥回报
2014-07-10,1.051,0.0,000171,易方达裕祥回报
2014-07-11,1.052,0.0951,000171,易方达裕祥回报
2014-07-14,1.053,0.0951,000171,易方达裕祥回报
2014-07-15,1.053,0.0,000171,易方达裕祥回报
2014-07-16,1.052,-0.095,000171,易方达裕祥回报
2014-07-17,1.052,0.0,000171,易方达裕祥回报
2014-07-18,1.052,0.0,000171,易方达裕祥回报
2014-07-21,1.052,0.0,000171,易方达裕祥回报
2014-07-22,1.052,0.0,000171,易方达裕祥回报
2014-07-23,1.052,0.0,000171,易方达裕祥回报
2014-07-24,1.053,0.0951,000171,易方达裕祥回报
2014-07-25,1.053,0.0,000171,易方达裕祥回报
2014-07-28,1.055,0.1899,000171,易方达裕祥回报
2014-07-29,1.056,0.0948,000171,易方达裕祥回报
2014-07-30,1.056,0.0,000171,易方达裕祥回报
2014-07-31,1.058,0.1894,000171,易方达裕祥回报
2014-08-01,1.058,0.0,000171,易方达裕祥回报
2014-08-04,1.06,0.189,000171,易方达裕祥回报
2014-08-05,1.061,0.0943,000171,易方达裕祥回报
2014-08-06,1.063,0.1885,000171,易方达裕祥回报
2014-08-07,1.062,-0.0941,000171,易方达裕祥回报
2014-08-08,1.063,0.0942,000171,易方达裕祥回报
2014-08-11,1.066,0.2822,000171,易方达裕祥回报
2014-08-12,1.066,0.0,000171,易方达裕祥回报
2014-08-13,1.067,0.0938,000171,易方达裕祥回报
2014-08-14,1.067,0.0,000171,易方达裕祥回报
2014-08-15,1.069,0.1874,000171,易方达裕祥回报
2014-08-18,1.07,0.0935,000171,易方达裕祥回报
2014-08-19,1.072,0.1869,000171,易方达裕祥回报
2014-08-20,1.072,0.0,000171,易方达裕祥回报
2014-08-21,1.072,0.0,000171,易方达裕祥回报
2014-08-22,1.073,0.0933,000171,易方达裕祥回报
2014-08-25,1.076,0.2796,000171,易方达裕祥回报
2014-08-26,1.074,-0.1859,000171,易方达裕祥回报
2014-08-27,1.076,0.1862,000171,易方达裕祥回报
2014-08-28,1.076,0.0,000171,易方达裕祥回报
2014-08-29,1.077,0.0929,000171,易方达裕祥回报
2014-09-01,1.079,0.1857,000171,易方达裕祥回报
2014-09-02,1.082,0.278,000171,易方达裕祥回报
2014-09-03,1.084,0.1848,000171,易方达裕祥回报
2014-09-04,1.086,0.1845,000171,易方达裕祥回报
2014-09-05,1.087,0.0921,000171,易方达裕祥回报
2014-09-09,1.087,0.0,000171,易方达裕祥回报
2014-09-10,1.087,0.0,000171,易方达裕祥回报
2014-09-11,1.087,0.0,000171,易方达裕祥回报
2014-09-12,1.091,0.368,000171,易方达裕祥回报
2014-09-15,1.094,0.275,000171,易方达裕祥回报
2014-09-16,1.089,-0.457,000171,易方达裕祥回报
2014-09-17,1.092,0.2755,000171,易方达裕祥回报
2014-09-18,1.095,0.2747,000171,易方达裕祥回报
2014-09-19,1.1,0.4566,000171,易方达裕祥回报
2014-09-22,1.097,-0.2727,000171,易方达裕祥回报
2014-09-23,1.1,0.2735,000171,易方达裕祥回报
2014-09-24,1.102,0.1818,000171,易方达裕祥回报
2014-09-25,1.105,0.2722,000171,易方达裕祥回报
2014-09-26,1.105,0.0,000171,易方达裕祥回报
2014-09-29,1.106,0.0905,000171,易方达裕祥回报
2014-09-30,1.11,0.3617,000171,易方达裕祥回报
2014-10-08,1.114,0.3604,000171,易方达裕祥回报
2014-10-09,1.114,0.0,000171,易方达裕祥回报
2014-10-10,1.113,-0.0898,000171,易方达裕祥回报
2014-10-13,1.115,0.1797,000171,易方达裕祥回报
2014-10-14,1.115,0.0,000171,易方达裕祥回报
2014-10-15,1.118,0.2691,000171,易方达裕祥回报
2014-10-16,1.117,-0.0894,000171,易方达裕祥回报
2014-10-17,1.12,0.2686,000171,易方达裕祥回报
2014-10-20,1.128,0.7143,000171,易方达裕祥回报
2014-10-21,1.128,0.0,000171,易方达裕祥回报
2014-10-22,1.127,-0.0887,000171,易方达裕祥回报
2014-10-23,1.127,0.0,000171,易方达裕祥回报
2014-10-24,1.127,0.0,000171,易方达裕祥回报
2014-10-27,1.133,0.5324,000171,易方达裕祥回报
2014-10-28,1.138,0.4413,000171,易方达裕祥回报
2014-10-29,1.143,0.4394,000171,易方达裕祥回报
2014-10-30,1.147,0.35,000171,易方达裕祥回报
2014-10-31,1.147,0.0,000171,易方达裕祥回报
2014-11-03,1.151,0.3487,000171,易方达裕祥回报
2014-11-04,1.156,0.4344,000171,易方达裕祥回报
2014-11-05,1.157,0.0865,000171,易方达裕祥回报
2014-11-06,1.16,0.2593,000171,易方达裕祥回报
2014-11-07,1.163,0.2586,000171,易方达裕祥回报
2014-11-10,1.169,0.5159,000171,易方达裕祥回报
2014-11-11,1.168,-0.0855,000171,易方达裕祥回报
2014-11-12,1.168,0.0,000171,易方达裕祥回报
2014-11-13,1.165,-0.2568,000171,易方达裕祥回报
2014-11-14,1.161,-0.3433,000171,易方达裕祥回报
2014-11-17,1.163,0.1723,000171,易方达裕祥回报
2014-11-18,1.16,-0.258,000171,易方达裕祥回报
2014-11-19,1.16,0.0,000171,易方达裕祥回报
2014-11-20,1.161,0.0862,000171,易方达裕祥回报
2014-11-21,1.164,0.2584,000171,易方达裕祥回报
2014-11-24,1.174,0.8591,000171,易方达裕祥回报
2014-11-25,1.177,0.2555,000171,易方达裕祥回报
2014-11-26,1.177,0.0,000171,易方达裕祥回报
2014-11-27,1.177,0.0,000171,易方达裕祥回报
2014-11-28,1.18,0.2549,000171,易方达裕祥回报
2014-12-01,1.177,-0.2542,000171,易方达裕祥回报
2014-12-02,1.181,0.3398,000171,易方达裕祥回报
2014-12-03,1.179,-0.1693,000171,易方达裕祥回报
2014-12-04,1.185,0.5089,000171,易方达裕祥回报
2014-12-05,1.181,-0.3376,000171,易方达裕祥回报
2014-12-08,1.182,0.0847,000171,易方达裕祥回报
2014-12-09,1.157,-2.1151,000171,易方达裕祥回报
2014-12-10,1.164,0.605,000171,易方达裕祥回报
2014-12-11,1.166,0.1718,000171,易方达裕祥回报
2014-12-12,1.167,0.0858,000171,易方达裕祥回报
2014-12-15,1.17,0.2571,000171,易方达裕祥回报
2014-12-16,1.171,0.0855,000171,易方达裕祥回报
2014-12-17,1.169,-0.1708,000171,易方达裕祥回报
2014-12-18,1.172,0.2566,000171,易方达裕祥回报
2014-12-19,1.174,0.1706,000171,易方达裕祥回报
2014-12-22,1.168,-0.5111,000171,易方达裕祥回报
2014-12-23,1.16,-0.6849,000171,易方达裕祥回报
2014-12-24,1.16,0.0,000171,易方达裕祥回报
2014-12-25,1.169,0.7759,000171,易方达裕祥回报
2014-12-26,1.173,0.3422,000171,易方达裕祥回报
2014-12-29,1.173,0.0,000171,易方达裕祥回报
2014-12-30,1.171,-0.1705,000171,易方达裕祥回报
2014-12-31,1.174,0.2562,000171,易方达裕祥回报
2015-01-05,1.179,0.4259,000171,易方达裕祥回报
2015-01-06,1.183,0.3393,000171,易方达裕祥回报
2015-01-07,1.188,0.4227,000171,易方达裕祥回报
2015-01-08,1.188,0.0,000171,易方达裕祥回报
2015-01-09,1.187,-0.0842,000171,易方达裕祥回报
2015-01-12,1.184,-0.2527,000171,易方达裕祥回报
2015-01-13,1.187,0.2534,000171,易方达裕祥回报
2015-01-14,1.187,0.0,000171,易方达裕祥回报
2015-01-15,1.189,0.1685,000171,易方达裕祥回报
2015-01-16,1.193,0.3364,000171,易方达裕祥回报
2015-01-19,1.188,-0.4191,000171,易方达裕祥回报
2015-01-20,1.194,0.5051,000171,易方达裕祥回报
2015-01-21,1.197,0.2513,000171,易方达裕祥回报
2015-01-22,1.2,0.2506,000171,易方达裕祥回报
2015-01-23,1.199,-0.0833,000171,易方达裕祥回报
2015-01-26,1.202,0.2502,000171,易方达裕祥回报
2015-01-27,1.203,0.0832,000171,易方达裕祥回报
2015-01-28,1.201,-0.1663,000171,易方达裕祥回报
2015-01-29,1.201,0.0,000171,易方达裕祥回报
2015-01-30,1.199,-0.1665,000171,易方达裕祥回报
2015-02-02,1.195,-0.3336,000171,易方达裕祥回报
2015-02-03,1.197,0.1674,000171,易方达裕祥回报
2015-02-04,1.197,0.0,000171,易方达裕祥回报
2015-02-05,1.195,-0.1671,000171,易方达裕祥回报
2015-02-06,1.192,-0.251,000171,易方达裕祥回报
2015-02-09,1.195,0.2517,000171,易方达裕祥回报
2015-02-10,1.197,0.1674,000171,易方达裕祥回报
2015-02-11,1.199,0.1671,000171,易方达裕祥回报
2015-02-12,1.2,0.0834,000171,易方达裕祥回报
2015-02-13,1.202,0.1667,000171,易方达裕祥回报
2015-02-16,1.206,0.3328,000171,易方达裕祥回报
2015-02-17,1.209,0.2488,000171,易方达裕祥回报
2015-02-25,1.207,-0.1654,000171,易方达裕祥回报
2015-02-26,1.214,0.58,000171,易方达裕祥回报
2015-02-27,1.217,0.2471,000171,易方达裕祥回报
2015-03-02,1.224,0.5752,000171,易方达裕祥回报
2015-03-03,1.228,0.3268,000171,易方达裕祥回报
2015-03-04,1.23,0.1629,000171,易方达裕祥回报
2015-03-05,1.231,0.0813,000171,易方达裕祥回报
2015-03-06,1.226,-0.4062,000171,易方达裕祥回报
2015-03-09,1.23,0.3263,000171,易方达裕祥回报
2015-03-10,1.233,0.2439,000171,易方达裕祥回报
2015-03-11,1.233,0.0,000171,易方达裕祥回报
2015-03-12,1.23,-0.2433,000171,易方达裕祥回报
2015-03-13,1.233,0.2439,000171,易方达裕祥回报
2015-03-16,1.24,0.5677,000171,易方达裕祥回报
2015-03-17,1.245,0.4032,000171,易方达裕祥回报
2015-03-18,1.252,0.5622,000171,易方达裕祥回报
2015-03-19,1.257,0.3994,000171,易方达裕祥回报
2015-03-20,1.262,0.3978,000171,易方达裕祥回报
2015-03-23,1.269,0.5547,000171,易方达裕祥回报
2015-03-24,1.269,0.0,000171,易方达裕祥回报
2015-03-25,1.271,0.1576,000171,易方达裕祥回报
2015-03-26,1.266,-0.3934,000171,易方达裕祥回报
2015-03-27,1.267,0.079,000171,易方达裕祥回报
2015-03-30,1.269,0.1579,000171,易方达裕祥回报
2015-03-31,1.267,-0.1576,000171,易方达裕祥回报
2015-04-01,1.274,0.5525,000171,易方达裕祥回报
2015-04-02,1.279,0.3925,000171,易方达裕祥回报
2015-04-03,1.283,0.3127,000171,易方达裕祥回报
2015-04-07,1.286,0.2338,000171,易方达裕祥回报
2015-04-08,1.279,-0.5443,000171,易方达裕祥回报
2015-04-09,1.275,-0.3127,000171,易方达裕祥回报
2015-04-10,1.282,0.549,000171,易方达裕祥回报
2015-04-13,1.287,0.39,000171,易方达裕祥回报
2015-04-14,1.288,0.0777,000171,易方达裕祥回报
2015-04-15,1.283,-0.3882,000171,易方达裕祥回报
2015-04-16,1.287,0.3118,000171,易方达裕祥回报
2015-04-17,1.293,0.4662,000171,易方达裕祥回报
2015-04-20,1.295,0.1547,000171,易方达裕祥回报
2015-04-21,1.307,0.9266,000171,易方达裕祥回报
2015-04-22,1.316,0.6886,000171,易方达裕祥回报
2015-04-23,1.319,0.228,000171,易方达裕祥回报
2015-04-24,1.316,-0.2274,000171,易方达裕祥回报
2015-04-27,1.321,0.3799,000171,易方达裕祥回报
2015-04-28,1.315,-0.4542,000171,易方达裕祥回报
2015-04-29,1.322,0.5323,000171,易方达裕祥回报
2015-04-30,1.326,0.3026,000171,易方达裕祥回报
2015-05-04,1.33,0.3017,000171,易方达裕祥回报
2015-05-05,1.321,-0.6767,000171,易方达裕祥回报
2015-05-06,1.319,-0.1514,000171,易方达裕祥回报
2015-05-07,1.317,-0.1516,000171,易方达裕祥回报
2015-05-08,1.326,0.6834,000171,易方达裕祥回报
2015-05-11,1.338,0.905,000171,易方达裕祥回报
2015-05-12,1.344,0.4484,000171,易方达裕祥回报
2015-05-13,1.347,0.2232,000171,易方达裕祥回报
2015-05-14,1.353,0.4454,000171,易方达裕祥回报
2015-05-15,1.351,-0.1478,000171,易方达裕祥回报
2015-05-18,1.356,0.3701,000171,易方达裕祥回报
2015-05-19,1.361,0.3687,000171,易方达裕祥回报
2015-05-20,1.368,0.5143,000171,易方达裕祥回报
2015-05-21,1.378,0.731,000171,易方达裕祥回报
2015-05-22,1.382,0.2903,000171,易方达裕祥回报
2015-05-25,1.39,0.5789,000171,易方达裕祥回报
2015-05-26,1.401,0.7914,000171,易方达裕祥回报
2015-05-27,1.404,0.2141,000171,易方达裕祥回报
2015-05-28,1.382,-1.567,000171,易方达裕祥回报
2015-05-29,1.385,0.2171,000171,易方达裕祥回报
2015-06-01,1.4,1.083,000171,易方达裕祥回报
2015-06-02,1.41,0.7143,000171,易方达裕祥回报
2015-06-03,1.414,0.2837,000171,易方达裕祥回报
2015-06-04,1.412,-0.1414,000171,易方达裕祥回报
2015-06-05,1.415,0.2125,000171,易方达裕祥回报
2015-06-08,1.412,-0.212,000171,易方达裕祥回报
2015-06-09,1.413,0.0708,000171,易方达裕祥回报
2015-06-10,1.42,0.4954,000171,易方达裕祥回报
2015-06-11,1.426,0.4225,000171,易方达裕祥回报
2015-06-12,1.428,0.1403,000171,易方达裕祥回报
2015-06-15,1.425,-0.2101,000171,易方达裕祥回报
2015-06-16,1.411,-0.9825,000171,易方达裕祥回报
2015-06-17,1.417,0.4252,000171,易方达裕祥回报
2015-06-18,1.409,-0.5646,000171,易方达裕祥回报
2015-06-19,1.395,-0.9936,000171,易方达裕祥回报
2015-06-23,1.398,0.2151,000171,易方达裕祥回报
2015-06-24,1.401,0.2146,000171,易方达裕祥回报
2015-06-25,1.395,-0.4283,000171,易方达裕祥回报
2015-06-26,1.382,-0.9319,000171,易方达裕祥回报
2015-06-29,1.371,-0.7959,000171,易方达裕祥回报
2015-06-30,1.377,0.4376,000171,易方达裕祥回报
2015-07-01,1.368,-0.6536,000171,易方达裕祥回报
2015-07-02,1.357,-0.8041,000171,易方达裕祥回报
2015-07-03,1.345,-0.8843,000171,易方达裕祥回报
2015-07-06,1.341,-0.2974,000171,易方达裕祥回报
2015-07-07,1.323,-1.3423,000171,易方达裕祥回报
2015-07-08,1.303,-1.5117,000171,易方达裕祥回报
2015-07-09,1.311,0.614,000171,易方达裕祥回报
2015-07-10,1.323,0.9153,000171,易方达裕祥回报
2015-07-13,1.339,1.2094,000171,易方达裕祥回报
2015-07-14,1.345,0.4481,000171,易方达裕祥回报
2015-07-15,1.337,-0.5948,000171,易方达裕祥回报
2015-07-16,1.343,0.4488,000171,易方达裕祥回报
2015-07-17,1.356,0.968,000171,易方达裕祥回报
2015-07-20,1.363,0.5162,000171,易方达裕祥回报
2015-07-21,1.368,0.3668,000171,易方达裕祥回报
2015-07-22,1.374,0.4386,000171,易方达裕祥回报
2015-07-23,1.382,0.5822,000171,易方达裕祥回报
2015-07-24,1.377,-0.3618,000171,易方达裕祥回报
2015-07-27,1.358,-1.3798,000171,易方达裕祥回报
2015-07-28,1.35,-0.5891,000171,易方达裕祥回报
2015-07-29,1.364,1.037,000171,易方达裕祥回报
2015-07-30,1.359,-0.3666,000171,易方达裕祥回报
2015-07-31,1.353,-0.4415,000171,易方达裕祥回报
2015-08-03,1.348,-0.3695,000171,易方达裕祥回报
2015-08-04,1.363,1.1128,000171,易方达裕祥回报
2015-08-05,1.361,-0.1467,000171,易方达裕祥回报
2015-08-06,1.362,0.0735,000171,易方达裕祥回报
2015-08-07,1.374,0.8811,000171,易方达裕祥回报
2015-08-10,1.388,1.0189,000171,易方达裕祥回报
2015-08-11,1.384,-0.2882,000171,易方达裕祥回报
2015-08-12,1.383,-0.0723,000171,易方达裕祥回报
2015-08-13,1.387,0.2892,000171,易方达裕祥回报
2015-08-14,1.391,0.2884,000171,易方达裕祥回报
2015-08-17,1.396,0.3595,000171,易方达裕祥回报
2015-08-18,1.378,-1.2894,000171,易方达裕祥回报
2015-08-19,1.383,0.3628,000171,易方达裕祥回报
2015-08-20,1.374,-0.6508,000171,易方达裕祥回报
2015-08-21,1.364,-0.7278,000171,易方达裕祥回报
2015-08-24,1.351,-0.9531,000171,易方达裕祥回报
2015-08-25,1.341,-0.7402,000171,易方达裕祥回报
2015-08-26,1.329,-0.8949,000171,易方达裕祥回报
2015-08-27,1.338,0.6772,000171,易方达裕祥回报
2015-08-28,1.35,0.8969,000171,易方达裕祥回报
2015-08-31,1.345,-0.3704,000171,易方达裕祥回报
2015-09-01,1.335,-0.7435,000171,易方达裕祥回报
2015-09-02,1.333,-0.1498,000171,易方达裕祥回报
2015-09-07,1.336,0.2251,000171,易方达裕祥回报
2015-09-08,1.341,0.3743,000171,易方达裕祥回报
2015-09-09,1.344,0.2237,000171,易方达裕祥回报
2015-09-10,1.343,-0.0744,000171,易方达裕祥回报
2015-09-11,1.344,0.0745,000171,易方达裕祥回报
2015-09-14,1.338,-0.4464,000171,易方达裕祥回报
2015-09-15,1.334,-0.299,000171,易方达裕祥回报
2015-09-16,1.341,0.5247,000171,易方达裕祥回报
2015-09-17,1.341,0.0,000171,易方达裕祥回报
2015-09-18,1.343,0.1491,000171,易方达裕祥回报
2015-09-21,1.347,0.2978,000171,易方达裕祥回报
2015-09-22,1.348,0.0742,000171,易方达裕祥回报
2015-09-23,1.347,-0.0742,000171,易方达裕祥回报
2015-09-24,1.348,0.0742,000171,易方达裕祥回报
2015-09-25,1.345,-0.2226,000171,易方达裕祥回报
2015-09-28,1.348,0.223,000171,易方达裕祥回报
2015-09-29,1.351,0.2226,000171,易方达裕祥回报
2015-09-30,1.352,0.074,000171,易方达裕祥回报
2015-10-08,1.36,0.5917,000171,易方达裕祥回报
2015-10-09,1.361,0.0735,000171,易方达裕祥回报
2015-10-12,1.365,0.2939,000171,易方达裕祥回报
2015-10-13,1.371,0.4396,000171,易方达裕祥回报
2015-10-14,1.371,0.0,000171,易方达裕祥回报
2015-10-15,1.375,0.2918,000171,易方达裕祥回报
2015-10-16,1.377,0.1455,000171,易方达裕祥回报
2015-10-19,1.378,0.0726,000171,易方达裕祥回报
2015-10-20,1.383,0.3628,000171,易方达裕祥回报
2015-10-21,1.375,-0.5785,000171,易方达裕祥回报
2015-10-22,1.38,0.3636,000171,易方达裕祥回报
2015-10-23,1.386,0.4348,000171,易方达裕祥回报
2015-10-26,1.391,0.3608,000171,易方达裕祥回报
2015-10-27,1.393,0.1438,000171,易方达裕祥回报
2015-10-28,1.392,-0.0718,000171,易方达裕祥回报
2015-10-29,1.394,0.1437,000171,易方达裕祥回报
2015-10-30,1.395,0.0717,000171,易方达裕祥回报
2015-11-02,1.394,-0.0717,000171,易方达裕祥回报
2015-11-03,1.393,-0.0717,000171,易方达裕祥回报
2015-11-04,1.399,0.4307,000171,易方达裕祥回报
2015-11-05,1.398,-0.0715,000171,易方达裕祥回报
2015-11-06,1.402,0.2861,000171,易方达裕祥回报
2015-11-09,1.4,-0.1427,000171,易方达裕祥回报
2015-11-10,1.398,-0.1429,000171,易方达裕祥回报
2015-11-11,1.4,0.1431,000171,易方达裕祥回报
2015-11-12,1.402,0.1429,000171,易方达裕祥回报
2015-11-13,1.398,-0.2853,000171,易方达裕祥回报
2015-11-16,1.4,0.1431,000171,易方达裕祥回报
2015-11-17,1.401,0.0714,000171,易方达裕祥回报
2015-11-18,1.398,-0.2141,000171,易方达裕祥回报
2015-11-19,1.401,0.2146,000171,易方达裕祥回报
2015-11-20,1.401,0.0,000171,易方达裕祥回报
2015-11-23,1.4,-0.0714,000171,易方达裕祥回报
2015-11-24,1.404,0.2857,000171,易方达裕祥回报
2015-11-25,1.406,0.1425,000171,易方达裕祥回报
2015-11-26,1.406,0.0,000171,易方达裕祥回报
2015-11-27,1.399,-0.4979,000171,易方达裕祥回报
2015-11-30,1.403,0.2859,000171,易方达裕祥回报
2015-12-01,1.406,0.2138,000171,易方达裕祥回报
2015-12-02,1.405,-0.0711,000171,易方达裕祥回报
2015-12-03,1.409,0.2847,000171,易方达裕祥回报
2015-12-04,1.412,0.2129,000171,易方达裕祥回报
2015-12-07,1.415,0.2125,000171,易方达裕祥回报
2015-12-08,1.413,-0.1413,000171,易方达裕祥回报
2015-12-09,1.413,0.0,000171,易方达裕祥回报
2015-12-10,1.413,0.0,000171,易方达裕祥回报
2015-12-11,1.415,0.1415,000171,易方达裕祥回报
2015-12-14,1.417,0.1413,000171,易方达裕祥回报
2015-12-15,1.418,0.0706,000171,易方达裕祥回报
2015-12-16,1.419,0.0705,000171,易方达裕祥回报
2015-12-17,1.423,0.2819,000171,易方达裕祥回报
2015-12-18,1.423,0.0,000171,易方达裕祥回报
2015-12-21,1.428,0.3514,000171,易方达裕祥回报
2015-12-22,1.432,0.2801,000171,易方达裕祥回报
2015-12-23,1.432,0.0,000171,易方达裕祥回报
2015-12-24,1.435,0.2095,000171,易方达裕祥回报
2015-12-25,1.436,0.0697,000171,易方达裕祥回报
2015-12-28,1.434,-0.1393,000171,易方达裕祥回报
2015-12-29,1.435,0.0697,000171,易方达裕祥回报
2015-12-30,1.437,0.1394,000171,易方达裕祥回报
2015-12-31,1.435,-0.1392,000171,易方达裕祥回报
2016-01-04,1.424,-0.7666,000171,易方达裕祥回报
2016-01-05,1.423,-0.0702,000171,易方达裕祥回报
2016-01-06,1.425,0.1405,000171,易方达裕祥回报
2016-01-07,1.417,-0.5614,000171,易方达裕祥回报
2016-01-08,1.419,0.1411,000171,易方达裕祥回报
2016-01-11,1.411,-0.5638,000171,易方达裕祥回报
2016-01-12,1.414,0.2126,000171,易方达裕祥回报
2016-01-13,1.413,-0.0707,000171,易方达裕祥回报
2016-01-14,1.417,0.2831,000171,易方达裕祥回报
2016-01-15,1.414,-0.2117,000171,易方达裕祥回报
2016-01-18,1.417,0.2122,000171,易方达裕祥回报
2016-01-19,1.42,0.2117,000171,易方达裕祥回报
2016-01-20,1.419,-0.0704,000171,易方达裕祥回报
2016-01-21,1.417,-0.1409,000171,易方达裕祥回报
2016-01-22,1.42,0.2117,000171,易方达裕祥回报
2016-01-25,1.419,-0.0704,000171,易方达裕祥回报
2016-01-26,1.413,-0.4228,000171,易方达裕祥回报
2016-01-27,1.411,-0.1415,000171,易方达裕祥回报
2016-01-28,1.407,-0.2835,000171,易方达裕祥回报
2016-01-29,1.411,0.2843,000171,易方达裕祥回报
2016-02-01,1.41,-0.0709,000171,易方达裕祥回报
2016-02-02,1.412,0.1418,000171,易方达裕祥回报
2016-02-03,1.411,-0.0708,000171,易方达裕祥回报
2016-02-04,1.413,0.1417,000171,易方达裕祥回报
2016-02-05,1.413,0.0,000171,易方达裕祥回报
2016-02-15,1.416,0.2123,000171,易方达裕祥回报
2016-02-16,1.418,0.1412,000171,易方达裕祥回报
2016-02-17,1.419,0.0705,000171,易方达裕祥回报
2016-02-18,1.419,0.0,000171,易方达裕祥回报
2016-02-19,1.422,0.2114,000171,易方达裕祥回报
2016-02-22,1.424,0.1406,000171,易方达裕祥回报
2016-02-23,1.424,0.0,000171,易方达裕祥回报
2016-02-24,1.424,0.0,000171,易方达裕祥回报
2016-02-25,1.418,-0.4213,000171,易方达裕祥回报
2016-02-26,1.418,0.0,000171,易方达裕祥回报
2016-02-29,1.416,-0.141,000171,易方达裕祥回报
2016-03-01,1.417,0.0706,000171,易方达裕祥回报
2016-03-02,1.42,0.2117,000171,易方达裕祥回报
2016-03-03,1.422,0.1408,000171,易方达裕祥回报
2016-03-04,1.419,-0.211,000171,易方达裕祥回报
2016-03-07,1.422,0.2114,000171,易方达裕祥回报
2016-03-08,1.423,0.0703,000171,易方达裕祥回报
2016-03-09,1.424,0.0703,000171,易方达裕祥回报
2016-03-10,1.424,0.0,000171,易方达裕祥回报
2016-03-11,1.424,0.0,000171,易方达裕祥回报
2016-03-14,1.428,0.2809,000171,易方达裕祥回报
2016-03-15,1.428,0.0,000171,易方达裕祥回报
2016-03-16,1.429,0.07,000171,易方达裕祥回报
2016-03-17,1.433,0.2799,000171,易方达裕祥回报
2016-03-18,1.436,0.2094,000171,易方达裕祥回报
2016-03-21,1.439,0.2089,000171,易方达裕祥回报
2016-03-22,1.44,0.0695,000171,易方达裕祥回报
2016-03-23,1.44,0.0,000171,易方达裕祥回报
2016-03-24,1.44,0.0,000171,易方达裕祥回报
2016-03-25,1.441,0.0694,000171,易方达裕祥回报
2016-03-28,1.44,-0.0694,000171,易方达裕祥回报
2016-03-29,1.438,-0.1389,000171,易方达裕祥回报
2016-03-30,1.444,0.4172,000171,易方达裕祥回报
2016-03-31,1.445,0.0693,000171,易方达裕祥回报
2016-04-01,1.446,0.0692,000171,易方达裕祥回报
2016-04-05,1.45,0.2766,000171,易方达裕祥回报
2016-04-06,1.451,0.069,000171,易方达裕祥回报
2016-04-07,1.448,-0.2068,000171,易方达裕祥回报
2016-04-08,1.449,0.0691,000171,易方达裕祥回报
2016-04-11,1.449,0.0,000171,易方达裕祥回报
2016-04-12,1.446,-0.207,000171,易方达裕祥回报
2016-04-13,1.445,-0.0692,000171,易方达裕祥回报
2016-04-14,1.442,-0.2076,000171,易方达裕祥回报
2016-04-15,1.44,-0.1387,000171,易方达裕祥回报
2016-04-18,1.438,-0.1389,000171,易方达裕祥回报
2016-04-19,1.437,-0.0695,000171,易方达裕祥回报
2016-04-20,1.429,-0.5567,000171,易方达裕祥回报
2016-04-21,1.424,-0.3499,000171,易方达裕祥回报
2016-04-22,1.423,-0.0702,000171,易方达裕祥回报
2016-04-25,1.416,-0.4919,000171,易方达裕祥回报
2016-04-26,1.415,-0.0706,000171,易方达裕祥回报
2016-04-27,1.416,0.0707,000171,易方达裕祥回报
2016-04-28,1.417,0.0706,000171,易方达裕祥回报
2016-04-29,1.418,0.0706,000171,易方达裕祥回报
2016-05-03,1.422,0.2821,000171,易方达裕祥回报
2016-05-04,1.422,0.0,000171,易方达裕祥回报
2016-05-05,1.424,0.1406,000171,易方达裕祥回报
2016-05-06,1.421,-0.2107,000171,易方达裕祥回报
2016-05-09,1.418,-0.2111,000171,易方达裕祥回报
2016-05-10,1.419,0.0705,000171,易方达裕祥回报
2016-05-11,1.419,0.0,000171,易方达裕祥回报
2016-05-12,1.42,0.0705,000171,易方达裕祥回报
2016-05-13,1.421,0.0704,000171,易方达裕祥回报
2016-05-16,1.422,0.0704,000171,易方达裕祥回报
2016-05-17,1.423,0.0703,000171,易方达裕祥回报
2016-05-18,1.421,-0.1405,000171,易方达裕祥回报
2016-05-19,1.422,0.0704,000171,易方达裕祥回报
2016-05-20,1.425,0.211,000171,易方达裕祥回报
2016-05-23,1.428,0.2105,000171,易方达裕祥回报
2016-05-24,1.425,-0.2101,000171,易方达裕祥回报
2016-05-25,1.428,0.2105,000171,易方达裕祥回报
2016-05-26,1.43,0.1401,000171,易方达裕祥回报
2016-05-27,1.43,0.0,000171,易方达裕祥回报
2016-05-30,1.428,-0.1399,000171,易方达裕祥回报
2016-05-31,1.43,0.1401,000171,易方达裕祥回报
2016-06-01,1.432,0.1399,000171,易方达裕祥回报
2016-06-02,1.432,0.0,000171,易方达裕祥回报
2016-06-03,1.432,0.0,000171,易方达裕祥回报
2016-06-06,1.433,0.0698,000171,易方达裕祥回报
2016-06-07,1.433,0.0,000171,易方达裕祥回报
2016-06-08,1.432,-0.0698,000171,易方达裕祥回报
2016-06-13,1.427,-0.3492,000171,易方达裕祥回报
2016-06-14,1.428,0.0701,000171,易方达裕祥回报
2016-06-15,1.433,0.3501,000171,易方达裕祥回报
2016-06-16,1.432,-0.0698,000171,易方达裕祥回报
2016-06-17,1.434,0.1397,000171,易方达裕祥回报
2016-06-20,1.436,0.1395,000171,易方达裕祥回报
2016-06-21,1.437,0.0696,000171,易方达裕祥回报
2016-06-22,1.439,0.1392,000171,易方达裕祥回报
2016-06-23,1.438,-0.0695,000171,易方达裕祥回报
2016-06-24,1.438,0.0,000171,易方达裕祥回报
2016-06-27,1.442,0.2782,000171,易方达裕祥回报
2016-06-28,1.443,0.0693,000171,易方达裕祥回报
2016-06-29,1.444,0.0693,000171,易方达裕祥回报
2016-06-30,1.446,0.1385,000171,易方达裕祥回报
2016-07-01,1.447,0.0692,000171,易方达裕祥回报
2016-07-04,1.449,0.1382,000171,易方达裕祥回报
2016-07-05,1.451,0.138,000171,易方达裕祥回报
2016-07-06,1.452,0.0689,000171,易方达裕祥回报
2016-07-07,1.453,0.0689,000171,易方达裕祥回报
2016-07-08,1.454,0.0688,000171,易方达裕祥回报
2016-07-11,1.454,0.0,000171,易方达裕祥回报
2016-07-12,1.458,0.2751,000171,易方达裕祥回报
2016-07-13,1.459,0.0686,000171,易方达裕祥回报
2016-07-14,1.459,0.0,000171,易方达裕祥回报
2016-07-15,1.459,0.0,000171,易方达裕祥回报
2016-07-18,1.46,0.0685,000171,易方达裕祥回报
2016-07-19,1.46,0.0,000171,易方达裕祥回报
2016-07-20,1.461,0.0685,000171,易方达裕祥回报
2016-07-21,1.462,0.0684,000171,易方达裕祥回报
2016-07-22,1.46,-0.1368,000171,易方达裕祥回报
2016-07-25,1.46,0.0,000171,易方达裕祥回报
2016-07-26,1.463,0.2055,000171,易方达裕祥回报
2016-07-27,1.459,-0.2734,000171,易方达裕祥回报
2016-07-28,1.461,0.1371,000171,易方达裕祥回报
2016-07-29,1.461,0.0,000171,易方达裕祥回报
2016-08-01,1.457,-0.2738,000171,易方达裕祥回报
2016-08-02,1.459,0.1373,000171,易方达裕祥回报
2016-08-03,1.462,0.2056,000171,易方达裕祥回报
2016-08-04,1.463,0.0684,000171,易方达裕祥回报
2016-08-05,1.462,-0.0684,000171,易方达裕祥回报
2016-08-08,1.468,0.4104,000171,易方达裕祥回报
2016-08-09,1.471,0.2044,000171,易方达裕祥回报
2016-08-10,1.47,-0.068,000171,易方达裕祥回报
2016-08-11,1.467,-0.2041,000171,易方达裕祥回报
2016-08-12,1.471,0.2727,000171,易方达裕祥回报
2016-08-15,1.477,0.4079,000171,易方达裕祥回报
2016-08-16,1.478,0.0677,000171,易方达裕祥回报
2016-08-17,1.479,0.0677,000171,易方达裕祥回报
2016-08-18,1.477,-0.1352,000171,易方达裕祥回报
2016-08-19,1.476,-0.0677,000171,易方达裕祥回报
2016-08-22,1.476,0.0,000171,易方达裕祥回报
2016-08-23,1.476,0.0,000171,易方达裕祥回报
2016-08-24,1.475,-0.0678,000171,易方达裕祥回报
2016-08-25,1.472,-0.2034,000171,易方达裕祥回报
2016-08-26,1.473,0.0679,000171,易方达裕祥回报
2016-08-29,1.475,0.1358,000171,易方达裕祥回报
2016-08-30,1.473,-0.1356,000171,易方达裕祥回报
2016-08-31,1.473,0.0,000171,易方达裕祥回报
2016-09-01,1.472,-0.0679,000171,易方达裕祥回报
2016-09-02,1.47,-0.1359,000171,易方达裕祥回报
2016-09-05,1.472,0.1361,000171,易方达裕祥回报
2016-09-06,1.474,0.1359,000171,易方达裕祥回报
2016-09-07,1.474,0.0,000171,易方达裕祥回报
2016-09-08,1.475,0.0678,000171,易方达裕祥回报
2016-09-09,1.473,-0.1356,000171,易方达裕祥回报
2016-09-12,1.47,-0.2037,000171,易方达裕祥回报
2016-09-13,1.471,0.068,000171,易方达裕祥回报
2016-09-14,1.47,-0.068,000171,易方达裕祥回报
2016-09-19,1.473,0.2041,000171,易方达裕祥回报
2016-09-20,1.473,0.0,000171,易方达裕祥回报
2016-09-21,1.473,0.0,000171,易方达裕祥回报
2016-09-22,1.474,0.0679,000171,易方达裕祥回报
2016-09-23,1.475,0.0678,000171,易方达裕祥回报
2016-09-26,1.474,-0.0678,000171,易方达裕祥回报
2016-09-27,1.474,0.0,000171,易方达裕祥回报
2016-09-28,1.474,0.0,000171,易方达裕祥回报
2016-09-29,1.476,0.1357,000171,易方达裕祥回报
2016-09-30,1.478,0.1355,000171,易方达裕祥回报
2016-10-10,1.485,0.4736,000171,易方达裕祥回报
2016-10-11,1.485,0.0,000171,易方达裕祥回报
2016-10-12,1.485,0.0,000171,易方达裕祥回报
2016-10-13,1.485,0.0,000171,易方达裕祥回报
2016-10-14,1.485,0.0,000171,易方达裕祥回报
2016-10-17,1.486,0.0673,000171,易方达裕祥回报
2016-10-18,1.486,0.0,000171,易方达裕祥回报
2016-10-19,1.486,0.0,000171,易方达裕祥回报
2016-10-20,1.487,0.0673,000171,易方达裕祥回报
2016-10-21,1.487,0.0,000171,易方达裕祥回报
2016-10-24,1.488,0.0672,000171,易方达裕祥回报
2016-10-25,1.488,0.0,000171,易方达裕祥回报
2016-10-26,1.486,-0.1344,000171,易方达裕祥回报
2016-10-27,1.485,-0.0673,000171,易方达裕祥回报
2016-10-28,1.486,0.0673,000171,易方达裕祥回报
2016-10-31,1.485,-0.0673,000171,易方达裕祥回报
2016-11-01,1.487,0.1347,000171,易方达裕祥回报
2016-11-02,1.487,0.0,000171,易方达裕祥回报
2016-11-03,1.488,0.0672,000171,易方达裕祥回报
2016-11-04,1.487,-0.0672,000171,易方达裕祥回报
2016-11-07,1.487,0.0,000171,易方达裕祥回报
2016-11-08,1.486,-0.0672,000171,易方达裕祥回报
2016-11-09,1.487,0.0673,000171,易方达裕祥回报
2016-11-10,1.487,0.0,000171,易方达裕祥回报
2016-11-11,1.486,-0.0672,000171,易方达裕祥回报
2016-11-14,1.484,-0.1346,000171,易方达裕祥回报
2016-11-15,1.484,0.0,000171,易方达裕祥回报
2016-11-16,1.484,0.0,000171,易方达裕祥回报
2016-11-17,1.483,-0.0674,000171,易方达裕祥回报
2016-11-18,1.482,-0.0674,000171,易方达裕祥回报
2016-11-21,1.482,0.0,000171,易方达裕祥回报
2016-11-22,1.484,0.135,000171,易方达裕祥回报
2016-11-23,1.487,0.2022,000171,易方达裕祥回报
2016-11-24,1.489,0.1345,000171,易方达裕祥回报
2016-11-25,1.491,0.1343,000171,易方达裕祥回报
2016-11-28,1.491,0.0,000171,易方达裕祥回报
2016-11-29,1.49,-0.0671,000171,易方达裕祥回报
2016-11-30,1.487,-0.2013,000171,易方达裕祥回报
2016-12-01,1.487,0.0,000171,易方达裕祥回报
2016-12-02,1.48,-0.4707,000171,易方达裕祥回报
2016-12-05,1.475,-0.3378,000171,易方达裕祥回报
2016-12-06,1.473,-0.1356,000171,易方达裕祥回报
2016-12-07,1.472,-0.0679,000171,易方达裕祥回报
2016-12-08,1.473,0.0679,000171,易方达裕祥回报
2016-12-09,1.474,0.0679,000171,易方达裕祥回报
2016-12-12,1.466,-0.5427,000171,易方达裕祥回报
2016-12-13,1.463,-0.2046,000171,易方达裕祥回报
2016-12-14,1.458,-0.3418,000171,易方达裕祥回报
2016-12-15,1.447,-0.7545,000171,易方达裕祥回报
2016-12-16,1.446,-0.0691,000171,易方达裕祥回报
2016-12-19,1.441,-0.3458,000171,易方达裕祥回报
2016-12-20,1.436,-0.347,000171,易方达裕祥回报
2016-12-21,1.437,0.0696,000171,易方达裕祥回报
2016-12-22,1.44,0.2088,000171,易方达裕祥回报
2016-12-23,1.441,0.0694,000171,易方达裕祥回报
2016-12-26,1.443,0.1388,000171,易方达裕祥回报
2016-12-27,1.445,0.1386,000171,易方达裕祥回报
2016-12-28,1.445,0.0,000171,易方达裕祥回报
2016-12-29,1.446,0.0692,000171,易方达裕祥回报
2016-12-30,1.448,0.1383,000171,易方达裕祥回报
2016-12-31,1.449,0.0691,000171,易方达裕祥回报
2017-01-03,1.452,0.2762,000171,易方达裕祥回报
2017-01-04,1.454,0.1377,000171,易方达裕祥回报
2017-01-05,1.455,0.0688,000171,易方达裕祥回报
2017-01-06,1.454,-0.0687,000171,易方达裕祥回报
2017-01-09,1.455,0.0688,000171,易方达裕祥回报
2017-01-10,1.456,0.0687,000171,易方达裕祥回报
2017-01-11,1.455,-0.0687,000171,易方达裕祥回报
2017-01-12,1.455,0.0,000171,易方达裕祥回报
2017-01-13,1.456,0.0687,000171,易方达裕祥回报
2017-01-16,1.456,0.0,000171,易方达裕祥回报
2017-01-17,1.455,-0.0687,000171,易方达裕祥回报
2017-01-18,1.455,0.0,000171,易方达裕祥回报
2017-01-19,1.454,-0.0687,000171,易方达裕祥回报
2017-01-20,1.455,0.0688,000171,易方达裕祥回报
2017-01-23,1.455,0.0,000171,易方达裕祥回报
2017-01-24,1.456,0.0687,000171,易方达裕祥回报
2017-01-25,1.456,0.0,000171,易方达裕祥回报
2017-01-26,1.457,0.0687,000171,易方达裕祥回报
2017-02-03,1.456,-0.0686,000171,易方达裕祥回报
2017-02-06,1.454,-0.1374,000171,易方达裕祥回报
2017-02-07,1.452,-0.1376,000171,易方达裕祥回报
2017-02-08,1.451,-0.0689,000171,易方达裕祥回报
2017-02-09,1.451,0.0,000171,易方达裕祥回报
2017-02-10,1.452,0.0689,000171,易方达裕祥回报
2017-02-13,1.453,0.0689,000171,易方达裕祥回报
2017-02-14,1.453,0.0,000171,易方达裕祥回报
2017-02-15,1.453,0.0,000171,易方达裕祥回报
2017-02-16,1.453,0.0,000171,易方达裕祥回报
2017-02-17,1.453,0.0,000171,易方达裕祥回报
2017-02-20,1.456,0.2065,000171,易方达裕祥回报
2017-02-21,1.456,0.0,000171,易方达裕祥回报
2017-02-22,1.456,0.0,000171,易方达裕祥回报
2017-02-23,1.456,0.0,000171,易方达裕祥回报
2017-02-24,1.457,0.0687,000171,易方达裕祥回报
2017-02-27,1.456,-0.0686,000171,易方达裕祥回报
2017-02-28,1.456,0.0,000171,易方达裕祥回报
2017-03-01,1.456,0.0,000171,易方达裕祥回报
2017-03-02,1.456,0.0,000171,易方达裕祥回报
2017-03-03,1.456,0.0,000171,易方达裕祥回报
2017-03-06,1.457,0.0687,000171,易方达裕祥回报
2017-03-07,1.457,0.0,000171,易方达裕祥回报
2017-03-08,1.457,0.0,000171,易方达裕祥回报
2017-03-09,1.456,-0.0686,000171,易方达裕祥回报
2017-03-10,1.457,0.0687,000171,易方达裕祥回报
2017-03-13,1.458,0.0686,000171,易方达裕祥回报
2017-03-14,1.457,-0.0686,000171,易方达裕祥回报
2017-03-15,1.459,0.1373,000171,易方达裕祥回报
2017-03-16,1.46,0.0685,000171,易方达裕祥回报
2017-03-17,1.459,-0.0685,000171,易方达裕祥回报
2017-03-20,1.46,0.0685,000171,易方达裕祥回报
2017-03-21,1.462,0.137,000171,易方达裕祥回报
2017-03-22,1.462,0.0,000171,易方达裕祥回报
2017-03-23,1.464,0.1368,000171,易方达裕祥回报
2017-03-24,1.465,0.0683,000171,易方达裕祥回报
2017-03-27,1.464,-0.0683,000171,易方达裕祥回报
2017-03-28,1.463,-0.0683,000171,易方达裕祥回报
2017-03-29,1.464,0.0684,000171,易方达裕祥回报
2017-03-30,1.463,-0.0683,000171,易方达裕祥回报
2017-03-31,1.465,0.1367,000171,易方达裕祥回报
2017-04-05,1.467,0.1365,000171,易方达裕祥回报
2017-04-06,1.467,0.0,000171,易方达裕祥回报
2017-04-07,1.467,0.0,000171,易方达裕祥回报
2017-04-10,1.466,-0.0682,000171,易方达裕祥回报
2017-04-11,1.465,-0.0682,000171,易方达裕祥回报
2017-04-12,1.465,0.0,000171,易方达裕祥回报
2017-04-13,1.466,0.0683,000171,易方达裕祥回报
2017-04-14,1.464,-0.1364,000171,易方达裕祥回报
2017-04-17,1.464,0.0,000171,易方达裕祥回报
2017-04-18,1.465,0.0683,000171,易方达裕祥回报
2017-04-19,1.466,0.0683,000171,易方达裕祥回报
2017-04-20,1.468,0.1364,000171,易方达裕祥回报
2017-04-21,1.467,-0.0681,000171,易方达裕祥回报
2017-04-24,1.465,-0.1363,000171,易方达裕祥回报
2017-04-25,1.469,0.273,000171,易方达裕祥回报
2017-04-26,1.47,0.0681,000171,易方达裕祥回报
2017-04-27,1.47,0.0,000171,易方达裕祥回报
2017-04-28,1.469,-0.068,000171,易方达裕祥回报
2017-05-02,1.47,0.0681,000171,易方达裕祥回报
2017-05-03,1.469,-0.068,000171,易方达裕祥回报
2017-05-04,1.469,0.0,000171,易方达裕祥回报
2017-05-05,1.468,-0.0681,000171,易方达裕祥回报
2017-05-08,1.466,-0.1362,000171,易方达裕祥回报
2017-05-09,1.466,0.0,000171,易方达裕祥回报
2017-05-10,1.465,-0.0682,000171,易方达裕祥回报
2017-05-11,1.466,0.0683,000171,易方达裕祥回报
2017-05-12,1.467,0.0682,000171,易方达裕祥回报
2017-05-15,1.47,0.2045,000171,易方达裕祥回报
2017-05-16,1.473,0.2041,000171,易方达裕祥回报
2017-05-17,1.471,-0.1358,000171,易方达裕祥回报
2017-05-18,1.47,-0.068,000171,易方达裕祥回报
2017-05-19,1.471,0.068,000171,易方达裕祥回报
2017-05-22,1.473,0.136,000171,易方达裕祥回报
2017-05-23,1.474,0.0679,000171,易方达裕祥回报
2017-05-24,1.473,-0.0678,000171,易方达裕祥回报
2017-05-25,1.473,0.0,000171,易方达裕祥回报
2017-05-26,1.472,-0.0679,000171,易方达裕祥回报
2017-05-31,1.473,0.0679,000171,易方达裕祥回报
2017-06-01,1.474,0.0679,000171,易方达裕祥回报
2017-06-02,1.473,-0.0678,000171,易方达裕祥回报
2017-06-05,1.474,0.0679,000171,易方达裕祥回报
2017-06-06,1.477,0.2035,000171,易方达裕祥回报
2017-06-07,1.478,0.0677,000171,易方达裕祥回报
2017-06-08,1.483,0.3383,000171,易方达裕祥回报
2017-06-09,1.483,0.0,000171,易方达裕祥回报
2017-06-12,1.484,0.0674,000171,易方达裕祥回报
2017-06-13,1.486,0.1348,000171,易方达裕祥回报
2017-06-14,1.483,-0.2019,000171,易方达裕祥回报
2017-06-15,1.483,0.0,000171,易方达裕祥回报
2017-06-16,1.483,0.0,000171,易方达裕祥回报
2017-06-19,1.487,0.2697,000171,易方达裕祥回报
2017-06-20,1.489,0.1345,000171,易方达裕祥回报
2017-06-21,1.494,0.3358,000171,易方达裕祥回报
2017-06-22,1.494,0.0,000171,易方达裕祥回报
2017-06-23,1.499,0.3347,000171,易方达裕祥回报
2017-06-26,1.504,0.3336,000171,易方达裕祥回报
2017-06-27,1.506,0.133,000171,易方达裕祥回报
2017-06-28,1.501,-0.332,000171,易方达裕祥回报
2017-06-29,1.505,0.2665,000171,易方达裕祥回报
2017-06-30,1.505,0.0,000171,易方达裕祥回报
2017-07-03,1.502,-0.1993,000171,易方达裕祥回报
2017-07-04,1.504,0.1332,000171,易方达裕祥回报
2017-07-05,1.51,0.3989,000171,易方达裕祥回报
2017-07-06,1.511,0.0662,000171,易方达裕祥回报
2017-07-07,1.511,0.0,000171,易方达裕祥回报
2017-07-10,1.509,-0.1324,000171,易方达裕祥回报
2017-07-11,1.513,0.2651,000171,易方达裕祥回报
2017-07-12,1.514,0.0661,000171,易方达裕祥回报
2017-07-13,1.513,-0.0661,000171,易方达裕祥回报
2017-07-14,1.515,0.1322,000171,易方达裕祥回报
2017-07-17,1.514,-0.066,000171,易方达裕祥回报
2017-07-18,1.513,-0.0661,000171,易方达裕祥回报
2017-07-19,1.516,0.1983,000171,易方达裕祥回报
2017-07-20,1.518,0.1319,000171,易方达裕祥回报
2017-07-21,1.516,-0.1318,000171,易方达裕祥回报
2017-07-24,1.518,0.1319,000171,易方达裕祥回报
2017-07-25,1.515,-0.1976,000171,易方达裕祥回报
2017-07-26,1.511,-0.264,000171,易方达裕祥回报
2017-07-27,1.512,0.0662,000171,易方达裕祥回报
2017-07-28,1.514,0.1323,000171,易方达裕祥回报
2017-07-31,1.514,0.0,000171,易方达裕祥回报
2017-08-01,1.514,0.0,000171,易方达裕祥回报
2017-08-02,1.514,0.0,000171,易方达裕祥回报
2017-08-03,1.509,-0.3303,000171,易方达裕祥回报
2017-08-04,1.508,-0.0663,000171,易方达裕祥回报
2017-08-07,1.51,0.1326,000171,易方达裕祥回报
2017-08-08,1.509,-0.0662,000171,易方达裕祥回报
2017-08-09,1.511,0.1325,000171,易方达裕祥回报
2017-08-10,1.511,0.0,000171,易方达裕祥回报
2017-08-11,1.509,-0.1324,000171,易方达裕祥回报
2017-08-14,1.513,0.2651,000171,易方达裕祥回报
2017-08-15,1.514,0.0661,000171,易方达裕祥回报
2017-08-16,1.512,-0.1321,000171,易方达裕祥回报
2017-08-17,1.511,-0.0661,000171,易方达裕祥回报
2017-08-18,1.514,0.1985,000171,易方达裕祥回报
2017-08-21,1.515,0.0661,000171,易方达裕祥回报
2017-08-22,1.516,0.066,000171,易方达裕祥回报
2017-08-23,1.516,0.0,000171,易方达裕祥回报
2017-08-24,1.515,-0.066,000171,易方达裕祥回报
2017-08-25,1.516,0.066,000171,易方达裕祥回报
2017-08-28,1.52,0.2639,000171,易方达裕祥回报
2017-08-29,1.523,0.1974,000171,易方达裕祥回报
2017-08-30,1.522,-0.0657,000171,易方达裕祥回报
2017-08-31,1.521,-0.0657,000171,易方达裕祥回报
2017-09-01,1.52,-0.0657,000171,易方达裕祥回报
2017-09-04,1.521,0.0658,000171,易方达裕祥回报
2017-09-05,1.522,0.0657,000171,易方达裕祥回报
2017-09-06,1.521,-0.0657,000171,易方达裕祥回报
2017-09-07,1.523,0.1315,000171,易方达裕祥回报
2017-09-08,1.526,0.197,000171,易方达裕祥回报
2017-09-11,1.525,-0.0655,000171,易方达裕祥回报
2017-09-12,1.527,0.1311,000171,易方达裕祥回报
2017-09-13,1.527,0.0,000171,易方达裕祥回报
2017-09-14,1.527,0.0,000171,易方达裕祥回报
2017-09-15,1.529,0.131,000171,易方达裕祥回报
2017-09-18,1.531,0.1308,000171,易方达裕祥回报
2017-09-19,1.529,-0.1306,000171,易方达裕祥回报
2017-09-20,1.53,0.0654,000171,易方达裕祥回报
2017-09-21,1.532,0.1307,000171,易方达裕祥回报
2017-09-22,1.534,0.1305,000171,易方达裕祥回报
2017-09-25,1.533,-0.0652,000171,易方达裕祥回报
2017-09-26,1.534,0.0652,000171,易方达裕祥回报
2017-09-27,1.534,0.0,000171,易方达裕祥回报
2017-09-28,1.537,0.1956,000171,易方达裕祥回报
2017-09-29,1.539,0.1301,000171,易方达裕祥回报
2017-10-09,1.543,0.2599,000171,易方达裕祥回报
2017-10-10,1.541,-0.1296,000171,易方达裕祥回报
2017-10-11,1.545,0.2596,000171,易方达裕祥回报
2017-10-12,1.551,0.3883,000171,易方达裕祥回报
2017-10-13,1.551,0.0,000171,易方达裕祥回报
2017-10-16,1.549,-0.1289,000171,易方达裕祥回报
2017-10-17,1.549,0.0,000171,易方达裕祥回报
2017-10-18,1.556,0.4519,000171,易方达裕祥回报
2017-10-19,1.555,-0.0643,000171,易方达裕祥回报
2017-10-20,1.554,-0.0643,000171,易方达裕祥回报
2017-10-23,1.555,0.0644,000171,易方达裕祥回报
2017-10-24,1.558,0.1929,000171,易方达裕祥回报
2017-10-25,1.561,0.1926,000171,易方达裕祥回报
2017-10-26,1.561,0.0,000171,易方达裕祥回报
2017-10-27,1.564,0.1922,000171,易方达裕祥回报
2017-10-30,1.562,-0.1279,000171,易方达裕祥回报
2017-10-31,1.561,-0.064,000171,易方达裕祥回报
2017-11-01,1.557,-0.2562,000171,易方达裕祥回报
2017-11-02,1.559,0.1285,000171,易方达裕祥回报
2017-11-03,1.561,0.1283,000171,易方达裕祥回报
2017-11-06,1.567,0.3844,000171,易方达裕祥回报
2017-11-07,1.57,0.1914,000171,易方达裕祥回报
2017-11-08,1.565,-0.3185,000171,易方达裕祥回报
2017-11-09,1.573,0.5112,000171,易方达裕祥回报
2017-11-10,1.581,0.5086,000171,易方达裕祥回报
2017-11-13,1.58,-0.0633,000171,易方达裕祥回报
2017-11-14,1.577,-0.1899,000171,易方达裕祥回报
2017-11-15,1.574,-0.1902,000171,易方达裕祥回报
2017-11-16,1.581,0.4447,000171,易方达裕祥回报
2017-11-17,1.58,-0.0633,000171,易方达裕祥回报
2017-11-20,1.585,0.3165,000171,易方达裕祥回报
2017-11-21,1.595,0.6309,000171,易方达裕祥回报
2017-11-22,1.589,-0.3762,000171,易方达裕祥回报
2017-11-23,1.57,-1.1957,000171,易方达裕祥回报
2017-11-24,1.571,0.0637,000171,易方达裕祥回报
2017-11-27,1.566,-0.3183,000171,易方达裕祥回报
2017-11-28,1.567,0.0639,000171,易方达裕祥回报
2017-11-29,1.566,-0.0638,000171,易方达裕祥回报
2017-11-30,1.559,-0.447,000171,易方达裕祥回报
2017-12-01,1.558,-0.0641,000171,易方达裕祥回报
2017-12-04,1.563,0.3209,000171,易方达裕祥回报
2017-12-05,1.566,0.1919,000171,易方达裕祥回报
2017-12-06,1.566,0.0,000171,易方达裕祥回报
2017-12-07,1.561,-0.3193,000171,易方达裕祥回报
2017-12-08,1.567,0.3844,000171,易方达裕祥回报
2017-12-11,1.575,0.5105,000171,易方达裕祥回报
2017-12-12,1.572,-0.1905,000171,易方达裕祥回报
2017-12-13,1.577,0.3181,000171,易方达裕祥回报
2017-12-14,1.576,-0.0634,000171,易方达裕祥回报
2017-12-15,1.571,-0.3173,000171,易方达裕祥回报
2017-12-18,1.57,-0.0637,000171,易方达裕祥回报
2017-12-19,1.576,0.3822,000171,易方达裕祥回报
2017-12-20,1.575,-0.0635,000171,易方达裕祥回报
2017-12-21,1.579,0.254,000171,易方达裕祥回报
2017-12-22,1.578,-0.0633,000171,易方达裕祥回报
2017-12-25,1.578,0.0,000171,易方达裕祥回报
2017-12-26,1.578,0.0,000171,易方达裕祥回报
2017-12-27,1.571,-0.4436,000171,易方达裕祥回报
2017-12-28,1.572,0.0637,000171,易方达裕祥回报
2017-12-29,1.573,0.0636,000171,易方达裕祥回报
2017-12-31,1.573,0.0,000171,易方达裕祥回报
2018-01-02,1.58,0.445,000171,易方达裕祥回报
2018-01-03,1.581,0.0633,000171,易方达裕祥回报
2018-01-04,1.583,0.1265,000171,易方达裕祥回报
2018-01-05,1.584,0.0632,000171,易方达裕祥回报
2018-01-08,1.583,-0.0631,000171,易方达裕祥回报
2018-01-09,1.589,0.379,000171,易方达裕祥回报
2018-01-10,1.59,0.0629,000171,易方达裕祥回报
2018-01-11,1.59,0.0,000171,易方达裕祥回报
2018-01-12,1.594,0.2516,000171,易方达裕祥回报
2018-01-15,1.598,0.2509,000171,易方达裕祥回报
2018-01-16,1.601,0.1877,000171,易方达裕祥回报
2018-01-17,1.595,-0.3748,000171,易方达裕祥回报
2018-01-18,1.596,0.0627,000171,易方达裕祥回报
2018-01-19,1.596,0.0,000171,易方达裕祥回报
2018-01-22,1.606,0.6266,000171,易方达裕祥回报
2018-01-23,1.608,0.1245,000171,易方达裕祥回报
2018-01-24,1.605,-0.1866,000171,易方达裕祥回报
2018-01-25,1.603,-0.1246,000171,易方达裕祥回报
2018-01-26,1.606,0.1871,000171,易方达裕祥回报
2018-01-29,1.6,-0.3736,000171,易方达裕祥回报
2018-01-30,1.599,-0.0625,000171,易方达裕祥回报
2018-01-31,1.6,0.0625,000171,易方达裕祥回报
2018-02-01,1.599,-0.0625,000171,易方达裕祥回报
2018-02-02,1.602,0.1876,000171,易方达裕祥回报
2018-02-05,1.602,0.0,000171,易方达裕祥回报
2018-02-06,1.594,-0.4994,000171,易方达裕祥回报
2018-02-07,1.584,-0.6274,000171,易方达裕祥回报
2018-02-08,1.585,0.0631,000171,易方达裕祥回报
2018-02-09,1.575,-0.6309,000171,易方达裕祥回报
2018-02-12,1.582,0.4444,000171,易方达裕祥回报
2018-02-13,1.587,0.3161,000171,易方达裕祥回报
2018-02-14,1.591,0.252,000171,易方达裕祥回报
2018-02-22,1.602,0.6914,000171,易方达裕祥回报
2018-02-23,1.603,0.0624,000171,易方达裕祥回报
2018-02-26,1.609,0.3743,000171,易方达裕祥回报
2018-02-27,1.603,-0.3729,000171,易方达裕祥回报
2018-02-28,1.6,-0.1871,000171,易方达裕祥回报
2018-03-01,1.601,0.0625,000171,易方达裕祥回报
2018-03-02,1.6,-0.0625,000171,易方达裕祥回报
2018-03-05,1.598,-0.125,000171,易方达裕祥回报
2018-03-06,1.604,0.3755,000171,易方达裕祥回报
2018-03-07,1.6,-0.2494,000171,易方达裕祥回报
2018-03-08,1.606,0.375,000171,易方达裕祥回报
2018-03-09,1.608,0.1245,000171,易方达裕祥回报
2018-03-12,1.61,0.1244,000171,易方达裕祥回报
2018-03-13,1.608,-0.1242,000171,易方达裕祥回报
2018-03-14,1.606,-0.1244,000171,易方达裕祥回报
2018-03-15,1.608,0.1245,000171,易方达裕祥回报
2018-03-16,1.605,-0.1866,000171,易方达裕祥回报
2018-03-19,1.605,0.0,000171,易方达裕祥回报
2018-03-20,1.605,0.0,000171,易方达裕祥回报
2018-03-21,1.604,-0.0623,000171,易方达裕祥回报
2018-03-22,1.599,-0.3117,000171,易方达裕祥回报
2018-03-23,1.592,-0.4378,000171,易方达裕祥回报
2018-03-26,1.591,-0.0628,000171,易方达裕祥回报
2018-03-27,1.592,0.0629,000171,易方达裕祥回报
2018-03-28,1.586,-0.3769,000171,易方达裕祥回报
2018-03-29,1.592,0.3783,000171,易方达裕祥回报
2018-03-30,1.594,0.1256,000171,易方达裕祥回报
2018-04-02,1.595,0.0627,000171,易方达裕祥回报
2018-04-03,1.594,-0.0627,000171,易方达裕祥回报
2018-04-04,1.594,0.0,000171,易方达裕祥回报
2018-04-09,1.594,0.0,000171,易方达裕祥回报
2018-04-10,1.603,0.5646,000171,易方达裕祥回报
2018-04-11,1.606,0.1871,000171,易方达裕祥回报
2018-04-12,1.604,-0.1245,000171,易方达裕祥回报
2018-04-13,1.601,-0.187,000171,易方达裕祥回报
2018-04-16,1.596,-0.3123,000171,易方达裕祥回报
2018-04-17,1.591,-0.3133,000171,易方达裕祥回报
2018-04-18,1.598,0.44,000171,易方达裕祥回报
2018-04-19,1.605,0.438,000171,易方达裕祥回报
2018-04-20,1.602,-0.1869,000171,易方达裕祥回报
2018-04-23,1.602,0.0,000171,易方达裕祥回报
2018-04-24,1.61,0.4994,000171,易方达裕祥回报
2018-04-25,1.609,-0.0621,000171,易方达裕祥回报
2018-04-26,1.6,-0.5594,000171,易方达裕祥回报
2018-04-27,1.596,-0.25,000171,易方达裕祥回报
2018-05-02,1.598,0.1253,000171,易方达裕祥回报
2018-05-03,1.599,0.0626,000171,易方达裕祥回报
2018-05-04,1.601,0.1251,000171,易方达裕祥回报
2018-05-07,1.607,0.3748,000171,易方达裕祥回报
2018-05-08,1.61,0.1867,000171,易方达裕祥回报
2018-05-09,1.609,-0.0621,000171,易方达裕祥回报
2018-05-10,1.61,0.0622,000171,易方达裕祥回报
2018-05-11,1.607,-0.1863,000171,易方达裕祥回报
2018-05-14,1.609,0.1245,000171,易方达裕祥回报
2018-05-15,1.611,0.1243,000171,易方达裕祥回报
2018-05-16,1.61,-0.0621,000171,易方达裕祥回报
2018-05-17,1.609,-0.0621,000171,易方达裕祥回报
2018-05-18,1.614,0.3108,000171,易方达裕祥回报
2018-05-21,1.617,0.1859,000171,易方达裕祥回报
2018-05-22,1.618,0.0618,000171,易方达裕祥回报
2018-05-23,1.613,-0.309,000171,易方达裕祥回报
2018-05-24,1.611,-0.124,000171,易方达裕祥回报
2018-05-25,1.61,-0.0621,000171,易方达裕祥回报
2018-05-28,1.612,0.1242,000171,易方达裕祥回报
2018-05-29,1.61,-0.1241,000171,易方达裕祥回报
2018-05-30,1.607,-0.1863,000171,易方达裕祥回报
2018-05-31,1.614,0.4356,000171,易方达裕祥回报
2018-06-01,1.609,-0.3098,000171,易方达裕祥回报
2018-06-04,1.614,0.3108,000171,易方达裕祥回报
2018-06-05,1.618,0.2478,000171,易方达裕祥回报
2018-06-06,1.618,0.0,000171,易方达裕祥回报
2018-06-07,1.618,0.0,000171,易方达裕祥回报
2018-06-08,1.618,0.0,000171,易方达裕祥回报
2018-06-11,1.618,0.0,000171,易方达裕祥回报
2018-06-12,1.622,0.2472,000171,易方达裕祥回报
2018-06-13,1.621,-0.0617,000171,易方达裕祥回报
2018-06-14,1.62,-0.0617,000171,易方达裕祥回报
2018-06-15,1.617,-0.1852,000171,易方达裕祥回报
2018-06-19,1.609,-0.4947,000171,易方达裕祥回报
2018-06-20,1.611,0.1243,000171,易方达裕祥回报
2018-06-21,1.61,-0.0621,000171,易方达裕祥回报
2018-06-22,1.612,0.1242,000171,易方达裕祥回报
2018-06-25,1.611,-0.062,000171,易方达裕祥回报
2018-06-26,1.608,-0.1862,000171,易方达裕祥回报
2018-06-27,1.603,-0.3109,000171,易方达裕祥回报
2018-06-28,1.601,-0.1248,000171,易方达裕祥回报
2018-06-29,1.609,0.4997,000171,易方达裕祥回报
2018-06-30,1.609,0.0,000171,易方达裕祥回报
2018-07-02,1.606,-0.1865,000171,易方达裕祥回报
2018-07-03,1.606,0.0,000171,易方达裕祥回报
2018-07-04,1.606,0.0,000171,易方达裕祥回报
2018-07-05,1.605,-0.0623,000171,易方达裕祥回报
2018-07-06,1.607,0.1246,000171,易方达裕祥回报
2018-07-09,1.615,0.4978,000171,易方达裕祥回报
2018-07-10,1.617,0.1238,000171,易方达裕祥回报
2018-07-11,1.616,-0.0618,000171,易方达裕祥回报
2018-07-12,1.62,0.2475,000171,易方达裕祥回报
2018-07-13,1.623,0.1852,000171,易方达裕祥回报
2018-07-16,1.623,0.0,000171,易方达裕祥回报
2018-07-17,1.622,-0.0616,000171,易方达裕祥回报
2018-07-18,1.621,-0.0617,000171,易方达裕祥回报
2018-07-19,1.623,0.1234,000171,易方达裕祥回报
2018-07-20,1.626,0.1848,000171,易方达裕祥回报
2018-07-23,1.63,0.246,000171,易方达裕祥回报
2018-07-24,1.633,0.184,000171,易方达裕祥回报
2018-07-25,1.633,0.0,000171,易方达裕祥回报
2018-07-26,1.63,-0.1837,000171,易方达裕祥回报
2018-07-27,1.631,0.0613,000171,易方达裕祥回报
2018-07-30,1.635,0.2452,000171,易方达裕祥回报
2018-07-31,1.638,0.1835,000171,易方达裕祥回报
2018-08-01,1.634,-0.2442,000171,易方达裕祥回报
2018-08-02,1.631,-0.1836,000171,易方达裕祥回报
2018-08-03,1.627,-0.2452,000171,易方达裕祥回报
2018-08-06,1.625,-0.1229,000171,易方达裕祥回报
2018-08-07,1.634,0.5538,000171,易方达裕祥回报
2018-08-08,1.63,-0.2448,000171,易方达裕祥回报
2018-08-09,1.634,0.2454,000171,易方达裕祥回报
2018-08-10,1.634,0.0,000171,易方达裕祥回报
2018-08-13,1.633,-0.0612,000171,易方达裕祥回报
2018-08-14,1.631,-0.1225,000171,易方达裕祥回报
2018-08-15,1.625,-0.3679,000171,易方达裕祥回报
2018-08-16,1.622,-0.1846,000171,易方达裕祥回报
2018-08-17,1.616,-0.3699,000171,易方达裕祥回报
2018-08-20,1.617,0.0619,000171,易方达裕祥回报
2018-08-21,1.623,0.3711,000171,易方达裕祥回报
2018-08-22,1.622,-0.0616,000171,易方达裕祥回报
2018-08-23,1.623,0.0617,000171,易方达裕祥回报
2018-08-24,1.624,0.0616,000171,易方达裕祥回报
2018-08-27,1.63,0.3695,000171,易方达裕祥回报
2018-08-28,1.63,0.0,000171,易方达裕祥回报
2018-08-29,1.628,-0.1227,000171,易方达裕祥回报
2018-08-30,1.628,0.0,000171,易方达裕祥回报
2018-08-31,1.625,-0.1843,000171,易方达裕祥回报
2018-09-03,1.623,-0.1231,000171,易方达裕祥回报
2018-09-04,1.626,0.1848,000171,易方达裕祥回报
2018-09-05,1.621,-0.3075,000171,易方达裕祥回报
2018-09-06,1.619,-0.1234,000171,易方达裕祥回报
2018-09-07,1.62,0.0618,000171,易方达裕祥回报
2018-09-10,1.617,-0.1852,000171,易方达裕祥回报
2018-09-11,1.615,-0.1237,000171,易方达裕祥回报
2018-09-12,1.612,-0.1858,000171,易方达裕祥回报
2018-09-13,1.616,0.2481,000171,易方达裕祥回报
2018-09-14,1.617,0.0619,000171,易方达裕祥回报
2018-09-17,1.616,-0.0618,000171,易方达裕祥回报
2018-09-18,1.622,0.3713,000171,易方达裕祥回报
2018-09-19,1.626,0.2466,000171,易方达裕祥回报
2018-09-20,1.626,0.0,000171,易方达裕祥回报
2018-09-21,1.632,0.369,000171,易方达裕祥回报
2018-09-25,1.632,0.0,000171,易方达裕祥回报
2018-09-26,1.635,0.1838,000171,易方达裕祥回报
2018-09-27,1.635,0.0,000171,易方达裕祥回报
2018-09-28,1.638,0.1835,000171,易方达裕祥回报
2018-10-08,1.631,-0.4274,000171,易方达裕祥回报
2018-10-09,1.631,0.0,000171,易方达裕祥回报
2018-10-10,1.632,0.0613,000171,易方达裕祥回报
2018-10-11,1.626,-0.3676,000171,易方达裕祥回报
2018-10-12,1.633,0.4305,000171,易方达裕祥回报
2018-10-15,1.629,-0.2449,000171,易方达裕祥回报
2018-10-16,1.627,-0.1228,000171,易方达裕祥回报
2018-10-17,1.628,0.0615,000171,易方达裕祥回报
2018-10-18,1.624,-0.2457,000171,易方达裕祥回报
2018-10-19,1.631,0.431,000171,易方达裕祥回报
2018-10-22,1.64,0.5518,000171,易方达裕祥回报
2018-10-23,1.633,-0.4268,000171,易方达裕祥回报
2018-10-24,1.631,-0.1225,000171,易方达裕祥回报
2018-10-25,1.629,-0.1226,000171,易方达裕祥回报
2018-10-26,1.627,-0.1228,000171,易方达裕祥回报
2018-10-29,1.617,-0.6146,000171,易方达裕祥回报
2018-10-30,1.62,0.1855,000171,易方达裕祥回报
2018-10-31,1.625,0.3086,000171,易方达裕祥回报
2018-11-01,1.628,0.1846,000171,易方达裕祥回报
2018-11-02,1.637,0.5528,000171,易方达裕祥回报
2018-11-05,1.635,-0.1222,000171,易方达裕祥回报
2018-11-06,1.634,-0.0612,000171,易方达裕祥回报
2018-11-07,1.634,0.0,000171,易方达裕祥回报
2018-11-08,1.633,-0.0612,000171,易方达裕祥回报
2018-11-09,1.632,-0.0612,000171,易方达裕祥回报
2018-11-12,1.635,0.1838,000171,易方达裕祥回报
2018-11-13,1.637,0.1223,000171,易方达裕祥回报
2018-11-14,1.638,0.0611,000171,易方达裕祥回报
2018-11-15,1.641,0.1832,000171,易方达裕祥回报
2018-11-16,1.644,0.1828,000171,易方达裕祥回报
2018-11-19,1.645,0.0608,000171,易方达裕祥回报
2018-11-20,1.642,-0.1824,000171,易方达裕祥回报
2018-11-21,1.642,0.0,000171,易方达裕祥回报
2018-11-22,1.642,0.0,000171,易方达裕祥回报
2018-11-23,1.639,-0.1827,000171,易方达裕祥回报
2018-11-26,1.639,0.0,000171,易方达裕祥回报
2018-11-27,1.639,0.0,000171,易方达裕祥回报
2018-11-28,1.641,0.122,000171,易方达裕祥回报
2018-11-29,1.641,0.0,000171,易方达裕祥回报
2018-11-30,1.643,0.1219,000171,易方达裕祥回报
2018-12-03,1.648,0.3043,000171,易方达裕祥回报
2018-12-04,1.649,0.0607,000171,易方达裕祥回报
2018-12-05,1.649,0.0,000171,易方达裕祥回报
2018-12-06,1.647,-0.1213,000171,易方达裕祥回报
2018-12-07,1.648,0.0607,000171,易方达裕祥回报
2018-12-10,1.648,0.0,000171,易方达裕祥回报
2018-12-11,1.647,-0.0607,000171,易方达裕祥回报
2018-12-12,1.649,0.1214,000171,易方达裕祥回报
2018-12-13,1.65,0.0606,000171,易方达裕祥回报
2018-12-14,1.647,-0.1818,000171,易方达裕祥回报
2018-12-17,1.643,-0.2429,000171,易方达裕祥回报
2018-12-18,1.639,-0.2435,000171,易方达裕祥回报
2018-12-19,1.638,-0.061,000171,易方达裕祥回报
2018-12-20,1.638,0.0,000171,易方达裕祥回报
2018-12-21,1.637,-0.0611,000171,易方达裕祥回报
2018-12-24,1.64,0.1833,000171,易方达裕祥回报
2018-12-25,1.64,0.0,000171,易方达裕祥回报
2018-12-26,1.639,-0.061,000171,易方达裕祥回报
2018-12-27,1.64,0.061,000171,易方达裕祥回报
2018-12-28,1.641,0.061,000171,易方达裕祥回报
2018-12-31,1.641,0.0,000171,易方达裕祥回报
2019-01-02,1.642,0.0609,000171,易方达裕祥回报
2019-01-03,1.642,0.0,000171,易方达裕祥回报
2019-01-04,1.648,0.3654,000171,易方达裕祥回报
2019-01-07,1.653,0.3034,000171,易方达裕祥回报
2019-01-08,1.656,0.1815,000171,易方达裕祥回报
2019-01-09,1.662,0.3623,000171,易方达裕祥回报
2019-01-10,1.664,0.1203,000171,易方达裕祥回报
2019-01-11,1.665,0.0601,000171,易方达裕祥回报
2019-01-14,1.663,-0.1201,000171,易方达裕祥回报
2019-01-15,1.667,0.2405,000171,易方达裕祥回报
2019-01-16,1.669,0.12,000171,易方达裕祥回报
2019-01-17,1.668,-0.0599,000171,易方达裕祥回报
2019-01-18,1.673,0.2998,000171,易方达裕祥回报
2019-01-21,1.675,0.1195,000171,易方达裕祥回报
2019-01-22,1.671,-0.2388,000171,易方达裕祥回报
2019-01-23,1.672,0.0598,000171,易方达裕祥回报
2019-01-24,1.674,0.1196,000171,易方达裕祥回报
2019-01-25,1.676,0.1195,000171,易方达裕祥回报
2019-01-28,1.679,0.179,000171,易方达裕祥回报
2019-01-29,1.678,-0.0596,000171,易方达裕祥回报
2019-01-30,1.677,-0.0596,000171,易方达裕祥回报
2019-01-31,1.68,0.1789,000171,易方达裕祥回报
2019-02-01,1.685,0.2976,000171,易方达裕祥回报
2019-02-11,1.693,0.4748,000171,易方达裕祥回报
2019-02-12,1.695,0.1181,000171,易方达裕祥回报
2019-02-13,1.699,0.236,000171,易方达裕祥回报
2019-02-14,1.7,0.0589,000171,易方达裕祥回报
2019-02-15,1.695,-0.2941,000171,易方达裕祥回报
2019-02-18,1.706,0.649,000171,易方达裕祥回报
2019-02-19,1.704,-0.1172,000171,易方达裕祥回报
2019-02-20,1.706,0.1174,000171,易方达裕祥回报
2019-02-21,1.705,-0.0586,000171,易方达裕祥回报
2019-02-22,1.709,0.2346,000171,易方达裕祥回报
2019-02-25,1.721,0.7022,000171,易方达裕祥回报
2019-02-26,1.716,-0.2905,000171,易方达裕祥回报
2019-02-27,1.711,-0.2914,000171,易方达裕祥回报
2019-02-28,1.711,0.0,000171,易方达裕祥回报
2019-03-01,1.715,0.2338,000171,易方达裕祥回报
2019-03-04,1.718,0.1749,000171,易方达裕祥回报
2019-03-05,1.721,0.1746,000171,易方达裕祥回报
2019-03-06,1.722,0.0581,000171,易方达裕祥回报
2019-03-07,1.717,-0.2904,000171,易方达裕祥回报
2019-03-08,1.712,-0.2912,000171,易方达裕祥回报
2019-03-11,1.721,0.5257,000171,易方达裕祥回报
2019-03-12,1.726,0.2905,000171,易方达裕祥回报
2019-03-13,1.721,-0.2897,000171,易方达裕祥回报
2019-03-14,1.72,-0.0581,000171,易方达裕祥回报
2019-03-15,1.726,0.3488,000171,易方达裕祥回报
2019-03-18,1.734,0.4635,000171,易方达裕祥回报
2019-03-19,1.733,-0.0577,000171,易方达裕祥回报
2019-03-20,1.735,0.1154,000171,易方达裕祥回报
2019-03-21,1.734,-0.0576,000171,易方达裕祥回报
2019-03-22,1.734,0.0,000171,易方达裕祥回报
2019-03-25,1.727,-0.4037,000171,易方达裕祥回报
2019-03-26,1.721,-0.3474,000171,易方达裕祥回报
2019-03-27,1.725,0.2324,000171,易方达裕祥回报
2019-03-28,1.725,0.0,000171,易方达裕祥回报
2019-03-29,1.737,0.6957,000171,易方达裕祥回报
2019-04-01,1.748,0.6333,000171,易方达裕祥回报
2019-04-02,1.746,-0.1144,000171,易方达裕祥回报
2019-04-03,1.749,0.1718,000171,易方达裕祥回报
2019-04-04,1.753,0.2287,000171,易方达裕祥回报
2019-04-08,1.754,0.057,000171,易方达裕祥回报
2019-04-09,1.754,0.0,000171,易方达裕祥回报
2019-04-10,1.755,0.057,000171,易方达裕祥回报
2019-04-11,1.744,-0.6268,000171,易方达裕祥回报
2019-04-12,1.743,-0.0573,000171,易方达裕祥回报
2019-04-15,1.738,-0.2869,000171,易方达裕祥回报
2019-04-16,1.744,0.3452,000171,易方达裕祥回报
2019-04-17,1.748,0.2294,000171,易方达裕祥回报
2019-04-18,1.748,0.0,000171,易方达裕祥回报
2019-04-19,1.753,0.286,000171,易方达裕祥回报
2019-04-22,1.743,-0.5705,000171,易方达裕祥回报
2019-04-23,1.742,-0.0574,000171,易方达裕祥回报
2019-04-24,1.741,-0.0574,000171,易方达裕祥回报
2019-04-25,1.731,-0.5744,000171,易方达裕祥回报
2019-04-26,1.722,-0.5199,000171,易方达裕祥回报
2019-04-29,1.725,0.1742,000171,易方达裕祥回报
2019-04-30,1.732,0.4058,000171,易方达裕祥回报
2019-05-06,1.707,-1.4434,000171,易方达裕祥回报
2019-05-07,1.718,0.6444,000171,易方达裕祥回报
2019-05-08,1.713,-0.291,000171,易方达裕祥回报
2019-05-09,1.707,-0.3503,000171,易方达裕祥回报
2019-05-10,1.727,1.1716,000171,易方达裕祥回报
2019-05-13,1.718,-0.5211,000171,易方达裕祥回报
2019-05-14,1.717,-0.0582,000171,易方达裕祥回报
2019-05-15,1.728,0.6407,000171,易方达裕祥回报
2019-05-16,1.731,0.1736,000171,易方达裕祥回报
2019-05-17,1.719,-0.6932,000171,易方达裕祥回报
2019-05-20,1.711,-0.4654,000171,易方达裕祥回报
2019-05-21,1.719,0.4676,000171,易方达裕祥回报
2019-05-22,1.718,-0.0582,000171,易方达裕祥回报
2019-05-23,1.707,-0.6403,000171,易方达裕祥回报
2019-05-24,1.707,0.0,000171,易方达裕祥回报
2019-05-27,1.711,0.2343,000171,易方达裕祥回报
2019-05-28,1.713,0.1169,000171,易方达裕祥回报
2019-05-29,1.712,-0.0584,000171,易方达裕祥回报
2019-05-30,1.709,-0.1752,000171,易方达裕祥回报
2019-05-31,1.709,0.0,000171,易方达裕祥回报
2019-06-03,1.709,0.0,000171,易方达裕祥回报
2019-06-04,1.703,-0.3511,000171,易方达裕祥回报
2019-06-05,1.702,-0.0587,000171,易方达裕祥回报
2019-06-06,1.7,-0.1175,000171,易方达裕祥回报
2019-06-10,1.706,0.3529,000171,易方达裕祥回报
2019-06-11,1.717,0.6448,000171,易方达裕祥回报
2019-06-12,1.714,-0.1747,000171,易方达裕祥回报
2019-06-13,1.711,-0.175,000171,易方达裕祥回报
2019-06-14,1.706,-0.2922,000171,易方达裕祥回报
2019-06-17,1.707,0.0586,000171,易方达裕祥回报
2019-06-18,1.708,0.0586,000171,易方达裕祥回报
2019-06-19,1.714,0.3513,000171,易方达裕祥回报
2019-06-20,1.726,0.7001,000171,易方达裕祥回报
2019-06-21,1.728,0.1159,000171,易方达裕祥回报
2019-06-24,1.732,0.2315,000171,易方达裕祥回报
2019-06-25,1.731,-0.0577,000171,易方达裕祥回报
2019-06-26,1.733,0.1155,000171,易方达裕祥回报
2019-06-27,1.738,0.2885,000171,易方达裕祥回报
2019-06-28,1.739,0.0575,000171,易方达裕祥回报
2019-06-30,1.739,0.0,000171,易方达裕祥回报
2019-07-01,1.754,0.8626,000171,易方达裕祥回报
2019-07-02,1.756,0.114,000171,易方达裕祥回报
2019-07-03,1.753,-0.1708,000171,易方达裕祥回报
2019-07-04,1.75,-0.1711,000171,易方达裕祥回报
2019-07-05,1.753,0.1714,000171,易方达裕祥回报
2019-07-08,1.744,-0.5134,000171,易方达裕祥回报
2019-07-09,1.744,0.0,000171,易方达裕祥回报
2019-07-10,1.745,0.0573,000171,易方达裕祥回报
2019-07-11,1.744,-0.0573,000171,易方达裕祥回报
2019-07-12,1.747,0.172,000171,易方达裕祥回报
2019-07-15,1.747,0.0,000171,易方达裕祥回报
2019-07-16,1.743,-0.229,000171,易方达裕祥回报
2019-07-17,1.745,0.1147,000171,易方达裕祥回报
2019-07-18,1.739,-0.3438,000171,易方达裕祥回报
2019-07-19,1.741,0.115,000171,易方达裕祥回报
2019-07-22,1.741,0.0,000171,易方达裕祥回报
2019-07-23,1.744,0.1723,000171,易方达裕祥回报
2019-07-24,1.748,0.2294,000171,易方达裕祥回报
2019-07-25,1.753,0.286,000171,易方达裕祥回报
2019-07-26,1.757,0.2282,000171,易方达裕祥回报
2019-07-29,1.758,0.0569,000171,易方达裕祥回报
2019-07-30,1.759,0.0569,000171,易方达裕祥回报
2019-07-31,1.757,-0.1137,000171,易方达裕祥回报
2019-08-01,1.755,-0.1138,000171,易方达裕祥回报
2019-08-02,1.754,-0.057,000171,易方达裕祥回报
2019-08-05,1.748,-0.3421,000171,易方达裕祥回报
2019-08-06,1.747,-0.0572,000171,易方达裕祥回报
2019-08-07,1.747,0.0,000171,易方达裕祥回报
2019-08-08,1.753,0.3434,000171,易方达裕祥回报
2019-08-09,1.752,-0.057,000171,易方达裕祥回报
2019-08-12,1.76,0.4566,000171,易方达裕祥回报
2019-08-13,1.759,-0.0568,000171,易方达裕祥回报
2019-08-14,1.761,0.1137,000171,易方达裕祥回报
2019-08-15,1.764,0.1704,000171,易方达裕祥回报
2019-08-16,1.766,0.1134,000171,易方达裕祥回报
2019-08-19,1.773,0.3964,000171,易方达裕祥回报
2019-08-20,1.773,0.0,000171,易方达裕祥回报
2019-08-21,1.774,0.0564,000171,易方达裕祥回报
2019-08-22,1.776,0.1127,000171,易方达裕祥回报
2019-08-23,1.778,0.1126,000171,易方达裕祥回报
2019-08-26,1.775,-0.1687,000171,易方达裕祥回报
2019-08-27,1.781,0.338,000171,易方达裕祥回报
2019-08-28,1.779,-0.1123,000171,易方达裕祥回报
2019-08-29,1.777,-0.1124,000171,易方达裕祥回报
2019-08-30,1.777,0.0,000171,易方达裕祥回报
2019-09-02,1.782,0.2814,000171,易方达裕祥回报
2019-09-03,1.782,0.0,000171,易方达裕祥回报
2019-09-04,1.784,0.1122,000171,易方达裕祥回报
2019-09-05,1.788,0.2242,000171,易方达裕祥回报
2019-09-06,1.792,0.2237,000171,易方达裕祥回报
2019-09-09,1.796,0.2232,000171,易方达裕祥回报
2019-09-10,1.798,0.1114,000171,易方达裕祥回报
2019-09-11,1.793,-0.2781,000171,易方达裕祥回报
2019-09-12,1.795,0.1115,000171,易方达裕祥回报
2019-09-16,1.795,0.0,000171,易方达裕祥回报
2019-09-17,1.788,-0.39,000171,易方达裕祥回报
2019-09-18,1.79,0.1119,000171,易方达裕祥回报
2019-09-19,1.792,0.1117,000171,易方达裕祥回报
2019-09-20,1.795,0.1674,000171,易方达裕祥回报
2019-09-23,1.793,-0.1114,000171,易方达裕祥回报
2019-09-24,1.796,0.1673,000171,易方达裕祥回报
2019-09-25,1.789,-0.3898,000171,易方达裕祥回报
2019-09-26,1.783,-0.3354,000171,易方达裕祥回报
2019-09-27,1.785,0.1122,000171,易方达裕祥回报
2019-09-30,1.783,-0.112,000171,易方达裕祥回报
2019-10-08,1.785,0.1122,000171,易方达裕祥回报
2019-10-09,1.785,0.0,000171,易方达裕祥回报
2019-10-10,1.791,0.3361,000171,易方达裕祥回报
2019-10-11,1.791,0.0,000171,易方达裕祥回报
2019-10-14,1.794,0.1675,000171,易方达裕祥回报
2019-10-15,1.789,-0.2787,000171,易方达裕祥回报
2019-10-16,1.787,-0.1118,000171,易方达裕祥回报
2019-10-17,1.787,0.0,000171,易方达裕祥回报
2019-10-18,1.78,-0.3917,000171,易方达裕祥回报
2019-10-21,1.779,-0.0562,000171,易方达裕祥回报
2019-10-22,1.781,0.1124,000171,易方达裕祥回报
2019-10-23,1.777,-0.2246,000171,易方达裕祥回报
2019-10-24,1.774,-0.1688,000171,易方达裕祥回报
2019-10-25,1.778,0.2255,000171,易方达裕祥回报
2019-10-28,1.783,0.2812,000171,易方达裕祥回报
2019-10-29,1.779,-0.2243,000171,易方达裕祥回报
2019-10-30,1.777,-0.1124,000171,易方达裕祥回报
2019-10-31,1.778,0.0563,000171,易方达裕祥回报
2019-11-01,1.786,0.4499,000171,易方达裕祥回报
2019-11-04,1.79,0.224,000171,易方达裕祥回报
2019-11-05,1.795,0.2793,000171,易方达裕祥回报
2019-11-06,1.793,-0.1114,000171,易方达裕祥回报
2019-11-07,1.795,0.1115,000171,易方达裕祥回报
2019-11-08,1.794,-0.0557,000171,易方达裕祥回报
2019-11-11,1.787,-0.3902,000171,易方达裕祥回报
2019-11-12,1.786,-0.056,000171,易方达裕祥回报
2019-11-13,1.792,0.3359,000171,易方达裕祥回报
2019-11-14,1.796,0.2232,000171,易方达裕祥回报
2019-11-15,1.793,-0.167,000171,易方达裕祥回报
2019-11-18,1.797,0.2231,000171,易方达裕祥回报
2019-11-19,1.803,0.3339,000171,易方达裕祥回报
2019-11-20,1.8,-0.1664,000171,易方达裕祥回报
2019-11-21,1.796,-0.2222,000171,易方达裕祥回报
2019-11-22,1.79,-0.3341,000171,易方达裕祥回报
2019-11-25,1.789,-0.0559,000171,易方达裕祥回报
2019-11-26,1.793,0.2236,000171,易方达裕祥回报
2019-11-27,1.792,-0.0558,000171,易方达裕祥回报
2019-11-28,1.791,-0.0558,000171,易方达裕祥回报
2019-11-29,1.789,-0.1117,000171,易方达裕祥回报
2019-12-02,1.789,0.0,000171,易方达裕祥回报
2019-12-03,1.794,0.2795,000171,易方达裕祥回报
2019-12-04,1.795,0.0557,000171,易方达裕祥回报
2019-12-05,1.8,0.2786,000171,易方达裕祥回报
2019-12-06,1.804,0.2222,000171,易方达裕祥回报
2019-12-09,1.803,-0.0554,000171,易方达裕祥回报
2019-12-10,1.807,0.2219,000171,易方达裕祥回报
2019-12-11,1.807,0.0,000171,易方达裕祥回报
2019-12-12,1.808,0.0553,000171,易方达裕祥回报
2019-12-13,1.816,0.4425,000171,易方达裕祥回报
2019-12-16,1.82,0.2203,000171,易方达裕祥回报
2019-12-17,1.823,0.1648,000171,易方达裕祥回报
2019-12-18,1.822,-0.0549,000171,易方达裕祥回报
2019-12-19,1.82,-0.1098,000171,易方达裕祥回报
2019-12-20,1.819,-0.0549,000171,易方达裕祥回报
2019-12-23,1.815,-0.2199,000171,易方达裕祥回报
2019-12-24,1.821,0.3306,000171,易方达裕祥回报
2019-12-25,1.824,0.1647,000171,易方达裕祥回报
2019-12-26,1.827,0.1645,000171,易方达裕祥回报
2019-12-27,1.825,-0.1095,000171,易方达裕祥回报
2019-12-30,1.831,0.3288,000171,易方达裕祥回报
2019-12-31,1.834,0.1638,000171,易方达裕祥回报
2020-01-02,1.842,0.4362,000171,易方达裕祥回报
2020-01-03,1.841,-0.0543,000171,易方达裕祥回报
2020-01-06,1.84,-0.0543,000171,易方达裕祥回报
2020-01-07,1.841,0.0543,000171,易方达裕祥回报
2020-01-08,1.84,-0.0543,000171,易方达裕祥回报
2020-01-09,1.848,0.4348,000171,易方达裕祥回报
2020-01-10,1.851,0.1623,000171,易方达裕祥回报
2020-01-13,1.856,0.2701,000171,易方达裕祥回报
2020-01-14,1.853,-0.1616,000171,易方达裕祥回报
2020-01-15,1.853,0.0,000171,易方达裕祥回报
2020-01-16,1.852,-0.054,000171,易方达裕祥回报
2020-01-17,1.855,0.162,000171,易方达裕祥回报
2020-01-20,1.861,0.3235,000171,易方达裕祥回报
2020-01-21,1.857,-0.2149,000171,易方达裕祥回报
2020-01-22,1.861,0.2154,000171,易方达裕祥回报
2020-01-23,1.847,-0.7523,000171,易方达裕祥回报
2020-02-03,1.822,-1.3535,000171,易方达裕祥回报
2020-02-04,1.838,0.8782,000171,易方达裕祥回报
2020-02-05,1.844,0.3264,000171,易方达裕祥回报
2020-02-06,1.851,0.3796,000171,易方达裕祥回报
2020-02-07,1.853,0.108,000171,易方达裕祥回报
2020-02-10,1.858,0.2698,000171,易方达裕祥回报
2020-02-11,1.861,0.1615,000171,易方达裕祥回报
2020-02-12,1.868,0.3761,000171,易方达裕祥回报
2020-02-13,1.868,0.0,000171,易方达裕祥回报
2020-02-14,1.869,0.0535,000171,易方达裕祥回报
2020-02-17,1.88,0.5886,000171,易方达裕祥回报
2020-02-18,1.88,0.0,000171,易方达裕祥回报
2020-02-19,1.88,0.0,000171,易方达裕祥回报
2020-02-20,1.892,0.6383,000171,易方达裕祥回报
2020-02-21,1.896,0.2114,000171,易方达裕祥回报
2020-02-24,1.897,0.0527,000171,易方达裕祥回报
2020-02-25,1.899,0.1054,000171,易方达裕祥回报
2020-02-26,1.887,-0.6319,000171,易方达裕祥回报
2020-02-27,1.886,-0.053,000171,易方达裕祥回报
2020-02-28,1.873,-0.6893,000171,易方达裕祥回报
2020-03-02,1.883,0.5339,000171,易方达裕祥回报
2020-03-03,1.885,0.1062,000171,易方达裕祥回报
2020-03-04,1.886,0.0531,000171,易方达裕祥回报
2020-03-05,1.894,0.4242,000171,易方达裕祥回报
2020-03-06,1.89,-0.2112,000171,易方达裕祥回报
2020-03-09,1.876,-0.7407,000171,易方达裕祥回报
2020-03-10,1.882,0.3198,000171,易方达裕祥回报
2020-03-11,1.875,-0.3719,000171,易方达裕祥回报
2020-03-12,1.866,-0.48,000171,易方达裕祥回报
2020-03-13,1.858,-0.4287,000171,易方达裕祥回报
2020-03-16,1.842,-0.8611,000171,易方达裕祥回报
2020-03-17,1.836,-0.3257,000171,易方达裕祥回报
2020-03-18,1.832,-0.2179,000171,易方达裕祥回报
2020-03-19,1.826,-0.3275,000171,易方达裕祥回报
2020-03-20,1.832,0.3286,000171,易方达裕祥回报
2020-03-23,1.821,-0.6004,000171,易方达裕祥回报
2020-03-24,1.83,0.4942,000171,易方达裕祥回报
2020-03-25,1.841,0.6011,000171,易方达裕祥回报
2020-03-26,1.84,-0.0543,000171,易方达裕祥回报
2020-03-27,1.841,0.0543,000171,易方达裕祥回报
2020-03-30,1.835,-0.3259,000171,易方达裕祥回报
2020-03-31,1.838,0.1635,000171,易方达裕祥回报
2020-04-01,1.841,0.1632,000171,易方达裕祥回报
2020-04-02,1.847,0.3259,000171,易方达裕祥回报
2020-04-03,1.847,0.0,000171,易方达裕祥回报
2020-04-07,1.862,0.8121,000171,易方达裕祥回报
2020-04-08,1.865,0.1611,000171,易方达裕祥回报
2020-04-09,1.869,0.2145,000171,易方达裕祥回报
2020-04-10,1.867,-0.107,000171,易方达裕祥回报
2020-04-13,1.865,-0.1071,000171,易方达裕祥回报
2020-04-14,1.872,0.3753,000171,易方达裕祥回报
2020-04-15,1.872,0.0,000171,易方达裕祥回报
2020-04-16,1.875,0.1603,000171,易方达裕祥回报
2020-04-17,1.877,0.1067,000171,易方达裕祥回报
2020-04-20,1.877,0.0,000171,易方达裕祥回报
2020-04-21,1.873,-0.2131,000171,易方达裕祥回报
2020-04-22,1.879,0.3203,000171,易方达裕祥回报
2020-04-23,1.882,0.1597,000171,易方达裕祥回报
2020-04-24,1.88,-0.1063,000171,易方达裕祥回报
2020-04-27,1.88,0.0,000171,易方达裕祥回报
2020-04-28,1.886,0.3191,000171,易方达裕祥回报
2020-04-29,1.889,0.1591,000171,易方达裕祥回报
2020-04-30,1.892,0.1588,000171,易方达裕祥回报
2020-05-06,1.889,-0.1586,000171,易方达裕祥回报
2020-05-07,1.882,-0.3706,000171,易方达裕祥回报
2020-05-08,1.885,0.1594,000171,易方达裕祥回报
2020-05-11,1.88,-0.2653,000171,易方达裕祥回报
2020-05-12,1.88,0.0,000171,易方达裕祥回报
2020-05-13,1.88,0.0,000171,易方达裕祥回报
2020-05-14,1.875,-0.266,000171,易方达裕祥回报
2020-05-15,1.876,0.0533,000171,易方达裕祥回报
2020-05-18,1.875,-0.0533,000171,易方达裕祥回报
2020-05-19,1.878,0.16,000171,易方达裕祥回报
2020-05-20,1.875,-0.1597,000171,易方达裕祥回报
2020-05-21,1.873,-0.1067,000171,易方达裕祥回报
2020-05-22,1.87,-0.1602,000171,易方达裕祥回报
2020-05-25,1.869,-0.0535,000171,易方达裕祥回报
2020-05-26,1.871,0.107,000171,易方达裕祥回报
2020-05-27,1.869,-0.1069,000171,易方达裕祥回报
2020-05-28,1.868,-0.0535,000171,易方达裕祥回报
2020-05-29,1.875,0.3747,000171,易方达裕祥回报
2020-06-01,1.882,0.3733,000171,易方达裕祥回报
2020-06-02,1.877,-0.2657,000171,易方达裕祥回报
2020-06-03,1.871,-0.3197,000171,易方达裕祥回报
2020-06-04,1.871,0.0,000171,易方达裕祥回报
2020-06-05,1.868,-0.1603,000171,易方达裕祥回报
2020-06-08,1.869,0.0535,000171,易方达裕祥回报
2020-06-09,1.872,0.1605,000171,易方达裕祥回报
2020-06-10,1.873,0.0534,000171,易方达裕祥回报
2020-06-11,1.871,-0.1068,000171,易方达裕祥回报
2020-06-12,1.872,0.0534,000171,易方达裕祥回报
2020-06-15,1.869,-0.1603,000171,易方达裕祥回报
2020-06-16,1.874,0.2675,000171,易方达裕祥回报
2020-06-17,1.876,0.1067,000171,易方达裕祥回报
2020-06-18,1.875,-0.0533,000171,易方达裕祥回报
2020-06-19,1.881,0.32,000171,易方达裕祥回报
2020-06-22,1.877,-0.2127,000171,易方达裕祥回报
2020-06-23,1.878,0.0533,000171,易方达裕祥回报
2020-06-24,1.883,0.2662,000171,易方达裕祥回报
2020-06-29,1.886,0.1593,000171,易方达裕祥回报
2020-06-30,1.893,0.3712,000171,易方达裕祥回报
2020-07-01,1.901,0.4226,000171,易方达裕祥回报
2020-07-02,1.907,0.3156,000171,易方达裕祥回报
2020-07-03,1.911,0.2098,000171,易方达裕祥回报
2020-07-06,1.927,0.8373,000171,易方达裕祥回报
2020-07-07,1.924,-0.1557,000171,易方达裕祥回报
2020-07-08,1.929,0.2599,000171,易方达裕祥回报
2020-07-09,1.932,0.1555,000171,易方达裕祥回报
2020-07-10,1.929,-0.1553,000171,易方达裕祥回报
2020-07-13,1.939,0.5184,000171,易方达裕祥回报
2020-07-14,1.932,-0.361,000171,易方达裕祥回报
2020-07-15,1.933,0.0518,000171,易方达裕祥回报
2020-07-16,1.907,-1.3451,000171,易方达裕祥回报
2020-07-17,1.912,0.2622,000171,易方达裕祥回报
2020-07-20,1.924,0.6276,000171,易方达裕祥回报
2020-07-21,1.933,0.4678,000171,易方达裕祥回报
2020-07-22,1.942,0.4656,000171,易方达裕祥回报
2020-07-23,1.95,0.4119,000171,易方达裕祥回报
2020-07-24,1.927,-1.1795,000171,易方达裕祥回报
2020-07-27,1.934,0.3633,000171,易方达裕祥回报
2020-07-28,1.939,0.2585,000171,易方达裕祥回报
2020-07-29,1.951,0.6189,000171,易方达裕祥回报
2020-07-30,1.953,0.1025,000171,易方达裕祥回报
2020-07-31,1.956,0.1536,000171,易方达裕祥回报
2020-08-03,1.963,0.3579,000171,易方达裕祥回报
2020-08-04,1.964,0.0509,000171,易方达裕祥回报
2020-08-05,1.968,0.2037,000171,易方达裕祥回报
2020-08-06,1.962,-0.3049,000171,易方达裕祥回报
2020-08-07,1.958,-0.2039,000171,易方达裕祥回报
2020-08-10,1.964,0.3064,000171,易方达裕祥回报
2020-08-11,1.961,-0.1527,000171,易方达裕祥回报
2020-08-12,1.953,-0.408,000171,易方达裕祥回报
2020-08-13,1.953,0.0,000171,易方达裕祥回报
2020-08-14,1.959,0.3072,000171,易方达裕祥回报
2020-08-17,1.965,0.3063,000171,易方达裕祥回报
2020-08-18,1.969,0.2036,000171,易方达裕祥回报
2020-08-19,1.961,-0.4063,000171,易方达裕祥回报
2020-08-20,1.952,-0.4589,000171,易方达裕祥回报
2020-08-21,1.955,0.1537,000171,易方达裕祥回报
2020-08-24,1.961,0.31,000171,易方达裕祥回报
2020-08-25,1.963,0.1,000171,易方达裕祥回报
2020-08-26,1.956,-0.36,000171,易方达裕祥回报
2020-08-27,1.963,0.36,000171,易方达裕祥回报
2020-08-28,1.974,0.56,000171,易方达裕祥回报
2020-08-31,1.971,-0.15,000171,易方达裕祥回报
2020-09-01,1.975,0.2,000171,易方达裕祥回报
2020-09-02,1.976,0.05,000171,易方达裕祥回报
2020-09-03,1.972,-0.2,000171,易方达裕祥回报
2020-09-04,1.965,-0.35,000171,易方达裕祥回报
2020-09-07,1.951,-0.71,000171,易方达裕祥回报
2020-09-08,1.95,-0.05,000171,易方达裕祥回报
2020-09-09,1.94,-0.51,000171,易方达裕祥回报
2020-09-10,1.941,0.05,000171,易方达裕祥回报
2020-09-11,1.953,0.62,000171,易方达裕祥回报
2020-09-14,1.958,0.26,000171,易方达裕祥回报
2020-09-15,1.96,0.1,000171,易方达裕祥回报
2020-09-16,1.96,0.0,000171,易方达裕祥回报
2020-09-17,1.959,-0.05,000171,易方达裕祥回报
2020-09-18,1.962,0.15,000171,易方达裕祥回报
2020-09-21,1.959,-0.15,000171,易方达裕祥回报
2020-09-22,1.953,-0.31,000171,易方达裕祥回报
2020-09-23,1.965,0.61,000171,易方达裕祥回报
2020-09-24,1.953,-0.61,000171,易方达裕祥回报
2020-09-25,1.954,0.05,000171,易方达裕祥回报
2020-09-28,1.956,0.1,000171,易方达裕祥回报
2020-09-29,1.96,0.2,000171,易方达裕祥回报
2020-09-30,1.964,0.2,000171,易方达裕祥回报
2020-10-09,1.982,0.92,000171,易方达裕祥回报
2020-10-12,1.993,0.55,000171,易方达裕祥回报
2020-10-13,2.002,0.45,000171,易方达裕祥回报
2020-10-14,1.996,-0.3,000171,易方达裕祥回报
2020-10-15,1.99,-0.3,000171,易方达裕祥回报
2020-10-16,1.985,-0.25,000171,易方达裕祥回报
2020-10-19,1.973,-0.6,000171,易方达裕祥回报
2020-10-20,1.981,0.41,000171,易方达裕祥回报
2020-10-21,1.979,-0.1,000171,易方达裕祥回报
2020-10-22,1.98,0.05,000171,易方达裕祥回报
2020-10-23,1.971,-0.45,000171,易方达裕祥回报
2020-10-26,1.978,0.36,000171,易方达裕祥回报
2020-10-27,1.983,0.25,000171,易方达裕祥回报
2020-10-28,1.99,0.35,000171,易方达裕祥回报
2020-10-29,1.995,0.25,000171,易方达裕祥回报
2020-10-30,1.984,-0.55,000171,易方达裕祥回报
2020-11-02,1.985,0.05,000171,易方达裕祥回报
2020-11-03,1.986,0.05,000171,易方达裕祥回报
2020-11-04,1.988,0.1,000171,易方达裕祥回报
2020-11-05,1.999,0.55,000171,易方达裕祥回报
2020-11-06,1.996,-0.15,000171,易方达裕祥回报
2020-11-09,2.001,0.25,000171,易方达裕祥回报
2020-11-10,2.005,0.2,000171,易方达裕祥回报
2020-11-11,2.0,-0.25,000171,易方达裕祥回报
2020-11-12,2.003,0.15,000171,易方达裕祥回报
2020-11-13,1.994,-0.45,000171,易方达裕祥回报
2020-11-16,1.999,0.25,000171,易方达裕祥回报
2020-11-17,1.99,-0.45,000171,易方达裕祥回报
2020-11-18,1.983,-0.35,000171,易方达裕祥回报
2020-11-19,1.985,0.1,000171,易方达裕祥回报
2020-11-20,1.99,0.25,000171,易方达裕祥回报
2020-11-23,1.992,0.1,000171,易方达裕祥回报
2020-11-24,1.989,-0.15,000171,易方达裕祥回报
2020-11-25,1.982,-0.35,000171,易方达裕祥回报
2020-11-26,1.983,0.05,000171,易方达裕祥回报
2020-11-27,1.991,0.4,000171,易方达裕祥回报
2020-11-30,1.992,0.05,000171,易方达裕祥回报
2020-12-01,2.004,0.6,000171,易方达裕祥回报
2020-12-02,2.005,0.05,000171,易方达裕祥回报
2020-12-03,2.005,0.0,000171,易方达裕祥回报
2020-12-04,2.009,0.2,000171,易方达裕祥回报
2020-12-07,2.013,0.2,000171,易方达裕祥回报
2020-12-08,2.014,0.05,000171,易方达裕祥回报
2020-12-09,2.01,-0.2,000171,易方达裕祥回报
2020-12-10,2.015,0.25,000171,易方达裕祥回报
2020-12-11,2.01,-0.25,000171,易方达裕祥回报
2020-12-14,2.022,0.6,000171,易方达裕祥回报
2020-12-15,2.024,0.1,000171,易方达裕祥回报
2020-12-16,2.025,0.05,000171,易方达裕祥回报
2020-12-17,2.028,0.15,000171,易方达裕祥回报
2020-12-18,2.029,0.05,000171,易方达裕祥回报
2020-12-21,2.043,0.69,000171,易方达裕祥回报
2020-12-22,2.041,-0.1,000171,易方达裕祥回报
2020-12-23,2.051,0.49,000171,易方达裕祥回报
2020-12-24,2.05,-0.05,000171,易方达裕祥回报
2020-12-25,2.058,0.39,000171,易方达裕祥回报
2020-12-28,2.057,-0.05,000171,易方达裕祥回报
2020-12-29,2.052,-0.24,000171,易方达裕祥回报
2020-12-30,2.057,0.24,000171,易方达裕祥回报
2020-12-31,2.064,0.34,000171,易方达裕祥回报
2021-01-04,2.076,0.58,000171,易方达裕祥回报
2021-01-05,2.093,0.82,000171,易方达裕祥回报
2021-01-06,2.097,0.19,000171,易方达裕祥回报
2021-01-07,2.111,0.67,000171,易方达裕祥回报
2021-01-08,2.105,-0.28,000171,易方达裕祥回报
2021-01-11,2.097,-0.38,000171,易方达裕祥回报
2021-01-12,2.107,0.48,000171,易方达裕祥回报
2021-01-13,2.098,-0.43,000171,易方达裕祥回报
2021-01-14,2.092,-0.29,000171,易方达裕祥回报
2021-01-15,2.092,0.0,000171,易方达裕祥回报
2021-01-18,2.097,0.24,000171,易方达裕祥回报
2021-01-19,2.092,-0.24,000171,易方达裕祥回报
2021-01-20,2.105,0.62,000171,易方达裕祥回报
2021-01-21,2.119,0.67,000171,易方达裕祥回报
2021-01-22,2.133,0.66,000171,易方达裕祥回报
2021-01-25,2.138,0.23,000171,易方达裕祥回报
2021-01-26,2.127,-0.51,000171,易方达裕祥回报
2021-01-27,2.129,0.09,000171,易方达裕祥回报
2021-01-28,2.11,-0.89,000171,易方达裕祥回报
2021-01-29,2.101,-0.43,000171,易方达裕祥回报
2021-02-01,2.107,0.29,000171,易方达裕祥回报
2021-02-02,2.116,0.43,000171,易方达裕祥回报
2021-02-03,2.111,-0.24,000171,易方达裕祥回报
2021-02-04,2.107,-0.19,000171,易方达裕祥回报
2021-02-05,2.11,0.14,000171,易方达裕祥回报
2021-02-08,2.115,0.24,000171,易方达裕祥回报
2021-02-09,2.124,0.43,000171,易方达裕祥回报
2021-02-10,2.135,0.52,000171,易方达裕祥回报
2021-02-18,2.129,-0.28,000171,易方达裕祥回报
2021-02-19,2.126,-0.14,000171,易方达裕祥回报
2021-02-22,2.11,-0.75,000171,易方达裕祥回报
2021-02-23,2.106,-0.19,000171,易方达裕祥回报
2021-02-24,2.092,-0.66,000171,易方达裕祥回报
2021-02-25,2.092,0.0,000171,易方达裕祥回报
2021-02-26,2.086,-0.29,000171,易方达裕祥回报
2021-03-01,2.095,0.43,000171,易方达裕祥回报
2021-03-02,2.092,-0.14,000171,易方达裕祥回报
2021-03-03,2.096,0.19,000171,易方达裕祥回报
2021-03-04,2.079,-0.81,000171,易方达裕祥回报
2021-03-05,2.077,-0.1,000171,易方达裕祥回报
2021-03-08,2.058,-0.91,000171,易方达裕祥回报
2021-03-09,2.046,-0.58,000171,易方达裕祥回报
2021-03-10,2.053,0.34,000171,易方达裕祥回报
2021-03-11,2.063,0.49,000171,易方达裕祥回报
2021-03-12,2.064,0.05,000171,易方达裕祥回报
2021-03-15,2.047,-0.82,000171,易方达裕祥回报
2021-03-16,2.051,0.2,000171,易方达裕祥回报
2021-03-17,2.054,0.15,000171,易方达裕祥回报
2021-03-18,2.059,0.24,000171,易方达裕祥回报
2021-03-19,2.049,-0.49,000171,易方达裕祥回报
2021-03-22,2.055,0.29,000171,易方达裕祥回报
2021-03-23,2.05,-0.24,000171,易方达裕祥回报
2021-03-24,2.043,-0.34,000171,易方达裕祥回报
2021-03-25,2.048,0.24,000171,易方达裕祥回报
2021-03-26,2.059,0.54,000171,易方达裕祥回报
2021-03-29,2.063,0.19,000171,易方达裕祥回报
2021-03-30,2.076,0.63,000171,易方达裕祥回报
2021-03-31,2.074,-0.1,000171,易方达裕祥回报
2021-04-01,2.083,0.43,000171,易方达裕祥回报
2021-04-02,2.086,0.14,000171,易方达裕祥回报
2021-04-06,2.087,0.05,000171,易方达裕祥回报
2021-04-07,2.077,-0.48,000171,易方达裕祥回报
2021-04-08,2.08,0.14,000171,易方达裕祥回报
2021-04-09,2.072,-0.38,000171,易方达裕祥回报
2021-04-12,2.062,-0.48,000171,易方达裕祥回报
2021-04-13,2.063,0.05,000171,易方达裕祥回报
2021-04-14,2.069,0.29,000171,易方达裕祥回报
2021-04-15,2.073,0.19,000171,易方达裕祥回报
2021-04-16,2.073,0.0,000171,易方达裕祥回报
2021-04-19,2.086,0.63,000171,易方达裕祥回报
2021-04-20,2.094,0.38,000171,易方达裕祥回报
2021-04-21,2.094,0.0,000171,易方达裕祥回报
2021-04-22,2.093,-0.05,000171,易方达裕祥回报
2021-04-23,2.099,0.29,000171,易方达裕祥回报
2021-04-26,2.096,-0.14,000171,易方达裕祥回报
2021-04-27,2.097,0.05,000171,易方达裕祥回报
2021-04-28,2.106,0.43,000171,易方达裕祥回报
2021-04-29,2.106,0.0,000171,易方达裕祥回报
2021-04-30,2.109,0.14,000171,易方达裕祥回报
2021-05-06,2.102,-0.33,000171,易方达裕祥回报
2021-05-07,2.092,-0.48,000171,易方达裕祥回报
2021-05-10,2.094,0.1,000171,易方达裕祥回报
2021-05-11,2.096,0.1,000171,易方达裕祥回报
2021-05-12,2.102,0.29,000171,易方达裕祥回报
2021-05-13,2.099,-0.14,000171,易方达裕祥回报
2021-05-14,2.106,0.33,000171,易方达裕祥回报
2021-05-17,2.117,0.52,000171,易方达裕祥回报
2021-05-18,2.116,-0.05,000171,易方达裕祥回报
2021-05-19,2.117,0.05,000171,易方达裕祥回报
2021-05-20,2.12,0.14,000171,易方达裕祥回报
2021-05-21,2.122,0.09,000171,易方达裕祥回报
2021-05-24,2.124,0.09,000171,易方达裕祥回报
2021-05-25,2.131,0.33,000171,易方达裕祥回报
2021-05-26,2.129,-0.09,000171,易方达裕祥回报
2021-05-27,2.135,0.28,000171,易方达裕祥回报
2021-05-28,2.132,-0.14,000171,易方达裕祥回报
2021-05-31,2.14,0.38,000171,易方达裕祥回报
2021-06-01,2.144,0.19,000171,易方达裕祥回报
2021-06-02,2.14,-0.19,000171,易方达裕祥回报
2021-06-03,2.135,-0.23,000171,易方达裕祥回报
2021-06-04,2.136,0.05,000171,易方达裕祥回报
2021-06-07,2.138,0.09,000171,易方达裕祥回报
2021-06-08,2.132,-0.28,000171,易方达裕祥回报
2021-06-09,2.138,0.28,000171,易方达裕祥回报
2021-06-10,2.15,0.56,000171,易方达裕祥回报
2021-06-11,2.152,0.09,000171,易方达裕祥回报
2021-06-15,2.146,-0.28,000171,易方达裕祥回报
2021-06-16,2.131,-0.7,000171,易方达裕祥回报
2021-06-17,2.135,0.19,000171,易方达裕祥回报
2021-06-18,2.139,0.19,000171,易方达裕祥回报
2021-06-21,2.145,0.28,000171,易方达裕祥回报
2021-06-22,2.152,0.33,000171,易方达裕祥回报
2021-06-23,2.151,-0.05,000171,易方达裕祥回报
2021-06-24,2.156,0.23,000171,易方达裕祥回报
2021-06-25,2.164,0.37,000171,易方达裕祥回报
2021-06-28,2.168,0.18,000171,易方达裕祥回报
2021-06-29,2.168,0.0,000171,易方达裕祥回报
2021-06-30,2.172,0.18,000171,易方达裕祥回报
2021-07-01,2.171,-0.05,000171,易方达裕祥回报
2021-07-02,2.154,-0.78,000171,易方达裕祥回报
2021-07-05,2.157,0.14,000171,易方达裕祥回报
2021-07-06,2.154,-0.14,000171,易方达裕祥回报
2021-07-07,2.168,0.65,000171,易方达裕祥回报
2021-07-08,2.171,0.14,000171,易方达裕祥回报
2021-07-09,2.17,-0.05,000171,易方达裕祥回报
2021-07-12,2.177,0.32,000171,易方达裕祥回报
2021-07-13,2.176,-0.05,000171,易方达裕祥回报
2021-07-14,2.177,0.05,000171,易方达裕祥回报
2021-07-15,2.187,0.46,000171,易方达裕祥回报
2021-07-16,2.179,-0.37,000171,易方达裕祥回报
2021-07-19,2.182,0.14,000171,易方达裕祥回报
2021-07-20,2.185,0.14,000171,易方达裕祥回报
2021-07-21,2.199,0.64,000171,易方达裕祥回报
2021-07-22,2.195,-0.18,000171,易方达裕祥回报
2021-07-23,2.192,-0.14,000171,易方达裕祥回报
2021-07-26,2.177,-0.68,000171,易方达裕祥回报
2021-07-27,2.158,-0.87,000171,易方达裕祥回报
2021-07-28,2.159,0.05,000171,易方达裕祥回报
2021-07-29,2.175,0.74,000171,易方达裕祥回报
2021-07-30,2.17,-0.23,000171,易方达裕祥回报
2021-08-02,2.179,0.41,000171,易方达裕祥回报
2021-08-03,2.178,-0.05,000171,易方达裕祥回报
2021-08-04,2.186,0.37,000171,易方达裕祥回报
2021-08-05,2.185,-0.05,000171,易方达裕祥回报
2021-08-06,2.179,-0.27,000171,易方达裕祥回报
2021-08-09,2.183,0.18,000171,易方达裕祥回报
2021-08-10,2.187,0.18,000171,易方达裕祥回报
2021-08-11,2.182,-0.23,000171,易方达裕祥回报
2021-08-12,2.179,-0.14,000171,易方达裕祥回报
2021-08-13,2.179,0.0,000171,易方达裕祥回报
2021-08-16,2.18,0.05,000171,易方达裕祥回报
2021-08-17,2.17,-0.46,000171,易方达裕祥回报
2021-08-18,2.169,-0.05,000171,易方达裕祥回报
2021-08-19,2.167,-0.09,000171,易方达裕祥回报
2021-08-20,2.157,-0.46,000171,易方达裕祥回报
2021-08-23,2.163,0.28,000171,易方达裕祥回报
2021-08-24,2.172,0.42,000171,易方达裕祥回报
2021-08-25,2.179,0.32,000171,易方达裕祥回报
2021-08-26,2.169,-0.46,000171,易方达裕祥回报
2021-08-27,2.17,0.05,000171,易方达裕祥回报
2021-08-30,2.179,0.41,000171,易方达裕祥回报
2021-08-31,2.17,-0.41,000171,易方达裕祥回报
2021-09-01,2.171,0.05,000171,易方达裕祥回报
2021-09-02,2.174,0.14,000171,易方达裕祥回报
2021-09-03,2.168,-0.28,000171,易方达裕祥回报
2021-09-06,2.177,0.42,000171,易方达裕祥回报
2021-09-07,2.182,0.23,000171,易方达裕祥回报
2021-09-08,2.176,-0.27,000171,易方达裕祥回报
2021-09-09,2.176,0.0,000171,易方达裕祥回报
2021-09-10,2.178,0.09,000171,易方达裕祥回报
2021-09-13,2.174,-0.18,000171,易方达裕祥回报
2021-09-14,2.171,-0.14,000171,易方达裕祥回报
2021-09-15,2.171,0.0,000171,易方达裕祥回报
2021-09-16,2.163,-0.37,000171,易方达裕祥回报
2021-09-17,2.169,0.28,000171,易方达裕祥回报
2021-09-22,2.165,-0.18,000171,易方达裕祥回报
2021-09-23,2.163,-0.09,000171,易方达裕祥回报
2021-09-24,2.165,0.09,000171,易方达裕祥回报
2021-09-27,2.17,0.23,000171,易方达裕祥回报
2021-09-28,2.17,0.0,000171,易方达裕祥回报
2021-09-29,2.165,-0.23,000171,易方达裕祥回报
2021-09-30,2.17,0.23,000171,易方达裕祥回报
2021-10-08,2.175,0.23,000171,易方达裕祥回报
2021-10-11,2.17,-0.23,000171,易方达裕祥回报
2021-10-12,2.166,-0.18,000171,易方达裕祥回报
2021-10-13,2.174,0.37,000171,易方达裕祥回报
2021-10-14,1.886,-0.14,000171,易方达裕祥回报
2021-10-15,1.887,0.05,000171,易方达裕祥回报
2021-10-18,1.88,-0.37,000171,易方达裕祥回报
2021-10-19,1.885,0.27,000171,易方达裕祥回报
2021-10-20,1.885,0.0,000171,易方达裕祥回报
2021-10-21,1.882,-0.16,000171,易方达裕祥回报
2021-10-22,1.882,0.0,000171,易方达裕祥回报
2021-10-25,1.887,0.27,000171,易方达裕祥回报
2021-10-26,1.886,-0.05,000171,易方达裕祥回报
2021-10-27,1.882,-0.21,000171,易方达裕祥回报
2021-10-28,1.88,-0.11,000171,易方达裕祥回报
2021-10-29,1.889,0.48,000171,易方达裕祥回报
2021-11-01,1.888,-0.05,000171,易方达裕祥回报
2021-11-02,1.885,-0.16,000171,易方达裕祥回报
2021-11-03,1.88,-0.27,000171,易方达裕祥回报
2021-11-04,1.886,0.32,000171,易方达裕祥回报
2021-11-05,1.885,-0.05,000171,易方达裕祥回报
2021-11-08,1.883,-0.11,000171,易方达裕祥回报
2021-11-09,1.886,0.16,000171,易方达裕祥回报
2021-11-10,1.889,0.16,000171,易方达裕祥回报
2021-11-11,1.89,0.05,000171,易方达裕祥回报
2021-11-12,1.889,-0.05,000171,易方达裕祥回报
2021-11-15,1.89,0.05,000171,易方达裕祥回报
2021-11-16,1.893,0.16,000171,易方达裕祥回报
2021-11-17,1.895,0.11,000171,易方达裕祥回报
2021-11-18,1.89,-0.26,000171,易方达裕祥回报
2021-11-19,1.893,0.16,000171,易方达裕祥回报
2021-11-22,1.897,0.21,000171,易方达裕祥回报
2021-11-23,1.896,-0.05,000171,易方达裕祥回报
2021-11-24,1.898,0.11,000171,易方达裕祥回报
2021-11-25,1.896,-0.11,000171,易方达裕祥回报
2021-11-26,1.895,-0.05,000171,易方达裕祥回报
2021-11-29,1.896,0.05,000171,易方达裕祥回报
2021-11-30,1.896,0.0,000171,易方达裕祥回报
2021-12-01,1.894,-0.11,000171,易方达裕祥回报
2021-12-02,1.891,-0.16,000171,易方达裕祥回报
2021-12-03,1.895,0.21,000171,易方达裕祥回报
2021-12-06,1.713,0.0,000171,易方达裕祥回报
2021-12-07,1.713,0.0,000171,易方达裕祥回报
2021-12-08,1.722,0.53,000171,易方达裕祥回报
2021-12-09,1.729,0.41,000171,易方达裕祥回报
2021-12-10,1.73,0.06,000171,易方达裕祥回报
2021-12-13,1.732,0.12,000171,易方达裕祥回报
2021-12-14,1.733,0.06,000171,易方达裕祥回报
2021-12-15,1.725,-0.46,000171,易方达裕祥回报
2021-12-16,1.727,0.12,000171,易方达裕祥回报
2021-12-17,1.721,-0.35,000171,易方达裕祥回报
2021-12-20,1.714,-0.41,000171,易方达裕祥回报
2021-12-21,1.716,0.12,000171,易方达裕祥回报
2021-12-22,1.715,-0.06,000171,易方达裕祥回报
2021-12-23,1.715,0.0,000171,易方达裕祥回报
2021-12-24,1.713,-0.12,000171,易方达裕祥回报
2021-12-27,1.712,-0.06,000171,易方达裕祥回报
2021-12-28,1.72,0.47,000171,易方达裕祥回报
2021-12-29,1.717,-0.17,000171,易方达裕祥回报
2021-12-30,1.718,0.06,000171,易方达裕祥回报
2021-12-31,1.722,0.23,000171,易方达裕祥回报
2022-01-04,1.716,-0.35,000171,易方达裕祥回报
2022-01-05,1.711,-0.29,000171,易方达裕祥回报
2022-01-06,1.707,-0.23,000171,易方达裕祥回报
2022-01-07,1.705,-0.12,000171,易方达裕祥回报
2022-01-10,1.71,0.29,000171,易方达裕祥回报
2022-01-11,1.706,-0.23,000171,易方达裕祥回报
2022-01-12,1.709,0.18,000171,易方达裕祥回报
2022-01-13,1.702,-0.41,000171,易方达裕祥回报
2022-01-14,1.698,-0.24,000171,易方达裕祥回报
2022-01-17,1.705,0.41,000171,易方达裕祥回报
2022-01-18,1.709,0.23,000171,易方达裕祥回报
2022-01-19,1.703,-0.35,000171,易方达裕祥回报
2022-01-20,1.7,-0.18,000171,易方达裕祥回报
2022-01-21,1.696,-0.24,000171,易方达裕祥回报
2022-01-24,1.696,0.0,000171,易方达裕祥回报
2022-01-25,1.688,-0.47,000171,易方达裕祥回报
2022-01-26,1.691,0.18,000171,易方达裕祥回报
2022-01-27,1.685,-0.35,000171,易方达裕祥回报
2022-01-28,1.68,-0.3,000171,易方达裕祥回报
2022-02-07,1.684,0.24,000171,易方达裕祥回报
2022-02-08,1.682,-0.12,000171,易方达裕祥回报
2022-02-09,1.686,0.24,000171,易方达裕祥回报
2022-02-10,1.684,-0.12,000171,易方达裕祥回报
2022-02-11,1.679,-0.3,000171,易方达裕祥回报
2022-02-14,1.675,-0.24,000171,易方达裕祥回报
2022-02-15,1.679,0.24,000171,易方达裕祥回报
2022-02-16,1.679,0.0,000171,易方达裕祥回报
2022-02-17,1.68,0.06,000171,易方达裕祥回报
2022-02-18,1.682,0.12,000171,易方达裕祥回报
2022-02-21,1.682,0.0,000171,易方达裕祥回报
2022-02-22,1.68,-0.12,000171,易方达裕祥回报
2022-02-23,1.686,0.36,000171,易方达裕祥回报
2022-02-24,1.682,-0.24,000171,易方达裕祥回报
2022-02-25,1.687,0.3,000171,易方达裕祥回报
2022-02-28,1.688,0.06,000171,易方达裕祥回报
2022-03-01,1.691,0.18,000171,易方达裕祥回报
2022-03-02,1.688,-0.18,000171,易方达裕祥回报
2022-03-03,1.684,-0.24,000171,易方达裕祥回报
2022-03-04,1.68,-0.24,000171,易方达裕祥回报
2022-03-07,1.67,-0.6,000171,易方达裕祥回报
2022-03-08,1.661,-0.54,000171,易方达裕祥回报
2022-03-09,1.655,-0.36,000171,易方达裕祥回报
2022-03-10,1.665,0.6,000171,易方达裕祥回报
2022-03-11,1.669,0.24,000171,易方达裕祥回报
2022-03-14,1.661,-0.48,000171,易方达裕祥回报
2022-03-15,1.647,-0.84,000171,易方达裕祥回报
2022-03-16,1.658,0.67,000171,易方达裕祥回报
2022-03-17,1.665,0.42,000171,易方达裕祥回报
2022-03-18,1.665,0.0,000171,易方达裕祥回报
2022-03-21,1.665,0.0,000171,易方达裕祥回报
2022-03-22,1.662,-0.18,000171,易方达裕祥回报
2022-03-23,1.664,0.12,000171,易方达裕祥回报
2022-03-24,1.662,-0.12,000171,易方达裕祥回报
2022-03-25,1.654,-0.48,000171,易方达裕祥回报
2022-03-28,1.652,-0.12,000171,易方达裕祥回报
2022-03-29,1.652,0.0,000171,易方达裕祥回报
2022-03-30,1.66,0.48,000171,易方达裕祥回报
2022-03-31,1.657,-0.18,000171,易方达裕祥回报
2022-04-01,1.661,0.24,000171,易方达裕祥回报
2022-04-06,1.658,-0.18,000171,易方达裕祥回报
2022-04-07,1.656,-0.12,000171,易方达裕祥回报
2022-04-08,1.657,0.06,000171,易方达裕祥回报
2022-04-11,1.646,-0.66,000171,易方达裕祥回报
2022-04-12,1.653,0.43,000171,易方达裕祥回报
2022-04-13,1.651,-0.12,000171,易方达裕祥回报
2022-04-14,1.654,0.18,000171,易方达裕祥回报
2022-04-15,1.655,0.06,000171,易方达裕祥回报
2022-04-18,1.657,0.12,000171,易方达裕祥回报
2022-04-19,1.655,-0.12,000171,易方达裕祥回报
2022-04-20,1.651,-0.24,000171,易方达裕祥回报
2022-04-21,1.641,-0.61,000171,易方达裕祥回报
2022-04-22,1.643,0.12,000171,易方达裕祥回报
2022-04-25,1.627,-0.97,000171,易方达裕祥回报
2022-04-26,1.628,0.06,000171,易方达裕祥回报
2022-04-27,1.64,0.74,000171,易方达裕祥回报
2022-04-28,1.646,0.37,000171,易方达裕祥回报
2022-04-29,1.655,0.55,000171,易方达裕祥回报
2022-05-05,1.656,0.06,000171,易方达裕祥回报
2022-05-06,1.646,-0.6,000171,易方达裕祥回报
2022-05-09,1.646,0.0,000171,易方达裕祥回报
2022-05-10,1.649,0.18,000171,易方达裕祥回报
2022-05-11,1.656,0.42,000171,易方达裕祥回报
2022-05-12,1.654,-0.12,000171,易方达裕祥回报
2022-05-13,1.654,0.0,000171,易方达裕祥回报
2022-05-16,1.652,-0.12,000171,易方达裕祥回报
2022-05-17,1.655,0.18,000171,易方达裕祥回报
2022-05-18,1.656,0.06,000171,易方达裕祥回报
2022-05-19,1.659,0.18,000171,易方达裕祥回报
2022-05-20,1.667,0.48,000171,易方达裕祥回报
2022-05-23,1.667,0.0,000171,易方达裕祥回报
2022-05-24,1.657,-0.6,000171,易方达裕祥回报
2022-05-25,1.658,0.06,000171,易方达裕祥回报
2022-05-26,1.66,0.12,000171,易方达裕祥回报
2022-05-27,1.661,0.06,000171,易方达裕祥回报
2022-05-30,1.665,0.24,000171,易方达裕祥回报
2022-05-31,1.671,0.36,000171,易方达裕祥回报
2022-06-01,1.669,-0.12,000171,易方达裕祥回报
2022-06-02,1.667,-0.12,000171,易方达裕祥回报
2022-06-06,1.677,0.6,000171,易方达裕祥回报
2022-06-07,1.678,0.06,000171,易方达裕祥回报
2022-06-08,1.681,0.18,000171,易方达裕祥回报
2022-06-09,1.677,-0.24,000171,易方达裕祥回报
2022-06-10,1.681,0.24,000171,易方达裕祥回报
2022-06-13,1.676,-0.3,000171,易方达裕祥回报
2022-06-14,1.677,0.06,000171,易方达裕祥回报
2022-06-15,1.681,0.24,000171,易方达裕祥回报
2022-06-16,1.682,0.06,000171,易方达裕祥回报
2022-06-17,1.69,0.48,000171,易方达裕祥回报
2022-06-20,1.692,0.12,000171,易方达裕祥回报
2022-06-21,1.691,-0.06,000171,易方达裕祥回报
2022-06-22,1.685,-0.35,000171,易方达裕祥回报
2022-06-23,1.689,0.24,000171,易方达裕祥回报
2022-06-24,1.696,0.41,000171,易方达裕祥回报
2022-06-27,1.7,0.24,000171,易方达裕祥回报
2022-06-28,1.705,0.29,000171,易方达裕祥回报
2022-06-29,1.699,-0.35,000171,易方达裕祥回报
2022-06-30,1.705,0.35,000171,易方达裕祥回报
2022-07-01,1.703,-0.12,000171,易方达裕祥回报
2022-07-04,1.706,0.18,000171,易方达裕祥回报
2022-07-05,1.705,-0.06,000171,易方达裕祥回报
2022-07-06,1.699,-0.35,000171,易方达裕祥回报
2022-07-07,1.698,-0.06,000171,易方达裕祥回报
2022-07-08,1.696,-0.12,000171,易方达裕祥回报
2022-07-11,1.691,-0.29,000171,易方达裕祥回报
2022-07-12,1.687,-0.24,000171,易方达裕祥回报
2022-07-13,1.69,0.18,000171,易方达裕祥回报
2022-07-14,1.691,0.06,000171,易方达裕祥回报
2022-07-15,1.686,-0.3,000171,易方达裕祥回报
2022-07-18,1.688,0.12,000171,易方达裕祥回报
2022-07-19,1.688,0.0,000171,易方达裕祥回报
2022-07-20,1.69,0.12,000171,易方达裕祥回报
2022-07-21,1.689,-0.06,000171,易方达裕祥回报
2022-07-22,1.689,0.0,000171,易方达裕祥回报
2022-07-25,1.688,-0.06,000171,易方达裕祥回报
2022-07-26,1.691,0.18,000171,易方达裕祥回报
2022-07-27,1.691,0.0,000171,易方达裕祥回报
2022-07-28,1.691,0.0,000171,易方达裕祥回报
2022-07-29,1.687,-0.24,000171,易方达裕祥回报
2022-08-01,1.689,0.12,000171,易方达裕祥回报
2022-08-02,1.685,-0.24,000171,易方达裕祥回报
2022-08-03,1.683,-0.12,000171,易方达裕祥回报
2022-08-04,1.688,0.3,000171,易方达裕祥回报
2022-08-05,1.697,0.53,000171,易方达裕祥回报
2022-08-08,1.695,-0.12,000171,易方达裕祥回报
2022-08-09,1.696,0.06,000171,易方达裕祥回报
2022-08-10,1.692,-0.24,000171,易方达裕祥回报
2022-08-11,1.698,0.35,000171,易方达裕祥回报
2022-08-12,1.7,0.12,000171,易方达裕祥回报
2022-08-15,1.698,-0.12,000171,易方达裕祥回报
2022-08-16,1.698,0.0,000171,易方达裕祥回报
2022-08-17,1.701,0.18,000171,易方达裕祥回报
2022-08-18,1.694,-0.41,000171,易方达裕祥回报
2022-08-19,1.689,-0.3,000171,易方达裕祥回报
2022-08-22,1.689,0.0,000171,易方达裕祥回报
2022-08-23,1.685,-0.24,000171,易方达裕祥回报
2022-08-24,1.679,-0.36,000171,易方达裕祥回报
2022-08-25,1.68,0.06,000171,易方达裕祥回报
2022-08-26,1.678,-0.12,000171,易方达裕祥回报
2022-08-29,1.676,-0.12,000171,易方达裕祥回报
2022-08-30,1.676,0.0,000171,易方达裕祥回报
2022-08-31,1.677,0.06,000171,易方达裕祥回报
2022-09-01,1.675,-0.12,000171,易方达裕祥回报
2022-09-02,1.675,0.0,000171,易方达裕祥回报
2022-09-05,1.672,-0.18,000171,易方达裕祥回报
2022-09-06,1.674,0.12,000171,易方达裕祥回报
2022-09-07,1.673,-0.06,000171,易方达裕祥回报
2022-09-08,1.672,-0.06,000171,易方达裕祥回报
2022-09-09,1.675,0.18,000171,易方达裕祥回报
2022-09-13,1.677,0.12,000171,易方达裕祥回报
2022-09-14,1.673,-0.24,000171,易方达裕祥回报
2022-09-15,1.669,-0.24,000171,易方达裕祥回报
2022-09-16,1.662,-0.42,000171,易方达裕祥回报
2022-09-19,1.662,0.0,000171,易方达裕祥回报
2022-09-20,1.663,0.06,000171,易方达裕祥回报
2022-09-21,1.661,-0.12,000171,易方达裕祥回报
2022-09-22,1.658,-0.18,000171,易方达裕祥回报
2022-09-23,1.656,-0.12,000171,易方达裕祥回报
2022-09-26,1.653,-0.18,000171,易方达裕祥回报
2022-09-27,1.66,0.42,000171,易方达裕祥回报
2022-09-28,1.656,-0.24,000171,易方达裕祥回报
2022-09-29,1.658,0.12,000171,易方达裕祥回报
2022-09-30,1.656,-0.12,000171,易方达裕祥回报
2022-10-10,1.652,-0.24,000171,易方达裕祥回报
2022-10-11,1.652,0.0,000171,易方达裕祥回报
2022-10-12,1.655,0.18,000171,易方达裕祥回报
2022-10-13,1.657,0.12,000171,易方达裕祥回报
2022-10-14,1.67,0.78,000171,易方达裕祥回报
2022-10-17,1.673,0.18,000171,易方达裕祥回报
2022-10-18,1.673,0.0,000171,易方达裕祥回报
2022-10-19,1.667,-0.36,000171,易方达裕祥回报
2022-10-20,1.666,-0.06,000171,易方达裕祥回报
2022-10-21,1.662,-0.24,000171,易方达裕祥回报
2022-10-24,1.653,-0.54,000171,易方达裕祥回报
2022-10-25,1.652,-0.06,000171,易方达裕祥回报
2022-10-26,1.657,0.3,000171,易方达裕祥回报
2022-10-27,1.654,-0.18,000171,易方达裕祥回报
2022-10-28,1.648,-0.36,000171,易方达裕祥回报
2022-10-31,1.644,-0.24,000171,易方达裕祥回报
2022-11-01,1.653,0.55,000171,易方达裕祥回报
2022-11-02,1.656,0.18,000171,易方达裕祥回报
2022-11-03,1.654,-0.12,000171,易方达裕祥回报
2022-11-04,1.662,0.48,000171,易方达裕祥回报
2022-11-07,1.661,-0.06,000171,易方达裕祥回报
2022-11-08,1.656,-0.3,000171,易方达裕祥回报
2022-11-09,1.654,-0.12,000171,易方达裕祥回报
2022-11-10,1.651,-0.18,000171,易方达裕祥回报
2022-11-11,1.656,0.3,000171,易方达裕祥回报
2022-11-14,1.653,-0.18,000171,易方达裕祥回报
2022-11-15,1.658,0.3,000171,易方达裕祥回报
2022-11-16,1.651,-0.42,000171,易方达裕祥回报
2022-11-17,1.648,-0.18,000171,易方达裕祥回报
2022-11-18,1.65,0.12,000171,易方达裕祥回报
2022-11-21,1.648,-0.12,000171,易方达裕祥回报
2022-11-22,1.644,-0.24,000171,易方达裕祥回报
2022-11-23,1.644,0.0,000171,易方达裕祥回报
2022-11-24,1.646,0.12,000171,易方达裕祥回报
2022-11-25,1.645,-0.06,000171,易方达裕祥回报
2022-11-28,1.639,-0.36,000171,易方达裕祥回报
2022-11-29,1.647,0.49,000171,易方达裕祥回报
2022-11-30,1.645,-0.12,000171,易方达裕祥回报
2022-12-01,1.651,0.36,000171,易方达裕祥回报
2022-12-02,1.649,-0.12,000171,易方达裕祥回报
2022-12-05,1.653,0.24,000171,易方达裕祥回报
2022-12-06,1.655,0.12,000171,易方达裕祥回报
2022-12-07,1.649,-0.36,000171,易方达裕祥回报
2022-12-08,1.647,-0.12,000171,易方达裕祥回报
2022-12-09,1.652,0.3,000171,易方达裕祥回报
2022-12-12,1.645,-0.42,000171,易方达裕祥回报
2022-12-13,1.64,-0.3,000171,易方达裕祥回报
2022-12-14,1.644,0.24,000171,易方达裕祥回报
2022-12-15,1.645,0.06,000171,易方达裕祥回报
2022-12-16,1.644,-0.06,000171,易方达裕祥回报
2022-12-19,1.64,-0.24,000171,易方达裕祥回报
2022-12-20,1.634,-0.37,000171,易方达裕祥回报
2022-12-21,1.636,0.12,000171,易方达裕祥回报
2022-12-22,1.638,0.12,000171,易方达裕祥回报
2022-12-23,1.64,0.12,000171,易方达裕祥回报
2022-12-26,1.644,0.24,000171,易方达裕祥回报
2022-12-27,1.648,0.24,000171,易方达裕祥回报
2022-12-28,1.648,0.0,000171,易方达裕祥回报
2022-12-29,1.649,0.06,000171,易方达裕祥回报
2022-12-30,1.653,0.24,000171,易方达裕祥回报
2022-12-31,1.653,0.0,000171,易方达裕祥回报
2023-01-03,1.655,0.12,000171,易方达裕祥回报
2023-01-04,1.658,0.18,000171,易方达裕祥回报
2023-01-05,1.667,0.54,000171,易方达裕祥回报
2023-01-06,1.668,0.06,000171,易方达裕祥回报
2023-01-09,1.671,0.18,000171,易方达裕祥回报
2023-01-10,1.668,-0.18,000171,易方达裕祥回报
2023-01-11,1.667,-0.06,000171,易方达裕祥回报
2023-01-12,1.667,0.0,000171,易方达裕祥回报
2023-01-13,1.672,0.3,000171,易方达裕祥回报
2023-01-16,1.679,0.42,000171,易方达裕祥回报
2023-01-17,1.679,0.0,000171,易方达裕祥回报
2023-01-18,1.678,-0.06,000171,易方达裕祥回报
2023-01-19,1.683,0.3,000171,易方达裕祥回报
2023-01-20,1.686,0.18,000171,易方达裕祥回报
2023-01-30,1.69,0.24,000171,易方达裕祥回报
2023-01-31,1.684,-0.36,000171,易方达裕祥回报
2023-02-01,1.686,0.12,000171,易方达裕祥回报
2023-02-02,1.688,0.12,000171,易方达裕祥回报
2023-02-03,1.688,0.0,000171,易方达裕祥回报
2023-02-06,1.684,-0.24,000171,易方达裕祥回报
2023-02-07,1.685,0.06,000171,易方达裕祥回报
2023-02-08,1.684,-0.06,000171,易方达裕祥回报
2023-02-09,1.69,0.36,000171,易方达裕祥回报
2023-02-10,1.688,-0.12,000171,易方达裕祥回报
2023-02-13,1.691,0.18,000171,易方达裕祥回报
2023-02-14,1.689,-0.12,000171,易方达裕祥回报
2023-02-15,1.689,0.0,000171,易方达裕祥回报
2023-02-16,1.688,-0.06,000171,易方达裕祥回报
2023-02-17,1.685,-0.18,000171,易方达裕祥回报
2023-02-20,1.692,0.42,000171,易方达裕祥回报
2023-02-21,1.691,-0.06,000171,易方达裕祥回报
2023-02-22,1.688,-0.18,000171,易方达裕祥回报
2023-02-23,1.687,-0.06,000171,易方达裕祥回报
2023-02-24,1.682,-0.3,000171,易方达裕祥回报
2023-02-27,1.682,0.0,000171,易方达裕祥回报
2023-02-28,1.683,0.06,000171,易方达裕祥回报
2023-03-01,1.688,0.3,000171,易方达裕祥回报
2023-03-02,1.688,0.0,000171,易方达裕祥回报
2023-03-03,1.687,-0.06,000171,易方达裕祥回报
2023-03-06,1.687,0.0,000171,易方达裕祥回报
2023-03-07,1.682,-0.3,000171,易方达裕祥回报
2023-03-08,1.682,0.0,000171,易方达裕祥回报
2023-03-09,1.68,-0.12,000171,易方达裕祥回报
2023-03-10,1.677,-0.18,000171,易方达裕祥回报
2023-03-13,1.68,0.18,000171,易方达裕祥回报
2023-03-14,1.679,-0.06,000171,易方达裕祥回报
2023-03-15,1.679,0.0,000171,易方达裕祥回报
2023-03-16,1.677,-0.12,000171,易方达裕祥回报
2023-03-17,1.68,0.18,000171,易方达裕祥回报
2023-03-20,1.681,0.06,000171,易方达裕祥回报
2023-03-21,1.683,0.12,000171,易方达裕祥回报
2023-03-22,1.685,0.12,000171,易方达裕祥回报
2023-03-23,1.689,0.24,000171,易方达裕祥回报
2023-03-24,1.685,-0.24,000171,易方达裕祥回报
2023-03-27,1.683,-0.12,000171,易方达裕祥回报
2023-03-28,1.682,-0.06,000171,易方达裕祥回报
2023-03-29,1.683,0.06,000171,易方达裕祥回报
2023-03-30,1.685,0.12,000171,易方达裕祥回报
2023-03-31,1.686,0.06,000171,易方达裕祥回报
2023-04-03,1.688,0.12,000171,易方达裕祥回报
2023-04-04,1.689,0.06,000171,易方达裕祥回报
2023-04-06,1.687,-0.12,000171,易方达裕祥回报
2023-04-07,1.691,0.24,000171,易方达裕祥回报
2023-04-10,1.691,0.0,000171,易方达裕祥回报
2023-04-11,1.689,-0.12,000171,易方达裕祥回报
2023-04-12,1.689,0.0,000171,易方达裕祥回报
2023-04-13,1.687,-0.12,000171,易方达裕祥回报
2023-04-14,1.687,0.0,000171,易方达裕祥回报
2023-04-17,1.69,0.18,000171,易方达裕祥回报
2023-04-18,1.691,0.06,000171,易方达裕祥回报
2023-04-19,1.689,-0.12,000171,易方达裕祥回报
2023-04-20,1.686,-0.18,000171,易方达裕祥回报
2023-04-21,1.68,-0.36,000171,易方达裕祥回报
2023-04-24,1.677,-0.18,000171,易方达裕祥回报
2023-04-25,1.679,0.12,000171,易方达裕祥回报
2023-04-26,1.679,0.0,000171,易方达裕祥回报
2023-04-27,1.681,0.12,000171,易方达裕祥回报
2023-04-28,1.683,0.12,000171,易方达裕祥回报
2023-05-04,1.684,0.06,000171,易方达裕祥回报
2023-05-05,1.684,0.0,000171,易方达裕祥回报
2023-05-08,1.686,0.12,000171,易方达裕祥回报
2023-05-09,1.685,-0.06,000171,易方达裕祥回报
2023-05-10,1.684,-0.06,000171,易方达裕祥回报
2023-05-11,1.684,0.0,000171,易方达裕祥回报
2023-05-12,1.679,-0.3,000171,易方达裕祥回报
2023-05-15,1.683,0.24,000171,易方达裕祥回报
2023-05-16,1.682,-0.06,000171,易方达裕祥回报
2023-05-17,1.679,-0.18,000171,易方达裕祥回报
2023-05-18,1.678,-0.06,000171,易方达裕祥回报
2023-05-19,1.678,0.0,000171,易方达裕祥回报
2023-05-22,1.685,0.42,000171,易方达裕祥回报
2023-05-23,1.683,-0.12,000171,易方达裕祥回报
2023-05-24,1.679,-0.24,000171,易方达裕祥回报
2023-05-25,1.675,-0.24,000171,易方达裕祥回报
2023-05-26,1.675,0.0,000171,易方达裕祥回报
2023-05-29,1.675,0.0,000171,易方达裕祥回报
2023-05-30,1.67,-0.3,000171,易方达裕祥回报
2023-05-31,1.666,-0.24,000171,易方达裕祥回报
2023-06-01,1.668,0.12,000171,易方达裕祥回报
2023-06-02,1.673,0.3,000171,易方达裕祥回报
2023-06-05,1.672,-0.06,000171,易方达裕祥回报
2023-06-06,1.67,-0.12,000171,易方达裕祥回报
2023-06-07,1.669,-0.06,000171,易方达裕祥回报
2023-06-08,1.672,0.18,000171,易方达裕祥回报
2023-06-09,1.673,0.06,000171,易方达裕祥回报
2023-06-12,1.675,0.12,000171,易方达裕祥回报
2023-06-13,1.679,0.24,000171,易方达裕祥回报
2023-06-14,1.679,0.0,000171,易方达裕祥回报
2023-06-15,1.682,0.18,000171,易方达裕祥回报
2023-06-16,1.682,0.0,000171,易方达裕祥回报
2023-06-19,1.678,-0.24,000171,易方达裕祥回报
2023-06-20,1.675,-0.18,000171,易方达裕祥回报
2023-06-21,1.673,-0.12,000171,易方达裕祥回报
2023-06-26,1.669,-0.24,000171,易方达裕祥回报
2023-06-27,1.672,0.18,000171,易方达裕祥回报
2023-06-28,1.672,0.0,000171,易方达裕祥回报
2023-06-29,1.67,-0.12,000171,易方达裕祥回报
2023-06-30,1.672,0.12,000171,易方达裕祥回报
2023-07-03,1.677,0.3,000171,易方达裕祥回报
2023-07-04,1.677,0.0,000171,易方达裕祥回报
2023-07-05,1.675,-0.12,000171,易方达裕祥回报
2023-07-06,1.674,-0.06,000171,易方达裕祥回报
2023-07-07,1.673,-0.06,000171,易方达裕祥回报
2023-07-10,1.675,0.12,000171,易方达裕祥回报
2023-07-11,1.678,0.18,000171,易方达裕祥回报
2023-07-12,1.679,0.06,000171,易方达裕祥回报
2023-07-13,1.685,0.36,000171,易方达裕祥回报
2023-07-14,1.684,-0.06,000171,易方达裕祥回报
2023-07-17,1.685,0.06,000171,易方达裕祥回报
2023-07-18,1.686,0.06,000171,易方达裕祥回报
2023-07-19,1.687,0.06,000171,易方达裕祥回报
2023-07-20,1.687,0.0,000171,易方达裕祥回报
2023-07-21,1.69,0.18,000171,易方达裕祥回报
2023-07-24,1.688,-0.12,000171,易方达裕祥回报
2023-07-25,1.694,0.36,000171,易方达裕祥回报
2023-07-26,1.694,0.0,000171,易方达裕祥回报
2023-07-27,1.695,0.06,000171,易方达裕祥回报
2023-07-28,1.702,0.41,000171,易方达裕祥回报
2023-07-31,1.703,0.06,000171,易方达裕祥回报
2023-08-01,1.703,0.0,000171,易方达裕祥回报
2023-08-02,1.7,-0.18,000171,易方达裕祥回报
2023-08-03,1.703,0.18,000171,易方达裕祥回报
2023-08-04,1.706,0.18,000171,易方达裕祥回报
2023-08-07,1.704,-0.12,000171,易方达裕祥回报
2023-08-08,1.705,0.06,000171,易方达裕祥回报
2023-08-09,1.705,0.0,000171,易方达裕祥回报
2023-08-10,1.706,0.06,000171,易方达裕祥回报
2023-08-11,1.7,-0.35,000171,易方达裕祥回报
2023-08-14,1.697,-0.18,000171,易方达裕祥回报
2023-08-15,1.699,0.12,000171,易方达裕祥回报
2023-08-16,1.698,-0.06,000171,易方达裕祥回报
2023-08-17,1.698,0.0,000171,易方达裕祥回报
2023-08-18,1.695,-0.18,000171,易方达裕祥回报
2023-08-21,1.693,-0.12,000171,易方达裕祥回报
2023-08-22,1.695,0.12,000171,易方达裕祥回报
2023-08-23,1.691,-0.24,000171,易方达裕祥回报
2023-08-24,1.693,0.12,000171,易方达裕祥回报
2023-08-25,1.693,0.0,000171,易方达裕祥回报
2023-08-28,1.694,0.06,000171,易方达裕祥回报
2023-08-29,1.695,0.06,000171,易方达裕祥回报
2023-08-30,1.694,-0.06,000171,易方达裕祥回报
2023-08-31,1.694,0.0,000171,易方达裕祥回报
2023-09-01,1.696,0.12,000171,易方达裕祥回报
2023-09-04,1.7,0.24,000171,易方达裕祥回报
2023-09-05,1.697,-0.18,000171,易方达裕祥回报
2023-09-06,1.693,-0.24,000171,易方达裕祥回报
2023-09-07,1.688,-0.3,000171,易方达裕祥回报
2023-09-08,1.685,-0.18,000171,易方达裕祥回报
2023-09-11,1.686,0.06,000171,易方达裕祥回报
2023-09-12,1.686,0.0,000171,易方达裕祥回报
2023-09-13,1.688,0.12,000171,易方达裕祥回报
2023-09-14,1.69,0.12,000171,易方达裕祥回报
2023-09-15,1.687,-0.18,000171,易方达裕祥回报
2023-09-18,1.688,0.06,000171,易方达裕祥回报
2023-09-19,1.687,-0.06,000171,易方达裕祥回报
2023-09-20,1.687,0.0,000171,易方达裕祥回报
2023-09-21,1.686,-0.06,000171,易方达裕祥回报
2023-09-22,1.691,0.3,000171,易方达裕祥回报
2023-09-25,1.688,-0.18,000171,易方达裕祥回报
2023-09-26,1.686,-0.12,000171,易方达裕祥回报
2023-09-27,1.686,0.0,000171,易方达裕祥回报
2023-09-28,1.688,0.12,000171,易方达裕祥回报
2023-10-09,1.688,0.0,000171,易方达裕祥回报
2023-10-10,1.685,-0.18,000171,易方达裕祥回报
2023-10-11,1.684,-0.06,000171,易方达裕祥回报
2023-10-12,1.687,0.18,000171,易方达裕祥回报
2023-10-13,1.685,-0.12,000171,易方达裕祥回报
2023-10-16,1.682,-0.18,000171,易方达裕祥回报
2023-10-17,1.682,0.0,000171,易方达裕祥回报
2023-10-18,1.679,-0.18,000171,易方达裕祥回报
2023-10-19,1.669,-0.6,000171,易方达裕祥回报
2023-10-20,1.667,-0.12,000171,易方达裕祥回报
2023-10-23,1.664,-0.18,000171,易方达裕祥回报
2023-10-24,1.664,0.0,000171,易方达裕祥回报
2023-10-25,1.667,0.18,000171,易方达裕祥回报
2023-10-26,1.669,0.12,000171,易方达裕祥回报
2023-10-27,1.675,0.36,000171,易方达裕祥回报
2023-10-30,1.676,0.06,000171,易方达裕祥回报
2023-10-31,1.676,0.0,000171,易方达裕祥回报
2023-11-01,1.676,0.0,000171,易方达裕祥回报
2023-11-02,1.676,0.0,000171,易方达裕祥回报
2023-11-03,1.678,0.12,000171,易方达裕祥回报
2023-11-06,1.683,0.3,000171,易方达裕祥回报
2023-11-07,1.681,-0.12,000171,易方达裕祥回报
2023-11-08,1.68,-0.06,000171,易方达裕祥回报
2023-11-09,1.681,0.06,000171,易方达裕祥回报
2023-11-10,1.679,-0.12,000171,易方达裕祥回报
2023-11-13,1.68,0.06,000171,易方达裕祥回报
2023-11-14,1.679,-0.06,000171,易方达裕祥回报
2023-11-15,1.681,0.12,000171,易方达裕祥回报
2023-11-16,1.679,-0.12,000171,易方达裕祥回报
2023-11-17,1.678,-0.06,000171,易方达裕祥回报
2023-11-20,1.679,0.06,000171,易方达裕祥回报
2023-11-21,1.68,0.06,000171,易方达裕祥回报
2023-11-22,1.675,-0.3,000171,易方达裕祥回报
2023-11-23,1.675,0.0,000171,易方达裕祥回报
2023-11-24,1.674,-0.06,000171,易方达裕祥回报
2023-11-27,1.669,-0.3,000171,易方达裕祥回报
2023-11-28,1.67,0.06,000171,易方达裕祥回报
2023-11-29,1.667,-0.18,000171,易方达裕祥回报
2023-11-30,1.669,0.12,000171,易方达裕祥回报
2023-12-01,1.669,0.0,000171,易方达裕祥回报
2023-12-04,1.666,-0.18,000171,易方达裕祥回报
2023-12-05,1.659,-0.42,000171,易方达裕祥回报
2023-12-06,1.66,0.06,000171,易方达裕祥回报
2023-12-07,1.66,0.0,000171,易方达裕祥回报
2023-12-08,1.661,0.06,000171,易方达裕祥回报
2023-12-11,1.664,0.18,000171,易方达裕祥回报
2023-12-12,1.665,0.06,000171,易方达裕祥回报
2023-12-13,1.659,-0.36,000171,易方达裕祥回报
2023-12-14,1.658,-0.06,000171,易方达裕祥回报
2023-12-15,1.66,0.12,000171,易方达裕祥回报
2023-12-18,1.66,0.0,000171,易方达裕祥回报
2023-12-19,1.659,-0.06,000171,易方达裕祥回报
2023-12-20,1.656,-0.18,000171,易方达裕祥回报
2023-12-21,1.659,0.18,000171,易方达裕祥回报
2023-12-22,1.66,0.06,000171,易方达裕祥回报
2023-12-25,1.662,0.12,000171,易方达裕祥回报
2023-12-26,1.662,0.0,000171,易方达裕祥回报
2023-12-27,1.665,0.18,000171,易方达裕祥回报
2023-12-28,1.674,0.54,000171,易方达裕祥回报
2023-12-29,1.678,0.24,000171,易方达裕祥回报
2023-12-31,1.678,0.0,000171,易方达裕祥回报
2024-01-02,1.673,-0.3,000171,易方达裕祥回报
2024-01-03,1.672,-0.06,000171,易方达裕祥回报
2024-01-04,1.67,-0.12,000171,易方达裕祥回报
2024-01-05,1.67,0.0,000171,易方达裕祥回报
2024-01-08,1.665,-0.3,000171,易方达裕祥回报
2024-01-09,1.666,0.06,000171,易方达裕祥回报
2024-01-10,1.665,-0.06,000171,易方达裕祥回报
2024-01-11,1.666,0.06,000171,易方达裕祥回报
2024-01-12,1.665,-0.06,000171,易方达裕祥回报
2024-01-15,1.665,0.0,000171,易方达裕祥回报
2024-01-16,1.667,0.12,000171,易方达裕祥回报
2024-01-17,1.66,-0.42,000171,易方达裕祥回报
2024-01-18,1.665,0.3,000171,易方达裕祥回报
2024-01-19,1.666,0.06,000171,易方达裕祥回报
2024-01-22,1.662,-0.24,000171,易方达裕祥回报
2024-01-23,1.663,0.06,000171,易方达裕祥回报
2024-01-24,1.667,0.24,000171,易方达裕祥回报
2024-01-25,1.675,0.48,000171,易方达裕祥回报
2024-01-26,1.674,-0.06,000171,易方达裕祥回报
2024-01-29,1.673,-0.06,000171,易方达裕祥回报
2024-01-30,1.669,-0.24,000171,易方达裕祥回报
2024-01-31,1.669,0.0,000171,易方达裕祥回报
2024-02-01,1.668,-0.06,000171,易方达裕祥回报
2024-02-02,1.663,-0.3,000171,易方达裕祥回报
2024-02-05,1.669,0.36,000171,易方达裕祥回报
2024-02-06,1.682,0.78,000171,易方达裕祥回报
2024-02-07,1.688,0.36,000171,易方达裕祥回报
2024-02-08,1.687,-0.06,000171,易方达裕祥回报
2024-02-19,1.692,0.3,000171,易方达裕祥回报
2024-02-20,1.694,0.12,000171,易方达裕祥回报
2024-02-21,1.703,0.53,000171,易方达裕祥回报
2024-02-22,1.706,0.18,000171,易方达裕祥回报
2024-02-23,1.708,0.12,000171,易方达裕祥回报
2024-02-26,1.707,-0.06,000171,易方达裕祥回报
2024-02-27,1.711,0.23,000171,易方达裕祥回报
2024-02-28,1.707,-0.23,000171,易方达裕祥回报
2024-02-29,1.714,0.41,000171,易方达裕祥回报
2024-03-01,1.712,-0.12,000171,易方达裕祥回报
2024-03-04,1.711,-0.06,000171,易方达裕祥回报
2024-03-05,1.714,0.18,000171,易方达裕祥回报
2024-03-06,1.714,0.0,000171,易方达裕祥回报
2024-03-07,1.712,-0.12,000171,易方达裕祥回报
2024-03-08,1.712,0.0,000171,易方达裕祥回报
2024-03-11,1.714,0.12,000171,易方达裕祥回报
2024-03-12,1.714,0.0,000171,易方达裕祥回报
2024-03-13,1.71,-0.23,000171,易方达裕祥回报
2024-03-14,1.707,-0.18,000171,易方达裕祥回报
2024-03-15,1.71,0.18,000171,易方达裕祥回报
2024-03-18,1.714,0.23,000171,易方达裕祥回报
2024-03-19,1.714,0.0,000171,易方达裕祥回报
2024-03-20,1.714,0.0,000171,易方达裕祥回报
2024-03-21,1.713,-0.06,000171,易方达裕祥回报
2024-03-22,1.708,-0.29,000171,易方达裕祥回报
2024-03-25,1.705,-0.18,000171,易方达裕祥回报
2024-03-26,1.709,0.23,000171,易方达裕祥回报
2024-03-27,1.707,-0.12,000171,易方达裕祥回报
2024-03-28,1.708,0.06,000171,易方达裕祥回报
2024-03-29,1.71,0.12,000171,易方达裕祥回报
2024-04-01,1.718,0.47,000171,易方达裕祥回报
2024-04-02,1.721,0.17,000171,易方达裕祥回报
2024-04-03,1.72,-0.06,000171,易方达裕祥回报
2024-04-08,1.718,-0.12,000171,易方达裕祥回报
2024-04-09,1.72,0.12,000171,易方达裕祥回报
2024-04-10,1.719,-0.06,000171,易方达裕祥回报
2024-04-11,1.719,0.0,000171,易方达裕祥回报
2024-04-12,1.719,0.0,000171,易方达裕祥回报
2024-04-15,1.727,0.47,000171,易方达裕祥回报
2024-04-16,1.724,-0.17,000171,易方达裕祥回报
2024-04-17,1.73,0.35,000171,易方达裕祥回报
2024-04-18,1.733,0.17,000171,易方达裕祥回报
2024-04-19,1.733,0.0,000171,易方达裕祥回报
2024-04-22,1.735,0.12,000171,易方达裕祥回报
2024-04-23,1.737,0.12,000171,易方达裕祥回报
2024-04-24,1.737,0.0,000171,易方达裕祥回报
2024-04-25,1.738,0.06,000171,易方达裕祥回报
2024-04-26,1.741,0.17,000171,易方达裕祥回报
2024-04-29,1.739,-0.11,000171,易方达裕祥回报
2024-04-30,1.741,0.12,000171,易方达裕祥回报
2024-05-06,1.751,0.57,000171,易方达裕祥回报
2024-05-07,1.754,0.17,000171,易方达裕祥回报
2024-05-08,1.751,-0.17,000171,易方达裕祥回报
2024-05-09,1.751,0.0,000171,易方达裕祥回报
2024-05-10,1.752,0.06,000171,易方达裕祥回报
2024-05-13,1.751,-0.06,000171,易方达裕祥回报
2024-05-14,1.752,0.06,000171,易方达裕祥回报
2024-05-15,1.75,-0.11,000171,易方达裕祥回报
2024-05-16,1.751,0.06,000171,易方达裕祥回报
2024-05-17,1.752,0.06,000171,易方达裕祥回报
2024-05-20,1.754,0.11,000171,易方达裕祥回报
2024-05-21,1.752,-0.11,000171,易方达裕祥回报
2024-05-22,1.753,0.06,000171,易方达裕祥回报
2024-05-23,1.749,-0.23,000171,易方达裕祥回报
2024-05-24,1.747,-0.11,000171,易方达裕祥回报
2024-05-27,1.751,0.23,000171,易方达裕祥回报
2024-05-28,1.749,-0.11,000171,易方达裕祥回报
2024-05-29,1.75,0.06,000171,易方达裕祥回报
2024-05-30,1.748,-0.11,000171,易方达裕祥回报
2024-05-31,1.747,-0.06,000171,易方达裕祥回报
2024-06-03,1.744,-0.17,000171,易方达裕祥回报
2024-06-04,1.748,0.23,000171,易方达裕祥回报
2024-06-05,1.746,-0.11,000171,易方达裕祥回报
2024-06-06,1.745,-0.06,000171,易方达裕祥回报
2024-06-07,1.745,0.0,000171,易方达裕祥回报
2024-06-11,1.743,-0.11,000171,易方达裕祥回报
2024-06-12,1.742,-0.06,000171,易方达裕祥回报
2024-06-13,1.74,-0.11,000171,易方达裕祥回报
2024-06-14,1.742,0.11,000171,易方达裕祥回报
2024-06-17,1.74,-0.11,000171,易方达裕祥回报
2024-06-18,1.738,-0.11,000171,易方达裕祥回报
2024-06-19,1.737,-0.06,000171,易方达裕祥回报
2024-06-20,1.735,-0.12,000171,易方达裕祥回报
2024-06-21,1.733,-0.12,000171,易方达裕祥回报
2024-06-24,1.729,-0.23,000171,易方达裕祥回报
2024-06-25,1.732,0.17,000171,易方达裕祥回报
2024-06-26,1.735,0.17,000171,易方达裕祥回报
2024-06-27,1.734,-0.06,000171,易方达裕祥回报
2024-06-28,1.735,0.06,000171,易方达裕祥回报
2024-06-30,1.736,0.06,000171,易方达裕祥回报
2024-07-01,1.736,0.0,000171,易方达裕祥回报
2024-07-02,1.737,0.06,000171,易方达裕祥回报
2024-07-03,1.735,-0.12,000171,易方达裕祥回报
2024-07-04,1.734,-0.06,000171,易方达裕祥回报
2024-07-05,1.731,-0.17,000171,易方达裕祥回报
2024-07-08,1.726,-0.29,000171,易方达裕祥回报
2024-07-09,1.729,0.17,000171,易方达裕祥回报
2024-07-10,1.729,0.0,000171,易方达裕祥回报
2024-07-11,1.734,0.29,000171,易方达裕祥回报
2024-07-12,1.736,0.12,000171,易方达裕祥回报
2024-07-15,1.736,0.0,000171,易方达裕祥回报
2024-07-16,1.737,0.06,000171,易方达裕祥回报
2024-07-17,1.736,-0.06,000171,易方达裕祥回报
2024-07-18,1.736,0.0,000171,易方达裕祥回报
2024-07-19,1.739,0.17,000171,易方达裕祥回报
2024-07-22,1.734,-0.29,000171,易方达裕祥回报
2024-07-23,1.728,-0.35,000171,易方达裕祥回报
2024-07-24,1.725,-0.17,000171,易方达裕祥回报
2024-07-25,1.725,0.0,000171,易方达裕祥回报
2024-07-26,1.729,0.23,000171,易方达裕祥回报
2024-07-29,1.729,0.0,000171,易方达裕祥回报
2024-07-30,1.726,-0.17,000171,易方达裕祥回报
2024-07-31,1.735,0.52,000171,易方达裕祥回报
2024-08-01,1.734,-0.06,000171,易方达裕祥回报
2024-08-02,1.733,-0.06,000171,易方达裕祥回报
2024-08-05,1.73,-0.17,000171,易方达裕祥回报
2024-08-06,1.729,-0.06,000171,易方达裕祥回报
2024-08-07,1.731,0.12,000171,易方达裕祥回报
2024-08-08,1.73,-0.06,000171,易方达裕祥回报
2024-08-09,1.727,-0.17,000171,易方达裕祥回报
2024-08-12,1.722,-0.29,000171,易方达裕祥回报
2024-08-13,1.724,0.12,000171,易方达裕祥回报
2024-08-14,1.723,-0.06,000171,易方达裕祥回报
2024-08-15,1.722,-0.06,000171,易方达裕祥回报
2024-08-16,1.72,-0.12,000171,易方达裕祥回报
2024-08-19,1.722,0.12,000171,易方达裕祥回报
2024-08-20,1.718,-0.23,000171,易方达裕祥回报
2024-08-21,1.716,-0.12,000171,易方达裕祥回报
2024-08-22,1.715,-0.06,000171,易方达裕祥回报
2024-08-23,1.717,0.12,000171,易方达裕祥回报
2024-08-26,1.717,0.0,000171,易方达裕祥回报
2024-08-27,1.714,-0.17,000171,易方达裕祥回报
2024-08-28,1.715,0.06,000171,易方达裕祥回报
2024-08-29,1.715,0.0,000171,易方达裕祥回报
2024-08-30,1.721,0.35,000171,易方达裕祥回报
2024-09-02,1.719,-0.12,000171,易方达裕祥回报
2024-09-03,1.72,0.06,000171,易方达裕祥回报
2024-09-04,1.721,0.06,000171,易方达裕祥回报
2024-09-05,1.723,0.12,000171,易方达裕祥回报
2024-09-06,1.721,-0.12,000171,易方达裕祥回报
2024-09-09,1.716,-0.29,000171,易方达裕祥回报
2024-09-10,1.716,0.0,000171,易方达裕祥回报
2024-09-11,1.714,-0.12,000171,易方达裕祥回报
2024-09-12,1.714,0.0,000171,易方达裕祥回报
2024-09-13,1.714,0.0,000171,易方达裕祥回报
2024-09-18,1.717,0.18,000171,易方达裕祥回报
2024-09-19,1.718,0.06,000171,易方达裕祥回报
2024-09-20,1.717,-0.06,000171,易方达裕祥回报
2024-09-23,1.719,0.12,000171,易方达裕祥回报
2024-09-24,1.734,0.87,000171,易方达裕祥回报
2024-09-25,1.741,0.4,000171,易方达裕祥回报
2024-09-26,1.754,0.75,000171,易方达裕祥回报
2024-09-27,1.759,0.29,000171,易方达裕祥回报
2024-09-30,1.785,1.48,000171,易方达裕祥回报
2024-10-08,1.799,0.78,000171,易方达裕祥回报
2024-10-09,1.767,-1.78,000171,易方达裕祥回报
2024-10-10,1.779,0.68,000171,易方达裕祥回报
2024-10-11,1.771,-0.45,000171,易方达裕祥回报
2024-10-14,1.78,0.51,000171,易方达裕祥回报
2024-10-15,1.772,-0.45,000171,易方达裕祥回报
2024-10-16,1.771,-0.06,000171,易方达裕祥回报
2024-10-17,1.768,-0.17,000171,易方达裕祥回报
2024-10-18,1.779,0.62,000171,易方达裕祥回报
2024-10-21,1.779,0.0,000171,易方达裕祥回报
2024-10-22,1.78,0.06,000171,易方达裕祥回报
2024-10-23,1.781,0.06,000171,易方达裕祥回报
2024-10-24,1.777,-0.22,000171,易方达裕祥回报
2024-10-25,1.782,0.28,000171,易方达裕祥回报
2024-10-28,1.783,0.06,000171,易方达裕祥回报
2024-10-29,1.779,-0.22,000171,易方达裕祥回报
2024-10-30,1.775,-0.22,000171,易方达裕祥回报
2024-10-31,1.775,0.0,000171,易方达裕祥回报
2024-11-01,1.777,0.11,000171,易方达裕祥回报
2024-11-04,1.782,0.28,000171,易方达裕祥回报
2024-11-05,1.79,0.45,000171,易方达裕祥回报
2024-11-06,1.788,-0.11,000171,易方达裕祥回报
2024-11-07,1.797,0.5,000171,易方达裕祥回报
2024-11-08,1.795,-0.11,000171,易方达裕祥回报
2024-11-11,1.798,0.17,000171,易方达裕祥回报
2024-11-12,1.795,-0.17,000171,易方达裕祥回报
2024-11-13,1.795,0.0,000171,易方达裕祥回报
2024-11-14,1.791,-0.22,000171,易方达裕祥回报
2024-11-15,1.786,-0.28,000171,易方达裕祥回报
2024-11-18,1.782,-0.22,000171,易方达裕祥回报
2024-11-19,1.786,0.22,000171,易方达裕祥回报
2024-11-20,1.787,0.06,000171,易方达裕祥回报
2024-11-21,1.787,0.0,000171,易方达裕祥回报
2024-11-22,1.778,-0.5,000171,易方达裕祥回报
2024-11-25,1.778,0.0,000171,易方达裕祥回报
2024-11-26,1.778,0.0,000171,易方达裕祥回报
2024-11-27,1.782,0.22,000171,易方达裕祥回报
2024-11-28,1.782,0.0,000171,易方达裕祥回报
2024-11-29,1.787,0.28,000171,易方达裕祥回报
2024-12-02,1.793,0.34,000171,易方达裕祥回报
2024-12-03,1.794,0.06,000171,易方达裕祥回报
2024-12-04,1.794,0.0,000171,易方达裕祥回报
2024-12-05,1.796,0.11,000171,易方达裕祥回报
2024-12-06,1.798,0.11,000171,易方达裕祥回报
2024-12-09,1.801,0.17,000171,易方达裕祥回报
2024-12-10,1.81,0.5,000171,易方达裕祥回报
2024-12-11,1.812,0.11,000171,易方达裕祥回报
2024-12-12,1.817,0.28,000171,易方达裕祥回报
2024-12-13,1.815,-0.11,000171,易方达裕祥回报
2024-12-16,1.816,0.06,000171,易方达裕祥回报
2024-12-17,1.815,-0.06,000171,易方达裕祥回报
2024-12-18,1.815,0.0,000171,易方达裕祥回报
2024-12-19,1.813,-0.11,000171,易方达裕祥回报
2024-12-20,1.817,0.22,000171,易方达裕祥回报
2024-12-23,1.817,0.0,000171,易方达裕祥回报
2024-12-24,1.82,0.17,000171,易方达裕祥回报
2024-12-25,1.818,-0.11,000171,易方达裕祥回报
2024-12-26,1.82,0.11,000171,易方达裕祥回报
2024-12-27,1.823,0.16,000171,易方达裕祥回报
2024-12-30,1.825,0.11,000171,易方达裕祥回报
2024-12-31,1.827,0.11,000171,易方达裕祥回报
2025-01-02,1.823,-0.22,000171,易方达裕祥回报
2025-01-03,1.822,-0.05,000171,易方达裕祥回报
2025-01-06,1.82,-0.11,000171,易方达裕祥回报
2025-01-07,1.821,0.05,000171,易方达裕祥回报
2025-01-08,1.821,0.0,000171,易方达裕祥回报
2025-01-09,1.818,-0.16,000171,易方达裕祥回报
2025-01-10,1.814,-0.22,000171,易方达裕祥回报
2025-01-13,1.811,-0.17,000171,易方达裕祥回报
2025-01-14,1.819,0.44,000171,易方达裕祥回报
2025-01-15,1.819,0.0,000171,易方达裕祥回报
2025-01-16,1.817,-0.11,000171,易方达裕祥回报
2025-01-17,1.819,0.11,000171,易方达裕祥回报
2025-01-20,1.819,0.0,000171,易方达裕祥回报
2025-01-21,1.821,0.11,000171,易方达裕祥回报
2025-01-22,1.819,-0.11,000171,易方达裕祥回报
2025-01-23,1.818,-0.05,000171,易方达裕祥回报
2025-01-24,1.82,0.11,000171,易方达裕祥回报
2025-01-27,1.823,0.16,000171,易方达裕祥回报
2025-02-05,1.821,-0.11,000171,易方达裕祥回报
2025-02-06,1.825,0.22,000171,易方达裕祥回报
2025-02-07,1.828,0.16,000171,易方达裕祥回报
2025-02-10,1.826,-0.11,000171,易方达裕祥回报
2025-02-11,1.826,0.0,000171,易方达裕祥回报
2025-02-12,1.828,0.11,000171,易方达裕祥回报
2025-02-13,1.828,0.0,000171,易方达裕祥回报
2025-02-14,1.827,-0.05,000171,易方达裕祥回报
2025-02-17,1.824,-0.16,000171,易方达裕祥回报
2025-02-18,1.821,-0.16,000171,易方达裕祥回报
2025-02-19,1.825,0.22,000171,易方达裕祥回报
2025-02-20,1.823,-0.11,000171,易方达裕祥回报
2025-02-21,1.823,0.0,000171,易方达裕祥回报
2025-02-24,1.818,-0.27,000171,易方达裕祥回报
2025-02-25,1.814,-0.22,000171,易方达裕祥回报
2025-02-26,1.818,0.22,000171,易方达裕祥回报
2025-02-27,1.819,0.06,000171,易方达裕祥回报
2025-02-28,1.814,-0.27,000171,易方达裕祥回报
2025-03-03,1.815,0.06,000171,易方达裕祥回报
2025-03-04,1.815,0.0,000171,易方达裕祥回报
2025-03-05,1.817,0.11,000171,易方达裕祥回报
2025-03-06,1.82,0.17,000171,易方达裕祥回报
2025-03-07,1.817,-0.16,000171,易方达裕祥回报
2025-03-10,1.816,-0.06,000171,易方达裕祥回报
2025-03-11,1.813,-0.17,000171,易方达裕祥回报
2025-03-12,1.815,0.11,000171,易方达裕祥回报
2025-03-13,1.814,-0.06,000171,易方达裕祥回报
2025-03-14,1.822,0.44,000171,易方达裕祥回报
2025-03-17,1.819,-0.16,000171,易方达裕祥回报
2025-03-18,1.82,0.05,000171,易方达裕祥回报
2025-03-19,1.821,0.05,000171,易方达裕祥回报
2025-03-20,1.82,-0.05,000171,易方达裕祥回报
2025-03-21,1.818,-0.11,000171,易方达裕祥回报
2025-03-24,1.82,0.11,000171,易方达裕祥回报
2025-03-25,1.822,0.11,000171,易方达裕祥回报
2025-03-26,1.822,0.0,000171,易方达裕祥回报
2025-03-27,1.823,0.05,000171,易方达裕祥回报
2025-03-28,1.821,-0.11,000171,易方达裕祥回报
2025-03-31,1.821,0.0,000171,易方达裕祥回报
2025-04-01,1.821,0.0,000171,易方达裕祥回报
2025-04-02,1.822,0.05,000171,易方达裕祥回报
2025-04-03,1.826,0.22,000171,易方达裕祥回报
2025-04-07,1.81,-0.88,000171,易方达裕祥回报
2025-04-08,1.815,0.28,000171,易方达裕祥回报
2025-04-09,1.816,0.06,000171,易方达裕祥回报
2025-04-10,1.82,0.22,000171,易方达裕祥回报
2025-04-11,1.821,0.05,000171,易方达裕祥回报
2025-04-14,1.821,0.0,000171,易方达裕祥回报
2025-04-15,1.82,-0.05,000171,易方达裕祥回报
2025-04-16,1.819,-0.05,000171,易方达裕祥回报
2025-04-17,1.819,0.0,000171,易方达裕祥回报
2025-04-18,1.82,0.05,000171,易方达裕祥回报
2025-04-21,1.82,0.0,000171,易方达裕祥回报
2025-04-22,1.822,0.11,000171,易方达裕祥回报
2025-04-23,1.822,0.0,000171,易方达裕祥回报
2025-04-24,1.822,0.0,000171,易方达裕祥回报
2025-04-25,1.823,0.05,000171,易方达裕祥回报
2025-04-28,1.825,0.11,000171,易方达裕祥回报
2025-04-29,1.827,0.11,000171,易方达裕祥回报
2025-04-30,1.827,0.0,000171,易方达裕祥回报
2025-05-06,1.83,0.16,000171,易方达裕祥回报
2025-05-07,1.833,0.16,000171,易方达裕祥回报
2025-05-08,1.836,0.16,000171,易方达裕祥回报
2025-05-09,1.838,0.11,000171,易方达裕祥回报
2025-05-12,1.839,0.05,000171,易方达裕祥回报
2025-05-13,1.841,0.11,000171,易方达裕祥回报
2025-05-14,1.844,0.16,000171,易方达裕祥回报
2025-05-15,1.843,-0.05,000171,易方达裕祥回报
2025-05-16,1.839,-0.22,000171,易方达裕祥回报
2025-05-19,1.839,0.0,000171,易方达裕祥回报
2025-05-20,1.843,0.22,000171,易方达裕祥回报
2025-05-21,1.843,0.0,000171,易方达裕祥回报
2025-05-22,1.843,0.0,000171,易方达裕祥回报
2025-05-23,1.839,-0.22,000171,易方达裕祥回报
2025-05-26,1.837,-0.11,000171,易方达裕祥回报
2025-05-27,1.837,0.0,000171,易方达裕祥回报
2025-05-28,1.838,0.05,000171,易方达裕祥回报
2025-05-29,1.838,0.0,000171,易方达裕祥回报
2025-05-30,1.837,-0.05,000171,易方达裕祥回报
2025-06-03,1.838,0.05,000171,易方达裕祥回报
2025-06-04,1.84,0.11,000171,易方达裕祥回报
2025-06-05,1.842,0.11,000171,易方达裕祥回报
2025-06-06,1.846,0.22,000171,易方达裕祥回报
2025-06-09,1.845,-0.05,000171,易方达裕祥回报
2025-06-10,1.843,-0.11,000171,易方达裕祥回报
2025-06-11,1.846,0.16,000171,易方达裕祥回报
2025-06-12,1.846,0.0,000171,易方达裕祥回报
2025-06-13,1.843,-0.16,000171,易方达裕祥回报
2025-06-16,1.844,0.05,000171,易方达裕祥回报
2025-06-17,1.846,0.11,000171,易方达裕祥回报
2025-06-18,1.846,0.0,000171,易方达裕祥回报
2025-06-19,1.844,-0.11,000171,易方达裕祥回报
2025-06-20,1.844,0.0,000171,易方达裕祥回报
2025-06-23,1.844,0.0,000171,易方达裕祥回报
2025-06-24,1.847,0.16,000171,易方达裕祥回报
2025-06-25,1.85,0.16,000171,易方达裕祥回报
2025-06-26,1.849,-0.05,000171,易方达裕祥回报
2025-06-27,1.848,-0.05,000171,易方达裕祥回报
2025-06-30,1.85,0.11,000171,易方达裕祥回报
2025-07-01,1.854,0.22,000171,易方达裕祥回报
2025-07-02,1.854,0.0,000171,易方达裕祥回报
2025-07-03,1.856,0.11,000171,易方达裕祥回报
2025-07-04,1.858,0.11,000171,易方达裕祥回报
2025-07-07,1.858,0.0,000171,易方达裕祥回报
2025-07-08,1.859,0.05,000171,易方达裕祥回报
2025-07-09,1.858,-0.05,000171,易方达裕祥回报
2025-07-10,1.858,0.0,000171,易方达裕祥回报
2025-07-11,1.858,0.0,000171,易方达裕祥回报
2025-07-14,1.857,-0.05,000171,易方达裕祥回报
2025-07-15,1.856,-0.05,000171,易方达裕祥回报
2025-07-16,1.858,0.11,000171,易方达裕祥回报
2025-07-17,1.86,0.11,000171,易方达裕祥回报
2025-07-18,1.863,0.16,000171,易方达裕祥回报
2025-07-21,1.864,0.05,000171,易方达裕祥回报
2025-07-22,1.867,0.16,000171,易方达裕祥回报
2025-07-23,1.866,-0.05,000171,易方达裕祥回报
2025-07-24,1.867,0.05,000171,易方达裕祥回报
2025-07-25,1.869,0.11,000171,易方达裕祥回报
2025-07-28,1.869,0.0,000171,易方达裕祥回报
2025-07-29,1.87,0.05,000171,易方达裕祥回报
2025-07-30,1.871,0.05,000171,易方达裕祥回报
2025-07-31,1.864,-0.37,000171,易方达裕祥回报
2025-08-01,1.864,0.0,000171,易方达裕祥回报
2025-08-04,1.868,0.21,000171,易方达裕祥回报
2025-08-05,1.87,0.11,000171,易方达裕祥回报
2025-08-06,1.872,0.11,000171,易方达裕祥回报
2025-08-07,1.87,-0.11,000171,易方达裕祥回报
2025-08-08,1.869,-0.05,000171,易方达裕祥回报
2025-08-11,1.87,0.05,000171,易方达裕祥回报
2025-08-12,1.87,0.0,000171,易方达裕祥回报
2025-08-13,1.876,0.32,000171,易方达裕祥回报
2025-08-14,1.875,-0.05,000171,易方达裕祥回报
2025-08-15,1.877,0.11,000171,易方达裕祥回报
2025-08-18,1.876,-0.05,000171,易方达裕祥回报
2025-08-19,1.876,0.0,000171,易方达裕祥回报
2025-08-20,1.881,0.27,000171,易方达裕祥回报
2025-08-21,1.885,0.21,000171,易方达裕祥回报
2025-08-22,1.892,0.37,000171,易方达裕祥回报
2025-08-25,1.9,0.42,000171,易方达裕祥回报
2025-08-26,1.899,-0.05,000171,易方达裕祥回报
2025-08-27,1.892,-0.37,000171,易方达裕祥回报
2025-08-28,1.895,0.16,000171,易方达裕祥回报
2025-08-29,1.899,0.21,000171,易方达裕祥回报
2025-09-01,1.901,0.11,000171,易方达裕祥回报
2025-09-02,1.897,-0.21,000171,易方达裕祥回报
2025-09-03,1.895,-0.11,000171,易方达裕祥回报
2025-09-04,1.887,-0.42,000171,易方达裕祥回报
2025-09-05,1.898,0.58,000171,易方达裕祥回报
2025-09-08,1.904,0.32,000171,易方达裕祥回报
2025-09-09,1.899,-0.26,000171,易方达裕祥回报
2025-09-10,1.897,-0.11,000171,易方达裕祥回报
2025-09-11,1.903,0.32,000171,易方达裕祥回报
2025-09-12,1.906,0.16,000171,易方达裕祥回报
2025-09-15,1.905,-0.05,000171,易方达裕祥回报
2025-09-16,1.904,-0.05,000171,易方达裕祥回报
2025-09-17,1.908,0.21,000171,易方达裕祥回报
2025-09-18,1.904,-0.21,000171,易方达裕祥回报
2025-09-19,1.903,-0.05,000171,易方达裕祥回报
2025-09-22,1.908,0.26,000171,易方达裕祥回报
2025-09-23,1.906,-0.1,000171,易方达裕祥回报
2025-09-24,1.908,0.1,000171,易方达裕祥回报
2025-09-25,1.913,0.26,000171,易方达裕祥回报
2025-09-26,1.905,-0.42,000171,易方达裕祥回报
2025-09-29,1.912,0.37,000171,易方达裕祥回报
2025-09-30,1.915,0.16,000171,易方达裕祥回报
2025-10-09,1.922,0.37,000171,易方达裕祥回报
2025-10-10,1.908,-0.73,000171,易方达裕祥回报
2025-10-13,1.901,-0.37,000171,易方达裕祥回报
2025-10-14,1.887,-0.74,000171,易方达裕祥回报
2025-10-15,1.896,0.48,000171,易方达裕祥回报
2025-10-16,1.894,-0.11,000171,易方达裕祥回报
2025-10-17,1.879,-0.79,000171,易方达裕祥回报
2025-10-20,1.884,0.27,000171,易方达裕祥回报
2025-10-21,1.898,0.74,000171,易方达裕祥回报
2025-10-22,1.894,-0.21,000171,易方达裕祥回报
2025-10-23,1.893,-0.05,000171,易方达裕祥回报
2025-10-24,1.905,0.63,000171,易方达裕祥回报
2025-10-27,1.913,0.42,000171,易方达裕祥回报
2025-10-28,1.911,-0.1,000171,易方达裕祥回报
2025-10-29,1.926,0.78,000171,易方达裕祥回报
2025-10-30,1.915,-0.57,000171,易方达裕祥回报
2025-10-31,1.909,-0.31,000171,易方达裕祥回报
2025-11-03,1.912,0.16,000171,易方达裕祥回报
2025-11-04,1.903,-0.47,000171,易方达裕祥回报
2025-11-05,1.908,0.26,000171,易方达裕祥回报
2025-11-06,1.915,0.37,000171,易方达裕祥回报
2025-11-07,1.912,-0.16,000171,易方达裕祥回报
2025-11-10,1.906,-0.31,000171,易方达裕祥回报
2025-11-11,1.901,-0.26,000171,易方达裕祥回报
2025-11-12,1.898,-0.16,000171,易方达裕祥回报
2025-11-13,1.905,0.37,000171,易方达裕祥回报
2025-11-14,1.896,-0.47,000171,易方达裕祥回报
2025-11-17,1.896,0.0,000171,易方达裕祥回报
2025-11-18,1.891,-0.26,000171,易方达裕祥回报
2025-11-19,1.893,0.11,000171,易方达裕祥回报
2025-11-20,1.89,-0.16,000171,易方达裕祥回报
2025-11-21,1.875,-0.79,000171,易方达裕祥回报
2025-11-24,1.875,0.0,000171,易方达裕祥回报
2025-11-25,1.881,0.32,000171,易方达裕祥回报
2025-11-26,1.885,0.21,000171,易方达裕祥回报
2025-11-27,1.882,-0.16,000171,易方达裕祥回报
2025-11-28,1.885,0.16,000171,易方达裕祥回报
2025-12-01,1.89,0.27,000171,易方达裕祥回报
2025-12-02,1.884,-0.32,000171,易方达裕祥回报
2025-12-03,1.881,-0.16,000171,易方达裕祥回报
2025-12-04,1.882,0.05,000171,易方达裕祥回报
2025-12-05,1.889,0.37,000171,易方达裕祥回报
2025-12-08,1.896,0.37,000171,易方达裕祥回报
2025-12-09,1.899,0.16,000171,易方达裕祥回报
2025-12-10,1.901,0.11,000171,易方达裕祥回报
2025-12-11,1.896,-0.26,000171,易方达裕祥回报
2025-12-12,1.903,0.37,000171,易方达裕祥回报
2025-12-15,1.895,-0.42,000171,易方达裕祥回报
2025-12-16,1.884,-0.58,000171,易方达裕祥回报
2025-12-17,1.897,0.69,000171,易方达裕祥回报
2025-12-18,1.89,-0.37,000171,易方达裕祥回报
2025-12-19,1.893,0.16,000171,易方达裕祥回报
2025-12-22,1.902,0.48,000171,易方达裕祥回报
2025-12-23,1.904,0.11,000171,易方达裕祥回报
2025-12-24,1.908,0.21,000171,易方达裕祥回报
2025-12-25,1.909,0.05,000171,易方达裕祥回报
2025-12-26,1.91,0.05,000171,易方达裕祥回报
2025-12-29,1.908,-0.1,000171,易方达裕祥回报
2025-12-30,1.911,0.16,000171,易方达裕祥回报
2025-12-31,1.903,-0.42,000171,易方达裕祥回报
2026-01-05,1.915,0.63,000171,易方达裕祥回报
2026-01-06,1.919,0.21,000171,易方达裕祥回报
2026-01-07,1.92,0.05,000171,易方达裕祥回报
2026-01-08,1.919,-0.05,000171,易方达裕祥回报
2026-01-09,1.924,0.26,000171,易方达裕祥回报
2026-01-12,1.928,0.21,000171,易方达裕祥回报
2026-01-13,1.923,-0.26,000171,易方达裕祥回报
2026-01-14,1.927,0.21,000171,易方达裕祥回报
2026-01-15,1.933,0.31,000171,易方达裕祥回报
2026-01-16,1.935,0.1,000171,易方达裕祥回报
2026-01-19,1.94,0.26,000171,易方达裕祥回报
2026-01-20,1.934,-0.31,000171,易方达裕祥回报
2026-01-21,1.942,0.41,000171,易方达裕祥回报
2026-01-22,1.949,0.36,000171,易方达裕祥回报
2026-01-23,1.948,-0.05,000171,易方达裕祥回报
2026-01-26,1.948,0.0,000171,易方达裕祥回报
2026-01-27,1.959,0.56,000171,易方达裕祥回报
2026-01-28,1.964,0.26,000171,易方达裕祥回报
2026-01-29,1.955,-0.46,000171,易方达裕祥回报
2026-01-30,1.956,0.05,000171,易方达裕祥回报
2026-02-02,1.939,-0.87,000171,易方达裕祥回报
2026-02-03,1.947,0.41,000171,易方达裕祥回报
2026-02-04,1.942,-0.26,000171,易方达裕祥回报
2026-02-05,1.934,-0.41,000171,易方达裕祥回报
2026-02-06,1.929,-0.26,000171,易方达裕祥回报
2026-02-09,1.946,0.88,000171,易方达裕祥回报
2026-02-10,1.951,0.26,000171,易方达裕祥回报
2026-02-11,1.947,-0.21,000171,易方达裕祥回报
2026-02-12,1.957,0.51,000171,易方达裕祥回报
2026-02-13,1.952,-0.26,000171,易方达裕祥回报
2026-02-24,1.962,0.51,000171,易方达裕祥回报
2026-02-25,1.963,0.05,000171,易方达裕祥回报
2026-02-26,1.968,0.25,000171,易方达裕祥回报
2026-02-27,1.969,0.05,000171,易方达裕祥回报
2026-03-02,1.976,0.36,000171,易方达裕祥回报
2026-03-03,1.959,-0.86,000171,易方达裕祥回报
2026-03-04,1.956,-0.15,000171,易方达裕祥回报
2026-03-05,1.964,0.41,000171,易方达裕祥回报
2026-03-06,1.965,0.05,000171,易方达裕祥回报
2026-03-09,1.954,-0.56,000171,易方达裕祥回报
2026-03-10,1.967,0.67,000171,易方达裕祥回报
2026-03-11,1.965,-0.1,000171,易方达裕祥回报
2026-03-12,1.96,-0.25,000171,易方达裕祥回报
2026-03-13,1.955,-0.26,000171,易方达裕祥回报
2026-03-16,1.952,-0.15,000171,易方达裕祥回报
2026-03-17,1.938,-0.72,000171,易方达裕祥回报
2026-03-18,1.949,0.57,000171,易方达裕祥回报
2026-03-19,1.939,-0.51,000171,易方达裕祥回报
2026-03-20,1.937,-0.1,000171,易方达裕祥回报
2026-03-23,1.922,-0.77,000171,易方达裕祥回报
2026-03-24,1.935,0.68,000171,易方达裕祥回报
2026-03-25,1.948,0.67,000171,易方达裕祥回报
2026-03-26,1.938,-0.51,000171,易方达裕祥回报
2026-03-27,1.94,0.1,000171,易方达裕祥回报
2026-03-30,1.941,0.05,000171,易方达裕祥回报
2026-03-31,1.928,-0.67,000171,易方达裕祥回报
2026-04-01,1.941,0.67,000171,易方达裕祥回报
2026-04-02,1.933,-0.41,000171,易方达裕祥回报
2026-04-03,1.938,0.26,000171,易方达裕祥回报
2026-04-07,1.947,0.46,000171,易方达裕祥回报
2026-04-08,1.974,1.39,000171,易方达裕祥回报
2026-04-09,1.978,0.2,000171,易方达裕祥回报
2026-04-10,1.986,0.4,000171,易方达裕祥回报
2026-04-13,1.982,-0.2,000171,易方达裕祥回报
2026-04-14,1.991,0.45,000171,易方达裕祥回报
2026-04-15,1.986,-0.25,000171,易方达裕祥回报
2026-04-16,1.999,0.65,000171,易方达裕祥回报
2026-04-17,2.002,0.15,000171,易方达裕祥回报
2026-04-20,2.005,0.15,000171,易方达裕祥回报
2026-04-21,2.005,0.0,000171,易方达裕祥回报
2026-04-22,2.018,0.65,000171,易方达裕祥回报
2026-04-23,2.016,-0.1,000171,易方达裕祥回报
2026-04-24,2.011,-0.25,000171,易方达裕祥回报
2026-04-27,2.014,0.15,000171,易方达裕祥回报
2026-04-28,2.012,-0.1,000171,易方达裕祥回报
2026-04-29,2.02,0.4,000171,易方达裕祥回报
2026-04-30,2.033,0.64,000171,易方达裕祥回报
2026-05-06,2.044,0.54,000171,易方达裕祥回报
2026-05-07,2.052,0.39,000171,易方达裕祥回报
2026-05-08,2.046,-0.29,000171,易方达裕祥回报
2026-05-11,2.06,0.68,000171,易方达裕祥回报
2026-05-12,2.066,0.29,000171,易方达裕祥回报
2026-05-13,2.082,0.77,000171,易方达裕祥回报
2026-05-14,2.065,-0.82,000171,易方达裕祥回报
2026-05-15,2.059,-0.29,000171,易方达裕祥回报
2026-05-18,2.063,0.19,000171,易方达裕祥回报
2026-05-19,2.08,0.82,000171,易方达裕祥回报
2026-05-20,2.084,0.19,000171,易方达裕祥回报
2026-05-21,2.067,-0.82,000171,易方达裕祥回报
2026-05-22,2.083,0.77,000171,易方达裕祥回报
