净值日期,单位净值,日增长率,基金代码,基金名称
2013-04-24,1.0,0.0,000032,易方达信用债A
2013-04-26,1.0,0.0,000032,易方达信用债A
2013-05-03,1.001,0.1,000032,易方达信用债A
2013-05-10,1.001,0.0,000032,易方达信用债A
2013-05-17,1.001,0.0,000032,易方达信用债A
2013-05-24,1.002,0.0999,000032,易方达信用债A
2013-05-31,1.004,0.1996,000032,易方达信用债A
2013-06-05,1.004,0.0,000032,易方达信用债A
2013-06-06,1.004,0.0,000032,易方达信用债A
2013-06-07,1.003,-0.0996,000032,易方达信用债A
2013-06-13,1.004,0.0997,000032,易方达信用债A
2013-06-14,1.003,-0.0996,000032,易方达信用债A
2013-06-17,1.003,0.0,000032,易方达信用债A
2013-06-18,1.003,0.0,000032,易方达信用债A
2013-06-19,1.003,0.0,000032,易方达信用债A
2013-06-20,1.001,-0.1994,000032,易方达信用债A
2013-06-21,1.001,0.0,000032,易方达信用债A
2013-06-24,1.0,-0.0999,000032,易方达信用债A
2013-06-25,1.0,0.0,000032,易方达信用债A
2013-06-26,1.002,0.2,000032,易方达信用债A
2013-06-27,1.003,0.0998,000032,易方达信用债A
2013-06-28,1.003,0.0,000032,易方达信用债A
2013-06-30,1.004,0.0997,000032,易方达信用债A
2013-07-01,1.004,0.0,000032,易方达信用债A
2013-07-02,1.005,0.0996,000032,易方达信用债A
2013-07-03,1.006,0.0995,000032,易方达信用债A
2013-07-04,1.006,0.0,000032,易方达信用债A
2013-07-05,1.006,0.0,000032,易方达信用债A
2013-07-08,1.007,0.0994,000032,易方达信用债A
2013-07-09,1.007,0.0,000032,易方达信用债A
2013-07-10,1.006,-0.0993,000032,易方达信用债A
2013-07-11,1.005,-0.0994,000032,易方达信用债A
2013-07-12,1.004,-0.0995,000032,易方达信用债A
2013-07-15,1.004,0.0,000032,易方达信用债A
2013-07-16,1.003,-0.0996,000032,易方达信用债A
2013-07-17,1.002,-0.0997,000032,易方达信用债A
2013-07-18,1.001,-0.0998,000032,易方达信用债A
2013-07-19,0.999,-0.1998,000032,易方达信用债A
2013-07-22,0.998,-0.1001,000032,易方达信用债A
2013-07-23,0.997,-0.1002,000032,易方达信用债A
2013-07-24,0.995,-0.2006,000032,易方达信用债A
2013-07-25,0.997,0.201,000032,易方达信用债A
2013-07-26,0.998,0.1003,000032,易方达信用债A
2013-07-29,0.998,0.0,000032,易方达信用债A
2013-07-30,0.998,0.0,000032,易方达信用债A
2013-07-31,0.998,0.0,000032,易方达信用债A
2013-08-01,1.0,0.2004,000032,易方达信用债A
2013-08-02,1.001,0.1,000032,易方达信用债A
2013-08-05,1.001,0.0,000032,易方达信用债A
2013-08-06,1.001,0.0,000032,易方达信用债A
2013-08-07,1.0,-0.0999,000032,易方达信用债A
2013-08-08,0.998,-0.2,000032,易方达信用债A
2013-08-09,0.997,-0.1002,000032,易方达信用债A
2013-08-12,0.997,0.0,000032,易方达信用债A
2013-08-13,0.994,-0.3009,000032,易方达信用债A
2013-08-14,0.992,-0.2012,000032,易方达信用债A
2013-08-15,0.99,-0.2016,000032,易方达信用债A
2013-08-16,0.989,-0.101,000032,易方达信用债A
2013-08-19,0.988,-0.1011,000032,易方达信用债A
2013-08-20,0.986,-0.2024,000032,易方达信用债A
2013-08-21,0.986,0.0,000032,易方达信用债A
2013-08-22,0.986,0.0,000032,易方达信用债A
2013-08-23,0.988,0.2028,000032,易方达信用债A
2013-08-26,0.989,0.1012,000032,易方达信用债A
2013-08-27,0.99,0.1011,000032,易方达信用债A
2013-08-28,0.989,-0.101,000032,易方达信用债A
2013-08-29,0.989,0.0,000032,易方达信用债A
2013-08-30,0.989,0.0,000032,易方达信用债A
2013-09-02,0.99,0.1011,000032,易方达信用债A
2013-09-03,0.989,-0.101,000032,易方达信用债A
2013-09-04,0.989,0.0,000032,易方达信用债A
2013-09-05,0.989,0.0,000032,易方达信用债A
2013-09-06,0.989,0.0,000032,易方达信用债A
2013-09-09,0.989,0.0,000032,易方达信用债A
2013-09-10,0.99,0.1011,000032,易方达信用债A
2013-09-11,0.989,-0.101,000032,易方达信用债A
2013-09-12,0.989,0.0,000032,易方达信用债A
2013-09-13,0.988,-0.1011,000032,易方达信用债A
2013-09-16,0.988,0.0,000032,易方达信用债A
2013-09-17,0.989,0.1012,000032,易方达信用债A
2013-09-18,0.989,0.0,000032,易方达信用债A
2013-09-23,0.991,0.2022,000032,易方达信用债A
2013-09-24,0.99,-0.1009,000032,易方达信用债A
2013-09-25,0.99,0.0,000032,易方达信用债A
2013-09-26,0.991,0.101,000032,易方达信用债A
2013-09-27,0.991,0.0,000032,易方达信用债A
2013-09-30,0.991,0.0,000032,易方达信用债A
2013-10-08,0.993,0.2018,000032,易方达信用债A
2013-10-09,0.992,-0.1007,000032,易方达信用债A
2013-10-10,0.992,0.0,000032,易方达信用债A
2013-10-11,0.992,0.0,000032,易方达信用债A
2013-10-14,0.992,0.0,000032,易方达信用债A
2013-10-15,0.992,0.0,000032,易方达信用债A
2013-10-16,0.991,-0.1008,000032,易方达信用债A
2013-10-17,0.99,-0.1009,000032,易方达信用债A
2013-10-18,0.991,0.101,000032,易方达信用债A
2013-10-21,0.991,0.0,000032,易方达信用债A
2013-10-22,0.99,-0.1009,000032,易方达信用债A
2013-10-23,0.99,0.0,000032,易方达信用债A
2013-10-24,0.986,-0.404,000032,易方达信用债A
2013-10-25,0.985,-0.1014,000032,易方达信用债A
2013-10-28,0.985,0.0,000032,易方达信用债A
2013-10-29,0.985,0.0,000032,易方达信用债A
2013-10-30,0.983,-0.203,000032,易方达信用债A
2013-10-31,0.983,0.0,000032,易方达信用债A
2013-11-01,0.984,0.1017,000032,易方达信用债A
2013-11-04,0.984,0.0,000032,易方达信用债A
2013-11-05,0.984,0.0,000032,易方达信用债A
2013-11-06,0.984,0.0,000032,易方达信用债A
2013-11-07,0.984,0.0,000032,易方达信用债A
2013-11-08,0.984,0.0,000032,易方达信用债A
2013-11-11,0.982,-0.2033,000032,易方达信用债A
2013-11-12,0.983,0.1018,000032,易方达信用债A
2013-11-13,0.982,-0.1017,000032,易方达信用债A
2013-11-14,0.98,-0.2037,000032,易方达信用债A
2013-11-15,0.979,-0.102,000032,易方达信用债A
2013-11-18,0.979,0.0,000032,易方达信用债A
2013-11-19,0.977,-0.2043,000032,易方达信用债A
2013-11-20,0.974,-0.3071,000032,易方达信用债A
2013-11-21,0.973,-0.1027,000032,易方达信用债A
2013-11-22,0.971,-0.2055,000032,易方达信用债A
2013-11-25,0.969,-0.206,000032,易方达信用债A
2013-11-26,0.965,-0.4128,000032,易方达信用债A
2013-11-27,0.965,0.0,000032,易方达信用债A
2013-11-28,0.964,-0.1036,000032,易方达信用债A
2013-11-29,0.965,0.1037,000032,易方达信用债A
2013-12-02,0.965,0.0,000032,易方达信用债A
2013-12-03,0.965,0.0,000032,易方达信用债A
2013-12-04,0.965,0.0,000032,易方达信用债A
2013-12-05,0.965,0.0,000032,易方达信用债A
2013-12-06,0.962,-0.3109,000032,易方达信用债A
2013-12-09,0.961,-0.104,000032,易方达信用债A
2013-12-10,0.962,0.1041,000032,易方达信用债A
2013-12-11,0.965,0.3119,000032,易方达信用债A
2013-12-12,0.964,-0.1036,000032,易方达信用债A
2013-12-13,0.964,0.0,000032,易方达信用债A
2013-12-16,0.964,0.0,000032,易方达信用债A
2013-12-17,0.964,0.0,000032,易方达信用债A
2013-12-18,0.963,-0.1037,000032,易方达信用债A
2013-12-19,0.962,-0.1038,000032,易方达信用债A
2013-12-20,0.961,-0.104,000032,易方达信用债A
2013-12-23,0.959,-0.2081,000032,易方达信用债A
2013-12-24,0.96,0.1043,000032,易方达信用债A
2013-12-25,0.96,0.0,000032,易方达信用债A
2013-12-26,0.96,0.0,000032,易方达信用债A
2013-12-27,0.96,0.0,000032,易方达信用债A
2013-12-30,0.959,-0.1042,000032,易方达信用债A
2013-12-31,0.958,-0.1043,000032,易方达信用债A
2014-01-02,0.958,0.0,000032,易方达信用债A
2014-01-03,0.957,-0.1044,000032,易方达信用债A
2014-01-06,0.958,0.1045,000032,易方达信用债A
2014-01-07,0.957,-0.1044,000032,易方达信用债A
2014-01-08,0.957,0.0,000032,易方达信用债A
2014-01-09,0.957,0.0,000032,易方达信用债A
2014-01-10,0.958,0.1045,000032,易方达信用债A
2014-01-13,0.959,0.1044,000032,易方达信用债A
2014-01-14,0.961,0.2086,000032,易方达信用债A
2014-01-15,0.961,0.0,000032,易方达信用债A
2014-01-16,0.962,0.1041,000032,易方达信用债A
2014-01-17,0.962,0.0,000032,易方达信用债A
2014-01-20,0.962,0.0,000032,易方达信用债A
2014-01-21,0.963,0.104,000032,易方达信用债A
2014-01-22,0.964,0.1038,000032,易方达信用债A
2014-01-23,0.964,0.0,000032,易方达信用债A
2014-01-24,0.964,0.0,000032,易方达信用债A
2014-01-27,0.965,0.1037,000032,易方达信用债A
2014-01-28,0.965,0.0,000032,易方达信用债A
2014-01-29,0.966,0.1036,000032,易方达信用债A
2014-01-30,0.966,0.0,000032,易方达信用债A
2014-02-07,0.967,0.1035,000032,易方达信用债A
2014-02-10,0.968,0.1034,000032,易方达信用债A
2014-02-11,0.968,0.0,000032,易方达信用债A
2014-02-12,0.969,0.1033,000032,易方达信用债A
2014-02-13,0.969,0.0,000032,易方达信用债A
2014-02-14,0.97,0.1032,000032,易方达信用债A
2014-02-17,0.972,0.2062,000032,易方达信用债A
2014-02-18,0.972,0.0,000032,易方达信用债A
2014-02-19,0.973,0.1029,000032,易方达信用债A
2014-02-20,0.974,0.1028,000032,易方达信用债A
2014-02-21,0.975,0.1027,000032,易方达信用债A
2014-02-24,0.976,0.1026,000032,易方达信用债A
2014-02-25,0.979,0.3074,000032,易方达信用债A
2014-02-26,0.98,0.1021,000032,易方达信用债A
2014-02-27,0.983,0.3061,000032,易方达信用债A
2014-02-28,0.984,0.1017,000032,易方达信用债A
2014-03-03,0.984,0.0,000032,易方达信用债A
2014-03-04,0.982,-0.2033,000032,易方达信用债A
2014-03-05,0.981,-0.1018,000032,易方达信用债A
2014-03-06,0.981,0.0,000032,易方达信用债A
2014-03-07,0.982,0.1019,000032,易方达信用债A
2014-03-10,0.982,0.0,000032,易方达信用债A
2014-03-11,0.983,0.1018,000032,易方达信用债A
2014-03-12,0.983,0.0,000032,易方达信用债A
2014-03-13,0.984,0.1017,000032,易方达信用债A
2014-03-14,0.985,0.1016,000032,易方达信用债A
2014-03-17,0.985,0.0,000032,易方达信用债A
2014-03-18,0.985,0.0,000032,易方达信用债A
2014-03-19,0.984,-0.1015,000032,易方达信用债A
2014-03-20,0.984,0.0,000032,易方达信用债A
2014-03-21,0.984,0.0,000032,易方达信用债A
2014-03-24,0.984,0.0,000032,易方达信用债A
2014-03-25,0.984,0.0,000032,易方达信用债A
2014-03-26,0.984,0.0,000032,易方达信用债A
2014-03-27,0.984,0.0,000032,易方达信用债A
2014-03-28,0.985,0.1016,000032,易方达信用债A
2014-03-31,0.984,-0.1015,000032,易方达信用债A
2014-04-01,0.984,0.0,000032,易方达信用债A
2014-04-02,0.984,0.0,000032,易方达信用债A
2014-04-03,0.983,-0.1016,000032,易方达信用债A
2014-04-04,0.985,0.2035,000032,易方达信用债A
2014-04-08,0.986,0.1015,000032,易方达信用债A
2014-04-09,0.981,-0.5071,000032,易方达信用债A
2014-04-10,0.981,0.0,000032,易方达信用债A
2014-04-11,0.983,0.2039,000032,易方达信用债A
2014-04-14,0.987,0.4069,000032,易方达信用债A
2014-04-15,0.988,0.1013,000032,易方达信用债A
2014-04-16,0.988,0.0,000032,易方达信用债A
2014-04-17,0.99,0.2024,000032,易方达信用债A
2014-04-18,0.991,0.101,000032,易方达信用债A
2014-04-21,0.991,0.0,000032,易方达信用债A
2014-04-22,0.992,0.1009,000032,易方达信用债A
2014-04-23,0.992,0.0,000032,易方达信用债A
2014-04-24,0.992,0.0,000032,易方达信用债A
2014-04-25,0.992,0.0,000032,易方达信用债A
2014-04-28,0.993,0.1008,000032,易方达信用债A
2014-04-29,0.993,0.0,000032,易方达信用债A
2014-04-30,0.994,0.1007,000032,易方达信用债A
2014-05-05,0.996,0.2012,000032,易方达信用债A
2014-05-06,0.997,0.1004,000032,易方达信用债A
2014-05-07,0.998,0.1003,000032,易方达信用债A
2014-05-08,1.0,0.2004,000032,易方达信用债A
2014-05-09,1.003,0.3,000032,易方达信用债A
2014-05-12,1.003,0.0,000032,易方达信用债A
2014-05-13,1.003,0.0,000032,易方达信用债A
2014-05-14,1.002,-0.0997,000032,易方达信用债A
2014-05-15,1.002,0.0,000032,易方达信用债A
2014-05-16,1.002,0.0,000032,易方达信用债A
2014-05-19,1.003,0.0998,000032,易方达信用债A
2014-05-20,1.003,0.0,000032,易方达信用债A
2014-05-21,1.004,0.0997,000032,易方达信用债A
2014-05-22,1.004,0.0,000032,易方达信用债A
2014-05-23,1.005,0.0996,000032,易方达信用债A
2014-05-26,1.005,0.0,000032,易方达信用债A
2014-05-27,1.006,0.0995,000032,易方达信用债A
2014-05-28,1.006,0.0,000032,易方达信用债A
2014-05-29,1.008,0.1988,000032,易方达信用债A
2014-05-30,1.009,0.0992,000032,易方达信用债A
2014-06-03,1.011,0.1982,000032,易方达信用债A
2014-06-04,1.012,0.0989,000032,易方达信用债A
2014-06-05,1.013,0.0988,000032,易方达信用债A
2014-06-06,1.013,0.0,000032,易方达信用债A
2014-06-09,1.014,0.0987,000032,易方达信用债A
2014-06-10,1.015,0.0986,000032,易方达信用债A
2014-06-11,1.016,0.0985,000032,易方达信用债A
2014-06-12,1.016,0.0,000032,易方达信用债A
2014-06-13,1.017,0.0984,000032,易方达信用债A
2014-06-16,1.017,0.0,000032,易方达信用债A
2014-06-17,1.018,0.0983,000032,易方达信用债A
2014-06-18,1.018,0.0,000032,易方达信用债A
2014-06-19,1.018,0.0,000032,易方达信用债A
2014-06-20,1.019,0.0982,000032,易方达信用债A
2014-06-23,1.02,0.0981,000032,易方达信用债A
2014-06-24,1.02,0.0,000032,易方达信用债A
2014-06-25,1.02,0.0,000032,易方达信用债A
2014-06-26,1.021,0.098,000032,易方达信用债A
2014-06-27,1.022,0.0979,000032,易方达信用债A
2014-06-30,1.022,0.0,000032,易方达信用债A
2014-07-01,1.022,0.0,000032,易方达信用债A
2014-07-02,1.023,0.0978,000032,易方达信用债A
2014-07-03,1.024,0.0978,000032,易方达信用债A
2014-07-04,1.023,-0.0977,000032,易方达信用债A
2014-07-07,1.024,0.0978,000032,易方达信用债A
2014-07-08,1.023,-0.0977,000032,易方达信用债A
2014-07-09,1.024,0.0978,000032,易方达信用债A
2014-07-10,1.024,0.0,000032,易方达信用债A
2014-07-11,1.024,0.0,000032,易方达信用债A
2014-07-14,1.024,0.0,000032,易方达信用债A
2014-07-15,1.024,0.0,000032,易方达信用债A
2014-07-16,1.024,0.0,000032,易方达信用债A
2014-07-17,1.022,-0.1953,000032,易方达信用债A
2014-07-18,1.022,0.0,000032,易方达信用债A
2014-07-21,1.023,0.0978,000032,易方达信用债A
2014-07-22,1.022,-0.0978,000032,易方达信用债A
2014-07-23,1.023,0.0978,000032,易方达信用债A
2014-07-24,1.024,0.0978,000032,易方达信用债A
2014-07-25,1.024,0.0,000032,易方达信用债A
2014-07-28,1.025,0.0977,000032,易方达信用债A
2014-07-29,1.026,0.0976,000032,易方达信用债A
2014-07-30,1.026,0.0,000032,易方达信用债A
2014-07-31,1.026,0.0,000032,易方达信用债A
2014-08-01,1.026,0.0,000032,易方达信用债A
2014-08-04,1.027,0.0975,000032,易方达信用债A
2014-08-05,1.027,0.0,000032,易方达信用债A
2014-08-06,1.025,-0.1947,000032,易方达信用债A
2014-08-07,1.025,0.0,000032,易方达信用债A
2014-08-08,1.026,0.0976,000032,易方达信用债A
2014-08-11,1.027,0.0975,000032,易方达信用债A
2014-08-12,1.027,0.0,000032,易方达信用债A
2014-08-13,1.028,0.0974,000032,易方达信用债A
2014-08-14,1.028,0.0,000032,易方达信用债A
2014-08-15,1.029,0.0973,000032,易方达信用债A
2014-08-18,1.028,-0.0972,000032,易方达信用债A
2014-08-19,1.028,0.0,000032,易方达信用债A
2014-08-20,1.028,0.0,000032,易方达信用债A
2014-08-21,1.028,0.0,000032,易方达信用债A
2014-08-22,1.029,0.0973,000032,易方达信用债A
2014-08-25,1.03,0.0972,000032,易方达信用债A
2014-08-26,1.03,0.0,000032,易方达信用债A
2014-08-27,1.029,-0.0971,000032,易方达信用债A
2014-08-28,1.03,0.0972,000032,易方达信用债A
2014-08-29,1.029,-0.0971,000032,易方达信用债A
2014-09-01,1.03,0.0972,000032,易方达信用债A
2014-09-02,1.03,0.0,000032,易方达信用债A
2014-09-03,1.029,-0.0971,000032,易方达信用债A
2014-09-04,1.031,0.1944,000032,易方达信用债A
2014-09-05,1.031,0.0,000032,易方达信用债A
2014-09-09,1.032,0.097,000032,易方达信用债A
2014-09-10,1.033,0.0969,000032,易方达信用债A
2014-09-11,1.033,0.0,000032,易方达信用债A
2014-09-12,1.033,0.0,000032,易方达信用债A
2014-09-15,1.034,0.0968,000032,易方达信用债A
2014-09-16,1.034,0.0,000032,易方达信用债A
2014-09-17,1.036,0.1934,000032,易方达信用债A
2014-09-18,1.037,0.0965,000032,易方达信用债A
2014-09-19,1.039,0.1929,000032,易方达信用债A
2014-09-22,1.04,0.0962,000032,易方达信用债A
2014-09-23,1.041,0.0962,000032,易方达信用债A
2014-09-24,1.04,-0.0961,000032,易方达信用债A
2014-09-25,1.04,0.0,000032,易方达信用债A
2014-09-26,1.04,0.0,000032,易方达信用债A
2014-09-29,1.04,0.0,000032,易方达信用债A
2014-09-30,1.041,0.0962,000032,易方达信用债A
2014-10-08,1.042,0.0961,000032,易方达信用债A
2014-10-09,1.042,0.0,000032,易方达信用债A
2014-10-10,1.042,0.0,000032,易方达信用债A
2014-10-13,1.043,0.096,000032,易方达信用债A
2014-10-14,1.046,0.2876,000032,易方达信用债A
2014-10-15,1.048,0.1912,000032,易方达信用债A
2014-10-16,1.05,0.1908,000032,易方达信用债A
2014-10-17,1.05,0.0,000032,易方达信用债A
2014-10-20,1.055,0.4762,000032,易方达信用债A
2014-10-21,1.057,0.1896,000032,易方达信用债A
2014-10-22,1.058,0.0946,000032,易方达信用债A
2014-10-23,1.059,0.0945,000032,易方达信用债A
2014-10-24,1.059,0.0,000032,易方达信用债A
2014-10-27,1.06,0.0944,000032,易方达信用债A
2014-10-28,1.061,0.0943,000032,易方达信用债A
2014-10-29,1.063,0.1885,000032,易方达信用债A
2014-10-30,1.064,0.0941,000032,易方达信用债A
2014-10-31,1.065,0.094,000032,易方达信用债A
2014-11-03,1.068,0.2817,000032,易方达信用债A
2014-11-04,1.073,0.4682,000032,易方达信用债A
2014-11-05,1.075,0.1864,000032,易方达信用债A
2014-11-06,1.074,-0.093,000032,易方达信用债A
2014-11-07,1.078,0.3724,000032,易方达信用债A
2014-11-10,1.081,0.2783,000032,易方达信用债A
2014-11-11,1.084,0.2775,000032,易方达信用债A
2014-11-12,1.082,-0.1845,000032,易方达信用债A
2014-11-13,1.081,-0.0924,000032,易方达信用债A
2014-11-14,1.078,-0.2775,000032,易方达信用债A
2014-11-17,1.078,0.0,000032,易方达信用债A
2014-11-18,1.078,0.0,000032,易方达信用债A
2014-11-19,1.077,-0.0928,000032,易方达信用债A
2014-11-20,1.076,-0.0929,000032,易方达信用债A
2014-11-21,1.075,-0.0929,000032,易方达信用债A
2014-11-24,1.081,0.5581,000032,易方达信用债A
2014-11-25,1.081,0.0,000032,易方达信用债A
2014-11-26,1.082,0.0925,000032,易方达信用债A
2014-11-27,1.081,-0.0924,000032,易方达信用债A
2014-11-28,1.081,0.0,000032,易方达信用债A
2014-12-01,1.081,0.0,000032,易方达信用债A
2014-12-02,1.08,-0.0925,000032,易方达信用债A
2014-12-03,1.076,-0.3704,000032,易方达信用债A
2014-12-04,1.074,-0.1859,000032,易方达信用债A
2014-12-05,1.071,-0.2793,000032,易方达信用债A
2014-12-08,1.068,-0.2801,000032,易方达信用债A
2014-12-09,1.05,-1.6854,000032,易方达信用债A
2014-12-10,1.05,0.0,000032,易方达信用债A
2014-12-11,1.052,0.1905,000032,易方达信用债A
2014-12-12,1.052,0.0,000032,易方达信用债A
2014-12-15,1.052,0.0,000032,易方达信用债A
2014-12-16,1.051,-0.0951,000032,易方达信用债A
2014-12-17,1.05,-0.0951,000032,易方达信用债A
2014-12-18,1.051,0.0952,000032,易方达信用债A
2014-12-19,1.051,0.0,000032,易方达信用债A
2014-12-22,1.05,-0.0951,000032,易方达信用债A
2014-12-23,1.05,0.0,000032,易方达信用债A
2014-12-24,1.048,-0.1905,000032,易方达信用债A
2014-12-25,1.05,0.1908,000032,易方达信用债A
2014-12-26,1.051,0.0952,000032,易方达信用债A
2014-12-29,1.052,0.0951,000032,易方达信用债A
2014-12-30,1.052,0.0,000032,易方达信用债A
2014-12-31,1.051,-0.0951,000032,易方达信用债A
2015-01-05,1.051,0.0,000032,易方达信用债A
2015-01-06,1.051,0.0,000032,易方达信用债A
2015-01-07,1.051,0.0,000032,易方达信用债A
2015-01-08,1.05,-0.0951,000032,易方达信用债A
2015-01-09,1.052,0.1905,000032,易方达信用债A
2015-01-12,1.052,0.0,000032,易方达信用债A
2015-01-13,1.053,0.0951,000032,易方达信用债A
2015-01-14,1.056,0.2849,000032,易方达信用债A
2015-01-15,1.057,0.0947,000032,易方达信用债A
2015-01-16,1.059,0.1892,000032,易方达信用债A
2015-01-19,1.06,0.0944,000032,易方达信用债A
2015-01-20,1.06,0.0,000032,易方达信用债A
2015-01-21,1.058,-0.1887,000032,易方达信用债A
2015-01-22,1.06,0.189,000032,易方达信用债A
2015-01-23,1.061,0.0943,000032,易方达信用债A
2015-01-26,1.06,-0.0943,000032,易方达信用债A
2015-01-27,1.061,0.0943,000032,易方达信用债A
2015-01-28,1.061,0.0,000032,易方达信用债A
2015-01-29,1.06,-0.0943,000032,易方达信用债A
2015-01-30,1.061,0.0943,000032,易方达信用债A
2015-02-02,1.061,0.0,000032,易方达信用债A
2015-02-03,1.06,-0.0943,000032,易方达信用债A
2015-02-04,1.061,0.0943,000032,易方达信用债A
2015-02-05,1.06,-0.0943,000032,易方达信用债A
2015-02-06,1.061,0.0943,000032,易方达信用债A
2015-02-09,1.061,0.0,000032,易方达信用债A
2015-02-10,1.062,0.0943,000032,易方达信用债A
2015-02-11,1.062,0.0,000032,易方达信用债A
2015-02-12,1.063,0.0942,000032,易方达信用债A
2015-02-13,1.063,0.0,000032,易方达信用债A
2015-02-16,1.066,0.2822,000032,易方达信用债A
2015-02-17,1.066,0.0,000032,易方达信用债A
2015-02-25,1.068,0.1876,000032,易方达信用债A
2015-02-26,1.068,0.0,000032,易方达信用债A
2015-02-27,1.068,0.0,000032,易方达信用债A
2015-03-02,1.069,0.0936,000032,易方达信用债A
2015-03-03,1.069,0.0,000032,易方达信用债A
2015-03-04,1.069,0.0,000032,易方达信用债A
2015-03-05,1.069,0.0,000032,易方达信用债A
2015-03-06,1.07,0.0935,000032,易方达信用债A
2015-03-09,1.07,0.0,000032,易方达信用债A
2015-03-10,1.07,0.0,000032,易方达信用债A
2015-03-11,1.071,0.0935,000032,易方达信用债A
2015-03-12,1.072,0.0934,000032,易方达信用债A
2015-03-13,1.071,-0.0933,000032,易方达信用债A
2015-03-16,1.071,0.0,000032,易方达信用债A
2015-03-17,1.071,0.0,000032,易方达信用债A
2015-03-18,1.073,0.1867,000032,易方达信用债A
2015-03-19,1.078,0.466,000032,易方达信用债A
2015-03-20,1.078,0.0,000032,易方达信用债A
2015-03-23,1.079,0.0928,000032,易方达信用债A
2015-03-24,1.078,-0.0927,000032,易方达信用债A
2015-03-25,1.078,0.0,000032,易方达信用债A
2015-03-26,1.076,-0.1855,000032,易方达信用债A
2015-03-27,1.076,0.0,000032,易方达信用债A
2015-03-30,1.075,-0.0929,000032,易方达信用债A
2015-03-31,1.073,-0.186,000032,易方达信用债A
2015-04-01,1.072,-0.0932,000032,易方达信用债A
2015-04-02,1.074,0.1866,000032,易方达信用债A
2015-04-03,1.073,-0.0931,000032,易方达信用债A
2015-04-07,1.073,0.0,000032,易方达信用债A
2015-04-08,1.071,-0.1864,000032,易方达信用债A
2015-04-09,1.071,0.0,000032,易方达信用债A
2015-04-10,1.072,0.0934,000032,易方达信用债A
2015-04-13,1.073,0.0933,000032,易方达信用债A
2015-04-14,1.074,0.0932,000032,易方达信用债A
2015-04-15,1.077,0.2793,000032,易方达信用债A
2015-04-16,1.078,0.0929,000032,易方达信用债A
2015-04-17,1.079,0.0928,000032,易方达信用债A
2015-04-20,1.084,0.4634,000032,易方达信用债A
2015-04-21,1.086,0.1845,000032,易方达信用债A
2015-04-22,1.086,0.0,000032,易方达信用债A
2015-04-23,1.085,-0.0921,000032,易方达信用债A
2015-04-24,1.085,0.0,000032,易方达信用债A
2015-04-27,1.087,0.1843,000032,易方达信用债A
2015-04-28,1.088,0.092,000032,易方达信用债A
2015-04-29,1.089,0.0919,000032,易方达信用债A
2015-04-30,1.09,0.0918,000032,易方达信用债A
2015-05-04,1.09,0.0,000032,易方达信用债A
2015-05-05,1.09,0.0,000032,易方达信用债A
2015-05-06,1.09,0.0,000032,易方达信用债A
2015-05-07,1.09,0.0,000032,易方达信用债A
2015-05-08,1.094,0.367,000032,易方达信用债A
2015-05-11,1.095,0.0914,000032,易方达信用债A
2015-05-12,1.097,0.1826,000032,易方达信用债A
2015-05-13,1.1,0.2735,000032,易方达信用债A
2015-05-14,1.102,0.1818,000032,易方达信用债A
2015-05-15,1.104,0.1815,000032,易方达信用债A
2015-05-18,1.104,0.0,000032,易方达信用债A
2015-05-19,1.102,-0.1812,000032,易方达信用债A
2015-05-20,1.102,0.0,000032,易方达信用债A
2015-05-21,1.102,0.0,000032,易方达信用债A
2015-05-22,1.103,0.0907,000032,易方达信用债A
2015-05-25,1.103,0.0,000032,易方达信用债A
2015-05-26,1.101,-0.1813,000032,易方达信用债A
2015-05-27,1.101,0.0,000032,易方达信用债A
2015-05-28,1.101,0.0,000032,易方达信用债A
2015-05-29,1.1,-0.0908,000032,易方达信用债A
2015-06-01,1.1,0.0,000032,易方达信用债A
2015-06-02,1.102,0.1818,000032,易方达信用债A
2015-06-03,1.102,0.0,000032,易方达信用债A
2015-06-04,1.102,0.0,000032,易方达信用债A
2015-06-05,1.103,0.0907,000032,易方达信用债A
2015-06-08,1.103,0.0,000032,易方达信用债A
2015-06-09,1.103,0.0,000032,易方达信用债A
2015-06-10,1.103,0.0,000032,易方达信用债A
2015-06-11,1.103,0.0,000032,易方达信用债A
2015-06-12,1.103,0.0,000032,易方达信用债A
2015-06-15,1.103,0.0,000032,易方达信用债A
2015-06-16,1.104,0.0907,000032,易方达信用债A
2015-06-17,1.104,0.0,000032,易方达信用债A
2015-06-18,1.105,0.0906,000032,易方达信用债A
2015-06-19,1.105,0.0,000032,易方达信用债A
2015-06-23,1.105,0.0,000032,易方达信用债A
2015-06-24,1.106,0.0905,000032,易方达信用债A
2015-06-25,1.106,0.0,000032,易方达信用债A
2015-06-26,1.107,0.0904,000032,易方达信用债A
2015-06-29,1.108,0.0903,000032,易方达信用债A
2015-06-30,1.108,0.0,000032,易方达信用债A
2015-07-01,1.108,0.0,000032,易方达信用债A
2015-07-02,1.108,0.0,000032,易方达信用债A
2015-07-03,1.109,0.0903,000032,易方达信用债A
2015-07-06,1.112,0.2705,000032,易方达信用债A
2015-07-07,1.117,0.4496,000032,易方达信用债A
2015-07-08,1.12,0.2686,000032,易方达信用债A
2015-07-09,1.118,-0.1786,000032,易方达信用债A
2015-07-10,1.118,0.0,000032,易方达信用债A
2015-07-13,1.118,0.0,000032,易方达信用债A
2015-07-14,1.118,0.0,000032,易方达信用债A
2015-07-15,1.12,0.1789,000032,易方达信用债A
2015-07-16,1.12,0.0,000032,易方达信用债A
2015-07-17,1.121,0.0893,000032,易方达信用债A
2015-07-20,1.122,0.0892,000032,易方达信用债A
2015-07-21,1.123,0.0891,000032,易方达信用债A
2015-07-22,1.122,-0.089,000032,易方达信用债A
2015-07-23,1.124,0.1783,000032,易方达信用债A
2015-07-24,1.127,0.2669,000032,易方达信用债A
2015-07-27,1.128,0.0887,000032,易方达信用债A
2015-07-28,1.129,0.0887,000032,易方达信用债A
2015-07-29,1.13,0.0886,000032,易方达信用债A
2015-07-30,1.131,0.0885,000032,易方达信用债A
2015-07-31,1.131,0.0,000032,易方达信用债A
2015-08-03,1.132,0.0884,000032,易方达信用债A
2015-08-04,1.132,0.0,000032,易方达信用债A
2015-08-05,1.132,0.0,000032,易方达信用债A
2015-08-06,1.133,0.0883,000032,易方达信用债A
2015-08-07,1.136,0.2648,000032,易方达信用债A
2015-08-10,1.136,0.0,000032,易方达信用债A
2015-08-11,1.135,-0.088,000032,易方达信用债A
2015-08-12,1.135,0.0,000032,易方达信用债A
2015-08-13,1.136,0.0881,000032,易方达信用债A
2015-08-14,1.136,0.0,000032,易方达信用债A
2015-08-17,1.137,0.088,000032,易方达信用债A
2015-08-18,1.137,0.0,000032,易方达信用债A
2015-08-19,1.138,0.088,000032,易方达信用债A
2015-08-20,1.138,0.0,000032,易方达信用债A
2015-08-21,1.14,0.1757,000032,易方达信用债A
2015-08-24,1.141,0.0877,000032,易方达信用债A
2015-08-25,1.142,0.0876,000032,易方达信用债A
2015-08-26,1.142,0.0,000032,易方达信用债A
2015-08-27,1.143,0.0876,000032,易方达信用债A
2015-08-28,1.143,0.0,000032,易方达信用债A
2015-08-31,1.145,0.175,000032,易方达信用债A
2015-09-01,1.146,0.0873,000032,易方达信用债A
2015-09-02,1.147,0.0873,000032,易方达信用债A
2015-09-07,1.147,0.0,000032,易方达信用债A
2015-09-08,1.147,0.0,000032,易方达信用债A
2015-09-09,1.147,0.0,000032,易方达信用债A
2015-09-10,1.148,0.0872,000032,易方达信用债A
2015-09-11,1.148,0.0,000032,易方达信用债A
2015-09-14,1.149,0.0871,000032,易方达信用债A
2015-09-15,1.149,0.0,000032,易方达信用债A
2015-09-16,1.15,0.087,000032,易方达信用债A
2015-09-17,1.15,0.0,000032,易方达信用债A
2015-09-18,1.151,0.087,000032,易方达信用债A
2015-09-21,1.151,0.0,000032,易方达信用债A
2015-09-22,1.151,0.0,000032,易方达信用债A
2015-09-23,1.151,0.0,000032,易方达信用债A
2015-09-24,1.151,0.0,000032,易方达信用债A
2015-09-25,1.151,0.0,000032,易方达信用债A
2015-09-28,1.152,0.0869,000032,易方达信用债A
2015-09-29,1.153,0.0868,000032,易方达信用债A
2015-09-30,1.154,0.0867,000032,易方达信用债A
2015-10-08,1.155,0.0867,000032,易方达信用债A
2015-10-09,1.156,0.0866,000032,易方达信用债A
2015-10-12,1.157,0.0865,000032,易方达信用债A
2015-10-13,1.158,0.0864,000032,易方达信用债A
2015-10-14,1.16,0.1727,000032,易方达信用债A
2015-10-15,1.161,0.0862,000032,易方达信用债A
2015-10-16,1.16,-0.0861,000032,易方达信用债A
2015-10-19,1.161,0.0862,000032,易方达信用债A
2015-10-20,1.162,0.0861,000032,易方达信用债A
2015-10-21,1.163,0.0861,000032,易方达信用债A
2015-10-22,1.164,0.086,000032,易方达信用债A
2015-10-23,1.164,0.0,000032,易方达信用债A
2015-10-26,1.167,0.2577,000032,易方达信用债A
2015-10-27,1.168,0.0857,000032,易方达信用债A
2015-10-28,1.169,0.0856,000032,易方达信用债A
2015-10-29,1.168,-0.0855,000032,易方达信用债A
2015-10-30,1.168,0.0,000032,易方达信用债A
2015-11-02,1.169,0.0856,000032,易方达信用债A
2015-11-03,1.168,-0.0855,000032,易方达信用债A
2015-11-04,1.167,-0.0856,000032,易方达信用债A
2015-11-05,1.167,0.0,000032,易方达信用债A
2015-11-06,1.167,0.0,000032,易方达信用债A
2015-11-09,1.163,-0.3428,000032,易方达信用债A
2015-11-10,1.162,-0.086,000032,易方达信用债A
2015-11-11,1.163,0.0861,000032,易方达信用债A
2015-11-12,1.163,0.0,000032,易方达信用债A
2015-11-13,1.163,0.0,000032,易方达信用债A
2015-11-16,1.163,0.0,000032,易方达信用债A
2015-11-17,1.163,0.0,000032,易方达信用债A
2015-11-18,1.163,0.0,000032,易方达信用债A
2015-11-19,1.162,-0.086,000032,易方达信用债A
2015-11-20,1.163,0.0861,000032,易方达信用债A
2015-11-23,1.163,0.0,000032,易方达信用债A
2015-11-24,1.164,0.086,000032,易方达信用债A
2015-11-25,1.165,0.0859,000032,易方达信用债A
2015-11-26,1.166,0.0858,000032,易方达信用债A
2015-11-27,1.166,0.0,000032,易方达信用债A
2015-11-30,1.167,0.0858,000032,易方达信用债A
2015-12-01,1.168,0.0857,000032,易方达信用债A
2015-12-02,1.168,0.0,000032,易方达信用债A
2015-12-03,1.17,0.1712,000032,易方达信用债A
2015-12-04,1.171,0.0855,000032,易方达信用债A
2015-12-07,1.173,0.1708,000032,易方达信用债A
2015-12-08,1.174,0.0853,000032,易方达信用债A
2015-12-09,1.174,0.0,000032,易方达信用债A
2015-12-10,1.175,0.0852,000032,易方达信用债A
2015-12-11,1.175,0.0,000032,易方达信用债A
2015-12-14,1.175,0.0,000032,易方达信用债A
2015-12-15,1.175,0.0,000032,易方达信用债A
2015-12-16,1.175,0.0,000032,易方达信用债A
2015-12-17,1.176,0.0851,000032,易方达信用债A
2015-12-18,1.177,0.085,000032,易方达信用债A
2015-12-21,1.179,0.1699,000032,易方达信用债A
2015-12-22,1.181,0.1696,000032,易方达信用债A
2015-12-23,1.181,0.0,000032,易方达信用债A
2015-12-24,1.182,0.0847,000032,易方达信用债A
2015-12-25,1.183,0.0846,000032,易方达信用债A
2015-12-28,1.184,0.0845,000032,易方达信用债A
2015-12-29,1.184,0.0,000032,易方达信用债A
2015-12-30,1.185,0.0845,000032,易方达信用债A
2015-12-31,1.185,0.0,000032,易方达信用债A
2016-01-04,1.185,0.0,000032,易方达信用债A
2016-01-05,1.184,-0.0844,000032,易方达信用债A
2016-01-06,1.184,0.0,000032,易方达信用债A
2016-01-07,1.185,0.0845,000032,易方达信用债A
2016-01-08,1.186,0.0844,000032,易方达信用债A
2016-01-11,1.187,0.0843,000032,易方达信用债A
2016-01-12,1.188,0.0842,000032,易方达信用债A
2016-01-13,1.19,0.1684,000032,易方达信用债A
2016-01-14,1.191,0.084,000032,易方达信用债A
2016-01-15,1.191,0.0,000032,易方达信用债A
2016-01-18,1.191,0.0,000032,易方达信用债A
2016-01-19,1.19,-0.084,000032,易方达信用债A
2016-01-20,1.19,0.0,000032,易方达信用债A
2016-01-21,1.189,-0.084,000032,易方达信用债A
2016-01-22,1.191,0.1682,000032,易方达信用债A
2016-01-25,1.189,-0.1679,000032,易方达信用债A
2016-01-26,1.188,-0.0841,000032,易方达信用债A
2016-01-27,1.186,-0.1684,000032,易方达信用债A
2016-01-28,1.185,-0.0843,000032,易方达信用债A
2016-01-29,1.187,0.1688,000032,易方达信用债A
2016-02-01,1.187,0.0,000032,易方达信用债A
2016-02-02,1.187,0.0,000032,易方达信用债A
2016-02-03,1.186,-0.0842,000032,易方达信用债A
2016-02-04,1.186,0.0,000032,易方达信用债A
2016-02-05,1.187,0.0843,000032,易方达信用债A
2016-02-15,1.189,0.1685,000032,易方达信用债A
2016-02-16,1.189,0.0,000032,易方达信用债A
2016-02-17,1.189,0.0,000032,易方达信用债A
2016-02-18,1.189,0.0,000032,易方达信用债A
2016-02-19,1.19,0.0841,000032,易方达信用债A
2016-02-22,1.191,0.084,000032,易方达信用债A
2016-02-23,1.191,0.0,000032,易方达信用债A
2016-02-24,1.191,0.0,000032,易方达信用债A
2016-02-25,1.191,0.0,000032,易方达信用债A
2016-02-26,1.191,0.0,000032,易方达信用债A
2016-02-29,1.192,0.084,000032,易方达信用债A
2016-03-01,1.193,0.0839,000032,易方达信用债A
2016-03-02,1.193,0.0,000032,易方达信用债A
2016-03-03,1.193,0.0,000032,易方达信用债A
2016-03-04,1.193,0.0,000032,易方达信用债A
2016-03-07,1.194,0.0838,000032,易方达信用债A
2016-03-08,1.195,0.0838,000032,易方达信用债A
2016-03-09,1.196,0.0837,000032,易方达信用债A
2016-03-10,1.197,0.0836,000032,易方达信用债A
2016-03-11,1.197,0.0,000032,易方达信用债A
2016-03-14,1.198,0.0835,000032,易方达信用债A
2016-03-15,1.198,0.0,000032,易方达信用债A
2016-03-16,1.198,0.0,000032,易方达信用债A
2016-03-17,1.199,0.0835,000032,易方达信用债A
2016-03-18,1.199,0.0,000032,易方达信用债A
2016-03-21,1.199,0.0,000032,易方达信用债A
2016-03-22,1.2,0.0834,000032,易方达信用债A
2016-03-23,1.2,0.0,000032,易方达信用债A
2016-03-24,1.2,0.0,000032,易方达信用债A
2016-03-25,1.2,0.0,000032,易方达信用债A
2016-03-28,1.2,0.0,000032,易方达信用债A
2016-03-29,1.2,0.0,000032,易方达信用债A
2016-03-30,1.2,0.0,000032,易方达信用债A
2016-03-31,1.2,0.0,000032,易方达信用债A
2016-04-01,1.201,0.0833,000032,易方达信用债A
2016-04-05,1.201,0.0,000032,易方达信用债A
2016-04-06,1.201,0.0,000032,易方达信用债A
2016-04-07,1.201,0.0,000032,易方达信用债A
2016-04-08,1.2,-0.0833,000032,易方达信用债A
2016-04-11,1.2,0.0,000032,易方达信用债A
2016-04-12,1.199,-0.0833,000032,易方达信用债A
2016-04-13,1.198,-0.0834,000032,易方达信用债A
2016-04-14,1.196,-0.1669,000032,易方达信用债A
2016-04-15,1.195,-0.0836,000032,易方达信用债A
2016-04-18,1.196,0.0837,000032,易方达信用债A
2016-04-19,1.195,-0.0836,000032,易方达信用债A
2016-04-20,1.195,0.0,000032,易方达信用债A
2016-04-21,1.193,-0.1674,000032,易方达信用债A
2016-04-22,1.191,-0.1676,000032,易方达信用债A
2016-04-25,1.188,-0.2519,000032,易方达信用债A
2016-04-26,1.186,-0.1684,000032,易方达信用债A
2016-04-27,1.187,0.0843,000032,易方达信用债A
2016-04-28,1.188,0.0842,000032,易方达信用债A
2016-04-29,1.188,0.0,000032,易方达信用债A
2016-05-03,1.189,0.0842,000032,易方达信用债A
2016-05-04,1.19,0.0841,000032,易方达信用债A
2016-05-05,1.19,0.0,000032,易方达信用债A
2016-05-06,1.191,0.084,000032,易方达信用债A
2016-05-09,1.192,0.084,000032,易方达信用债A
2016-05-10,1.193,0.0839,000032,易方达信用债A
2016-05-11,1.194,0.0838,000032,易方达信用债A
2016-05-12,1.194,0.0,000032,易方达信用债A
2016-05-13,1.195,0.0838,000032,易方达信用债A
2016-05-16,1.196,0.0837,000032,易方达信用债A
2016-05-17,1.196,0.0,000032,易方达信用债A
2016-05-18,1.196,0.0,000032,易方达信用债A
2016-05-19,1.196,0.0,000032,易方达信用债A
2016-05-20,1.196,0.0,000032,易方达信用债A
2016-05-23,1.196,0.0,000032,易方达信用债A
2016-05-24,1.196,0.0,000032,易方达信用债A
2016-05-25,1.197,0.0836,000032,易方达信用债A
2016-05-26,1.197,0.0,000032,易方达信用债A
2016-05-27,1.197,0.0,000032,易方达信用债A
2016-05-30,1.198,0.0835,000032,易方达信用债A
2016-05-31,1.198,0.0,000032,易方达信用债A
2016-06-01,1.198,0.0,000032,易方达信用债A
2016-06-02,1.197,-0.0835,000032,易方达信用债A
2016-06-03,1.198,0.0835,000032,易方达信用债A
2016-06-06,1.198,0.0,000032,易方达信用债A
2016-06-07,1.198,0.0,000032,易方达信用债A
2016-06-08,1.198,0.0,000032,易方达信用债A
2016-06-13,1.199,0.0835,000032,易方达信用债A
2016-06-14,1.2,0.0834,000032,易方达信用债A
2016-06-15,1.2,0.0,000032,易方达信用债A
2016-06-16,1.201,0.0833,000032,易方达信用债A
2016-06-17,1.201,0.0,000032,易方达信用债A
2016-06-20,1.202,0.0833,000032,易方达信用债A
2016-06-21,1.202,0.0,000032,易方达信用债A
2016-06-22,1.203,0.0832,000032,易方达信用债A
2016-06-23,1.203,0.0,000032,易方达信用债A
2016-06-24,1.204,0.0831,000032,易方达信用债A
2016-06-27,1.205,0.0831,000032,易方达信用债A
2016-06-28,1.206,0.083,000032,易方达信用债A
2016-06-29,1.206,0.0,000032,易方达信用债A
2016-06-30,1.207,0.0829,000032,易方达信用债A
2016-07-01,1.208,0.0829,000032,易方达信用债A
2016-07-04,1.209,0.0828,000032,易方达信用债A
2016-07-05,1.209,0.0,000032,易方达信用债A
2016-07-06,1.21,0.0827,000032,易方达信用债A
2016-07-07,1.211,0.0826,000032,易方达信用债A
2016-07-08,1.212,0.0826,000032,易方达信用债A
2016-07-11,1.212,0.0,000032,易方达信用债A
2016-07-12,1.212,0.0,000032,易方达信用债A
2016-07-13,1.213,0.0825,000032,易方达信用债A
2016-07-14,1.213,0.0,000032,易方达信用债A
2016-07-15,1.214,0.0824,000032,易方达信用债A
2016-07-18,1.215,0.0824,000032,易方达信用债A
2016-07-19,1.215,0.0,000032,易方达信用债A
2016-07-20,1.216,0.0823,000032,易方达信用债A
2016-07-21,1.218,0.1645,000032,易方达信用债A
2016-07-22,1.218,0.0,000032,易方达信用债A
2016-07-25,1.217,-0.0821,000032,易方达信用债A
2016-07-26,1.218,0.0822,000032,易方达信用债A
2016-07-27,1.218,0.0,000032,易方达信用债A
2016-07-28,1.219,0.0821,000032,易方达信用债A
2016-07-29,1.22,0.082,000032,易方达信用债A
2016-08-01,1.22,0.0,000032,易方达信用债A
2016-08-02,1.221,0.082,000032,易方达信用债A
2016-08-03,1.221,0.0,000032,易方达信用债A
2016-08-04,1.221,0.0,000032,易方达信用债A
2016-08-05,1.222,0.0819,000032,易方达信用债A
2016-08-08,1.223,0.0818,000032,易方达信用债A
2016-08-09,1.224,0.0818,000032,易方达信用债A
2016-08-10,1.225,0.0817,000032,易方达信用债A
2016-08-11,1.225,0.0,000032,易方达信用债A
2016-08-12,1.226,0.0816,000032,易方达信用债A
2016-08-15,1.227,0.0816,000032,易方达信用债A
2016-08-16,1.227,0.0,000032,易方达信用债A
2016-08-17,1.227,0.0,000032,易方达信用债A
2016-08-18,1.227,0.0,000032,易方达信用债A
2016-08-19,1.227,0.0,000032,易方达信用债A
2016-08-22,1.227,0.0,000032,易方达信用债A
2016-08-23,1.227,0.0,000032,易方达信用债A
2016-08-24,1.226,-0.0815,000032,易方达信用债A
2016-08-25,1.226,0.0,000032,易方达信用债A
2016-08-26,1.228,0.1631,000032,易方达信用债A
2016-08-29,1.228,0.0,000032,易方达信用债A
2016-08-30,1.227,-0.0814,000032,易方达信用债A
2016-08-31,1.228,0.0815,000032,易方达信用债A
2016-09-01,1.228,0.0,000032,易方达信用债A
2016-09-02,1.229,0.0814,000032,易方达信用债A
2016-09-05,1.229,0.0,000032,易方达信用债A
2016-09-06,1.229,0.0,000032,易方达信用债A
2016-09-07,1.229,0.0,000032,易方达信用债A
2016-09-08,1.229,0.0,000032,易方达信用债A
2016-09-09,1.231,0.1627,000032,易方达信用债A
2016-09-12,1.23,-0.0812,000032,易方达信用债A
2016-09-13,1.231,0.0813,000032,易方达信用债A
2016-09-14,1.231,0.0,000032,易方达信用债A
2016-09-19,1.232,0.0812,000032,易方达信用债A
2016-09-20,1.232,0.0,000032,易方达信用债A
2016-09-21,1.232,0.0,000032,易方达信用债A
2016-09-22,1.233,0.0812,000032,易方达信用债A
2016-09-23,1.233,0.0,000032,易方达信用债A
2016-09-26,1.234,0.0811,000032,易方达信用债A
2016-09-27,1.235,0.081,000032,易方达信用债A
2016-09-28,1.235,0.0,000032,易方达信用债A
2016-09-29,1.235,0.0,000032,易方达信用债A
2016-09-30,1.235,0.0,000032,易方达信用债A
2016-10-10,1.237,0.1619,000032,易方达信用债A
2016-10-11,1.237,0.0,000032,易方达信用债A
2016-10-12,1.237,0.0,000032,易方达信用债A
2016-10-13,1.238,0.0808,000032,易方达信用债A
2016-10-14,1.238,0.0,000032,易方达信用债A
2016-10-17,1.239,0.0808,000032,易方达信用债A
2016-10-18,1.239,0.0,000032,易方达信用债A
2016-10-19,1.239,0.0,000032,易方达信用债A
2016-10-20,1.24,0.0807,000032,易方达信用债A
2016-10-21,1.24,0.0,000032,易方达信用债A
2016-10-24,1.24,0.0,000032,易方达信用债A
2016-10-25,1.24,0.0,000032,易方达信用债A
2016-10-26,1.239,-0.0806,000032,易方达信用债A
2016-10-27,1.238,-0.0807,000032,易方达信用债A
2016-10-28,1.239,0.0808,000032,易方达信用债A
2016-10-31,1.238,-0.0807,000032,易方达信用债A
2016-11-01,1.238,0.0,000032,易方达信用债A
2016-11-02,1.239,0.0808,000032,易方达信用债A
2016-11-03,1.239,0.0,000032,易方达信用债A
2016-11-04,1.239,0.0,000032,易方达信用债A
2016-11-07,1.239,0.0,000032,易方达信用债A
2016-11-08,1.239,0.0,000032,易方达信用债A
2016-11-09,1.239,0.0,000032,易方达信用债A
2016-11-10,1.239,0.0,000032,易方达信用债A
2016-11-11,1.238,-0.0807,000032,易方达信用债A
2016-11-14,1.237,-0.0808,000032,易方达信用债A
2016-11-15,1.237,0.0,000032,易方达信用债A
2016-11-16,1.236,-0.0808,000032,易方达信用债A
2016-11-17,1.235,-0.0809,000032,易方达信用债A
2016-11-18,1.235,0.0,000032,易方达信用债A
2016-11-21,1.235,0.0,000032,易方达信用债A
2016-11-22,1.235,0.0,000032,易方达信用债A
2016-11-23,1.235,0.0,000032,易方达信用债A
2016-11-24,1.235,0.0,000032,易方达信用债A
2016-11-25,1.235,0.0,000032,易方达信用债A
2016-11-28,1.235,0.0,000032,易方达信用债A
2016-11-29,1.234,-0.081,000032,易方达信用债A
2016-11-30,1.232,-0.1621,000032,易方达信用债A
2016-12-01,1.23,-0.1623,000032,易方达信用债A
2016-12-02,1.229,-0.0813,000032,易方达信用债A
2016-12-05,1.229,0.0,000032,易方达信用债A
2016-12-06,1.227,-0.1627,000032,易方达信用债A
2016-12-07,1.226,-0.0815,000032,易方达信用债A
2016-12-08,1.227,0.0816,000032,易方达信用债A
2016-12-09,1.227,0.0,000032,易方达信用债A
2016-12-12,1.226,-0.0815,000032,易方达信用债A
2016-12-13,1.224,-0.1631,000032,易方达信用债A
2016-12-14,1.222,-0.1634,000032,易方达信用债A
2016-12-15,1.217,-0.4092,000032,易方达信用债A
2016-12-16,1.216,-0.0822,000032,易方达信用债A
2016-12-19,1.214,-0.1645,000032,易方达信用债A
2016-12-20,1.211,-0.2471,000032,易方达信用债A
2016-12-21,1.211,0.0,000032,易方达信用债A
2016-12-22,1.213,0.1652,000032,易方达信用债A
2016-12-23,1.215,0.1649,000032,易方达信用债A
2016-12-26,1.216,0.0823,000032,易方达信用债A
2016-12-27,1.217,0.0822,000032,易方达信用债A
2016-12-28,1.218,0.0822,000032,易方达信用债A
2016-12-29,1.219,0.0821,000032,易方达信用债A
2016-12-30,1.221,0.1641,000032,易方达信用债A
2016-12-31,1.221,0.0,000032,易方达信用债A
2017-01-03,1.222,0.0819,000032,易方达信用债A
2017-01-04,1.223,0.0818,000032,易方达信用债A
2017-01-05,1.223,0.0,000032,易方达信用债A
2017-01-06,1.223,0.0,000032,易方达信用债A
2017-01-09,1.223,0.0,000032,易方达信用债A
2017-01-10,1.224,0.0818,000032,易方达信用债A
2017-01-11,1.225,0.0817,000032,易方达信用债A
2017-01-12,1.226,0.0816,000032,易方达信用债A
2017-01-13,1.226,0.0,000032,易方达信用债A
2017-01-16,1.227,0.0816,000032,易方达信用债A
2017-01-17,1.225,-0.163,000032,易方达信用债A
2017-01-18,1.224,-0.0816,000032,易方达信用债A
2017-01-19,1.223,-0.0817,000032,易方达信用债A
2017-01-20,1.224,0.0818,000032,易方达信用债A
2017-01-23,1.225,0.0817,000032,易方达信用债A
2017-01-24,1.225,0.0,000032,易方达信用债A
2017-01-25,1.224,-0.0816,000032,易方达信用债A
2017-01-26,1.225,0.0817,000032,易方达信用债A
2017-02-03,1.224,-0.0816,000032,易方达信用债A
2017-02-06,1.223,-0.0817,000032,易方达信用债A
2017-02-07,1.222,-0.0818,000032,易方达信用债A
2017-02-08,1.221,-0.0818,000032,易方达信用债A
2017-02-09,1.222,0.0819,000032,易方达信用债A
2017-02-10,1.222,0.0,000032,易方达信用债A
2017-02-13,1.222,0.0,000032,易方达信用债A
2017-02-14,1.223,0.0818,000032,易方达信用债A
2017-02-15,1.223,0.0,000032,易方达信用债A
2017-02-16,1.223,0.0,000032,易方达信用债A
2017-02-17,1.223,0.0,000032,易方达信用债A
2017-02-20,1.223,0.0,000032,易方达信用债A
2017-02-21,1.224,0.0818,000032,易方达信用债A
2017-02-22,1.224,0.0,000032,易方达信用债A
2017-02-23,1.224,0.0,000032,易方达信用债A
2017-02-24,1.224,0.0,000032,易方达信用债A
2017-02-27,1.225,0.0817,000032,易方达信用债A
2017-02-28,1.225,0.0,000032,易方达信用债A
2017-03-01,1.225,0.0,000032,易方达信用债A
2017-03-02,1.225,0.0,000032,易方达信用债A
2017-03-03,1.224,-0.0816,000032,易方达信用债A
2017-03-06,1.224,0.0,000032,易方达信用债A
2017-03-07,1.224,0.0,000032,易方达信用债A
2017-03-08,1.224,0.0,000032,易方达信用债A
2017-03-09,1.223,-0.0817,000032,易方达信用债A
2017-03-10,1.223,0.0,000032,易方达信用债A
2017-03-13,1.223,0.0,000032,易方达信用债A
2017-03-14,1.222,-0.0818,000032,易方达信用债A
2017-03-15,1.223,0.0818,000032,易方达信用债A
2017-03-16,1.224,0.0818,000032,易方达信用债A
2017-03-17,1.224,0.0,000032,易方达信用债A
2017-03-20,1.224,0.0,000032,易方达信用债A
2017-03-21,1.224,0.0,000032,易方达信用债A
2017-03-22,1.224,0.0,000032,易方达信用债A
2017-03-23,1.225,0.0817,000032,易方达信用债A
2017-03-24,1.226,0.0816,000032,易方达信用债A
2017-03-27,1.227,0.0816,000032,易方达信用债A
2017-03-28,1.228,0.0815,000032,易方达信用债A
2017-03-29,1.228,0.0,000032,易方达信用债A
2017-03-30,1.228,0.0,000032,易方达信用债A
2017-03-31,1.228,0.0,000032,易方达信用债A
2017-04-05,1.229,0.0814,000032,易方达信用债A
2017-04-06,1.229,0.0,000032,易方达信用债A
2017-04-07,1.23,0.0814,000032,易方达信用债A
2017-04-10,1.23,0.0,000032,易方达信用债A
2017-04-11,1.231,0.0813,000032,易方达信用债A
2017-04-12,1.231,0.0,000032,易方达信用债A
2017-04-13,1.231,0.0,000032,易方达信用债A
2017-04-14,1.23,-0.0812,000032,易方达信用债A
2017-04-17,1.229,-0.0813,000032,易方达信用债A
2017-04-18,1.229,0.0,000032,易方达信用债A
2017-04-19,1.228,-0.0814,000032,易方达信用债A
2017-04-20,1.227,-0.0814,000032,易方达信用债A
2017-04-21,1.226,-0.0815,000032,易方达信用债A
2017-04-24,1.225,-0.0816,000032,易方达信用债A
2017-04-25,1.225,0.0,000032,易方达信用债A
2017-04-26,1.225,0.0,000032,易方达信用债A
2017-04-27,1.225,0.0,000032,易方达信用债A
2017-04-28,1.226,0.0816,000032,易方达信用债A
2017-05-02,1.226,0.0,000032,易方达信用债A
2017-05-03,1.226,0.0,000032,易方达信用债A
2017-05-04,1.225,-0.0816,000032,易方达信用债A
2017-05-05,1.225,0.0,000032,易方达信用债A
2017-05-08,1.224,-0.0816,000032,易方达信用债A
2017-05-09,1.224,0.0,000032,易方达信用债A
2017-05-10,1.222,-0.1634,000032,易方达信用债A
2017-05-11,1.221,-0.0818,000032,易方达信用债A
2017-05-12,1.221,0.0,000032,易方达信用债A
2017-05-15,1.222,0.0819,000032,易方达信用债A
2017-05-16,1.221,-0.0818,000032,易方达信用债A
2017-05-17,1.221,0.0,000032,易方达信用债A
2017-05-18,1.221,0.0,000032,易方达信用债A
2017-05-19,1.221,0.0,000032,易方达信用债A
2017-05-22,1.221,0.0,000032,易方达信用债A
2017-05-23,1.221,0.0,000032,易方达信用债A
2017-05-24,1.221,0.0,000032,易方达信用债A
2017-05-25,1.221,0.0,000032,易方达信用债A
2017-05-26,1.221,0.0,000032,易方达信用债A
2017-05-31,1.222,0.0819,000032,易方达信用债A
2017-06-01,1.221,-0.0818,000032,易方达信用债A
2017-06-02,1.222,0.0819,000032,易方达信用债A
2017-06-05,1.222,0.0,000032,易方达信用债A
2017-06-06,1.222,0.0,000032,易方达信用债A
2017-06-07,1.222,0.0,000032,易方达信用债A
2017-06-08,1.222,0.0,000032,易方达信用债A
2017-06-09,1.222,0.0,000032,易方达信用债A
2017-06-12,1.223,0.0818,000032,易方达信用债A
2017-06-13,1.224,0.0818,000032,易方达信用债A
2017-06-14,1.226,0.1634,000032,易方达信用债A
2017-06-15,1.226,0.0,000032,易方达信用债A
2017-06-16,1.227,0.0816,000032,易方达信用债A
2017-06-19,1.23,0.2445,000032,易方达信用债A
2017-06-20,1.231,0.0813,000032,易方达信用债A
2017-06-21,1.231,0.0,000032,易方达信用债A
2017-06-22,1.231,0.0,000032,易方达信用债A
2017-06-23,1.232,0.0812,000032,易方达信用债A
2017-06-26,1.233,0.0812,000032,易方达信用债A
2017-06-27,1.234,0.0811,000032,易方达信用债A
2017-06-28,1.234,0.0,000032,易方达信用债A
2017-06-29,1.235,0.081,000032,易方达信用债A
2017-06-30,1.235,0.0,000032,易方达信用债A
2017-07-03,1.235,0.0,000032,易方达信用债A
2017-07-04,1.236,0.081,000032,易方达信用债A
2017-07-05,1.236,0.0,000032,易方达信用债A
2017-07-06,1.237,0.0809,000032,易方达信用债A
2017-07-07,1.237,0.0,000032,易方达信用债A
2017-07-10,1.238,0.0808,000032,易方达信用债A
2017-07-11,1.238,0.0,000032,易方达信用债A
2017-07-12,1.239,0.0808,000032,易方达信用债A
2017-07-13,1.239,0.0,000032,易方达信用债A
2017-07-14,1.24,0.0807,000032,易方达信用债A
2017-07-17,1.241,0.0806,000032,易方达信用债A
2017-07-18,1.24,-0.0806,000032,易方达信用债A
2017-07-19,1.239,-0.0806,000032,易方达信用债A
2017-07-20,1.239,0.0,000032,易方达信用债A
2017-07-21,1.239,0.0,000032,易方达信用债A
2017-07-24,1.239,0.0,000032,易方达信用债A
2017-07-25,1.238,-0.0807,000032,易方达信用债A
2017-07-26,1.238,0.0,000032,易方达信用债A
2017-07-27,1.238,0.0,000032,易方达信用债A
2017-07-28,1.238,0.0,000032,易方达信用债A
2017-07-31,1.238,0.0,000032,易方达信用债A
2017-08-01,1.238,0.0,000032,易方达信用债A
2017-08-02,1.238,0.0,000032,易方达信用债A
2017-08-03,1.238,0.0,000032,易方达信用债A
2017-08-04,1.239,0.0808,000032,易方达信用债A
2017-08-07,1.238,-0.0807,000032,易方达信用债A
2017-08-08,1.238,0.0,000032,易方达信用债A
2017-08-09,1.238,0.0,000032,易方达信用债A
2017-08-10,1.238,0.0,000032,易方达信用债A
2017-08-11,1.238,0.0,000032,易方达信用债A
2017-08-14,1.239,0.0808,000032,易方达信用债A
2017-08-15,1.239,0.0,000032,易方达信用债A
2017-08-16,1.239,0.0,000032,易方达信用债A
2017-08-17,1.239,0.0,000032,易方达信用债A
2017-08-18,1.239,0.0,000032,易方达信用债A
2017-08-21,1.238,-0.0807,000032,易方达信用债A
2017-08-22,1.238,0.0,000032,易方达信用债A
2017-08-23,1.238,0.0,000032,易方达信用债A
2017-08-24,1.237,-0.0808,000032,易方达信用债A
2017-08-25,1.237,0.0,000032,易方达信用债A
2017-08-28,1.237,0.0,000032,易方达信用债A
2017-08-29,1.236,-0.0808,000032,易方达信用债A
2017-08-30,1.235,-0.0809,000032,易方达信用债A
2017-08-31,1.235,0.0,000032,易方达信用债A
2017-09-01,1.236,0.081,000032,易方达信用债A
2017-09-04,1.236,0.0,000032,易方达信用债A
2017-09-05,1.236,0.0,000032,易方达信用债A
2017-09-06,1.236,0.0,000032,易方达信用债A
2017-09-07,1.237,0.0809,000032,易方达信用债A
2017-09-08,1.238,0.0808,000032,易方达信用债A
2017-09-11,1.239,0.0808,000032,易方达信用债A
2017-09-12,1.239,0.0,000032,易方达信用债A
2017-09-13,1.239,0.0,000032,易方达信用债A
2017-09-14,1.24,0.0807,000032,易方达信用债A
2017-09-15,1.24,0.0,000032,易方达信用债A
2017-09-18,1.24,0.0,000032,易方达信用债A
2017-09-19,1.241,0.0806,000032,易方达信用债A
2017-09-20,1.241,0.0,000032,易方达信用债A
2017-09-21,1.241,0.0,000032,易方达信用债A
2017-09-22,1.241,0.0,000032,易方达信用债A
2017-09-25,1.241,0.0,000032,易方达信用债A
2017-09-26,1.241,0.0,000032,易方达信用债A
2017-09-27,1.241,0.0,000032,易方达信用债A
2017-09-28,1.241,0.0,000032,易方达信用债A
2017-09-29,1.242,0.0806,000032,易方达信用债A
2017-10-09,1.242,0.0,000032,易方达信用债A
2017-10-10,1.242,0.0,000032,易方达信用债A
2017-10-11,1.243,0.0805,000032,易方达信用债A
2017-10-12,1.242,-0.0805,000032,易方达信用债A
2017-10-13,1.243,0.0805,000032,易方达信用债A
2017-10-16,1.242,-0.0805,000032,易方达信用债A
2017-10-17,1.241,-0.0805,000032,易方达信用债A
2017-10-18,1.241,0.0,000032,易方达信用债A
2017-10-19,1.242,0.0806,000032,易方达信用债A
2017-10-20,1.242,0.0,000032,易方达信用债A
2017-10-23,1.242,0.0,000032,易方达信用债A
2017-10-24,1.242,0.0,000032,易方达信用债A
2017-10-25,1.241,-0.0805,000032,易方达信用债A
2017-10-26,1.24,-0.0806,000032,易方达信用债A
2017-10-27,1.239,-0.0806,000032,易方达信用债A
2017-10-30,1.236,-0.2421,000032,易方达信用债A
2017-10-31,1.236,0.0,000032,易方达信用债A
2017-11-01,1.237,0.0809,000032,易方达信用债A
2017-11-02,1.236,-0.0808,000032,易方达信用债A
2017-11-03,1.236,0.0,000032,易方达信用债A
2017-11-06,1.236,0.0,000032,易方达信用债A
2017-11-07,1.235,-0.0809,000032,易方达信用债A
2017-11-08,1.235,0.0,000032,易方达信用债A
2017-11-09,1.235,0.0,000032,易方达信用债A
2017-11-10,1.235,0.0,000032,易方达信用债A
2017-11-13,1.233,-0.1619,000032,易方达信用债A
2017-11-14,1.232,-0.0811,000032,易方达信用债A
2017-11-15,1.232,0.0,000032,易方达信用债A
2017-11-16,1.233,0.0812,000032,易方达信用债A
2017-11-17,1.233,0.0,000032,易方达信用债A
2017-11-20,1.233,0.0,000032,易方达信用债A
2017-11-21,1.232,-0.0811,000032,易方达信用债A
2017-11-22,1.228,-0.3247,000032,易方达信用债A
2017-11-23,1.227,-0.0814,000032,易方达信用债A
2017-11-24,1.229,0.163,000032,易方达信用债A
2017-11-27,1.229,0.0,000032,易方达信用债A
2017-11-28,1.228,-0.0814,000032,易方达信用债A
2017-11-29,1.229,0.0814,000032,易方达信用债A
2017-11-30,1.229,0.0,000032,易方达信用债A
2017-12-01,1.229,0.0,000032,易方达信用债A
2017-12-04,1.23,0.0814,000032,易方达信用债A
2017-12-05,1.231,0.0813,000032,易方达信用债A
2017-12-06,1.232,0.0812,000032,易方达信用债A
2017-12-07,1.232,0.0,000032,易方达信用债A
2017-12-08,1.232,0.0,000032,易方达信用债A
2017-12-11,1.231,-0.0812,000032,易方达信用债A
2017-12-12,1.231,0.0,000032,易方达信用债A
2017-12-13,1.231,0.0,000032,易方达信用债A
2017-12-14,1.232,0.0812,000032,易方达信用债A
2017-12-15,1.232,0.0,000032,易方达信用债A
2017-12-18,1.232,0.0,000032,易方达信用债A
2017-12-19,1.232,0.0,000032,易方达信用债A
2017-12-20,1.232,0.0,000032,易方达信用债A
2017-12-21,1.231,-0.0812,000032,易方达信用债A
2017-12-22,1.231,0.0,000032,易方达信用债A
2017-12-25,1.232,0.0812,000032,易方达信用债A
2017-12-26,1.232,0.0,000032,易方达信用债A
2017-12-27,1.232,0.0,000032,易方达信用债A
2017-12-28,1.232,0.0,000032,易方达信用债A
2017-12-29,1.232,0.0,000032,易方达信用债A
2017-12-31,1.233,0.0,000032,易方达信用债A
2018-01-02,1.234,0.1623,000032,易方达信用债A
2018-01-03,1.235,0.081,000032,易方达信用债A
2018-01-04,1.235,0.0,000032,易方达信用债A
2018-01-05,1.235,0.0,000032,易方达信用债A
2018-01-08,1.236,0.081,000032,易方达信用债A
2018-01-09,1.236,0.0,000032,易方达信用债A
2018-01-10,1.237,0.0809,000032,易方达信用债A
2018-01-11,1.236,-0.0808,000032,易方达信用债A
2018-01-12,1.236,0.0,000032,易方达信用债A
2018-01-15,1.237,0.0809,000032,易方达信用债A
2018-01-16,1.237,0.0,000032,易方达信用债A
2018-01-17,1.237,0.0,000032,易方达信用债A
2018-01-18,1.237,0.0,000032,易方达信用债A
2018-01-19,1.237,0.0,000032,易方达信用债A
2018-01-22,1.237,0.0,000032,易方达信用债A
2018-01-23,1.237,0.0,000032,易方达信用债A
2018-01-24,1.237,0.0,000032,易方达信用债A
2018-01-25,1.238,0.0808,000032,易方达信用债A
2018-01-26,1.238,0.0,000032,易方达信用债A
2018-01-29,1.238,0.0,000032,易方达信用债A
2018-01-30,1.238,0.0,000032,易方达信用债A
2018-01-31,1.239,0.0808,000032,易方达信用债A
2018-02-01,1.239,0.0,000032,易方达信用债A
2018-02-02,1.239,0.0,000032,易方达信用债A
2018-02-05,1.24,0.0807,000032,易方达信用债A
2018-02-06,1.241,0.0806,000032,易方达信用债A
2018-02-07,1.241,0.0,000032,易方达信用债A
2018-02-08,1.241,0.0,000032,易方达信用债A
2018-02-09,1.241,0.0,000032,易方达信用债A
2018-02-12,1.242,0.0806,000032,易方达信用债A
2018-02-13,1.243,0.0805,000032,易方达信用债A
2018-02-14,1.243,0.0,000032,易方达信用债A
2018-02-22,1.245,0.1609,000032,易方达信用债A
2018-02-23,1.245,0.0,000032,易方达信用债A
2018-02-26,1.246,0.0803,000032,易方达信用债A
2018-02-27,1.246,0.0,000032,易方达信用债A
2018-02-28,1.246,0.0,000032,易方达信用债A
2018-03-01,1.247,0.0803,000032,易方达信用债A
2018-03-02,1.247,0.0,000032,易方达信用债A
2018-03-05,1.247,0.0,000032,易方达信用债A
2018-03-06,1.248,0.0802,000032,易方达信用债A
2018-03-07,1.248,0.0,000032,易方达信用债A
2018-03-08,1.249,0.0801,000032,易方达信用债A
2018-03-09,1.249,0.0,000032,易方达信用债A
2018-03-12,1.249,0.0,000032,易方达信用债A
2018-03-13,1.249,0.0,000032,易方达信用债A
2018-03-14,1.249,0.0,000032,易方达信用债A
2018-03-15,1.249,0.0,000032,易方达信用债A
2018-03-16,1.249,0.0,000032,易方达信用债A
2018-03-19,1.25,0.0801,000032,易方达信用债A
2018-03-20,1.25,0.0,000032,易方达信用债A
2018-03-21,1.251,0.08,000032,易方达信用债A
2018-03-22,1.252,0.0799,000032,易方达信用债A
2018-03-23,1.254,0.1597,000032,易方达信用债A
2018-03-26,1.255,0.0797,000032,易方达信用债A
2018-03-27,1.254,-0.0797,000032,易方达信用债A
2018-03-28,1.255,0.0797,000032,易方达信用债A
2018-03-29,1.255,0.0,000032,易方达信用债A
2018-03-30,1.256,0.0797,000032,易方达信用债A
2018-04-02,1.257,0.0796,000032,易方达信用债A
2018-04-03,1.258,0.0796,000032,易方达信用债A
2018-04-04,1.26,0.159,000032,易方达信用债A
2018-04-09,1.262,0.1587,000032,易方达信用债A
2018-04-10,1.262,0.0,000032,易方达信用债A
2018-04-11,1.263,0.0792,000032,易方达信用债A
2018-04-12,1.263,0.0,000032,易方达信用债A
2018-04-13,1.263,0.0,000032,易方达信用债A
2018-04-16,1.264,0.0792,000032,易方达信用债A
2018-04-17,1.265,0.0791,000032,易方达信用债A
2018-04-18,1.271,0.4743,000032,易方达信用债A
2018-04-19,1.27,-0.0787,000032,易方达信用债A
2018-04-20,1.27,0.0,000032,易方达信用债A
2018-04-23,1.269,-0.0787,000032,易方达信用债A
2018-04-24,1.269,0.0,000032,易方达信用债A
2018-04-25,1.268,-0.0788,000032,易方达信用债A
2018-04-26,1.268,0.0,000032,易方达信用债A
2018-04-27,1.268,0.0,000032,易方达信用债A
2018-05-02,1.267,-0.0789,000032,易方达信用债A
2018-05-03,1.267,0.0,000032,易方达信用债A
2018-05-04,1.267,0.0,000032,易方达信用债A
2018-05-07,1.268,0.0789,000032,易方达信用债A
2018-05-08,1.268,0.0,000032,易方达信用债A
2018-05-09,1.267,-0.0789,000032,易方达信用债A
2018-05-10,1.267,0.0,000032,易方达信用债A
2018-05-11,1.266,-0.0789,000032,易方达信用债A
2018-05-14,1.267,0.079,000032,易方达信用债A
2018-05-15,1.267,0.0,000032,易方达信用债A
2018-05-16,1.266,-0.0789,000032,易方达信用债A
2018-05-17,1.266,0.0,000032,易方达信用债A
2018-05-18,1.265,-0.079,000032,易方达信用债A
2018-05-21,1.265,0.0,000032,易方达信用债A
2018-05-22,1.266,0.0791,000032,易方达信用债A
2018-05-23,1.266,0.0,000032,易方达信用债A
2018-05-24,1.266,0.0,000032,易方达信用债A
2018-05-25,1.267,0.079,000032,易方达信用债A
2018-05-28,1.267,0.0,000032,易方达信用债A
2018-05-29,1.266,-0.0789,000032,易方达信用债A
2018-05-30,1.267,0.079,000032,易方达信用债A
2018-05-31,1.266,-0.0789,000032,易方达信用债A
2018-06-01,1.266,0.0,000032,易方达信用债A
2018-06-04,1.266,0.0,000032,易方达信用债A
2018-06-05,1.266,0.0,000032,易方达信用债A
2018-06-06,1.267,0.079,000032,易方达信用债A
2018-06-07,1.267,0.0,000032,易方达信用债A
2018-06-08,1.267,0.0,000032,易方达信用债A
2018-06-11,1.267,0.0,000032,易方达信用债A
2018-06-12,1.267,0.0,000032,易方达信用债A
2018-06-13,1.268,0.0789,000032,易方达信用债A
2018-06-14,1.268,0.0,000032,易方达信用债A
2018-06-15,1.268,0.0,000032,易方达信用债A
2018-06-19,1.269,0.0789,000032,易方达信用债A
2018-06-20,1.27,0.0788,000032,易方达信用债A
2018-06-21,1.271,0.0787,000032,易方达信用债A
2018-06-22,1.271,0.0,000032,易方达信用债A
2018-06-25,1.272,0.0787,000032,易方达信用债A
2018-06-26,1.271,-0.0786,000032,易方达信用债A
2018-06-27,1.273,0.1574,000032,易方达信用债A
2018-06-28,1.274,0.0786,000032,易方达信用债A
2018-06-29,1.275,0.0785,000032,易方达信用债A
2018-06-30,1.275,0.0,000032,易方达信用债A
2018-07-02,1.278,0.2353,000032,易方达信用债A
2018-07-03,1.278,0.0,000032,易方达信用债A
2018-07-04,1.279,0.0782,000032,易方达信用债A
2018-07-05,1.281,0.1564,000032,易方达信用债A
2018-07-06,1.281,0.0,000032,易方达信用债A
2018-07-09,1.281,0.0,000032,易方达信用债A
2018-07-10,1.281,0.0,000032,易方达信用债A
2018-07-11,1.281,0.0,000032,易方达信用债A
2018-07-12,1.282,0.0781,000032,易方达信用债A
2018-07-13,1.282,0.0,000032,易方达信用债A
2018-07-16,1.282,0.0,000032,易方达信用债A
2018-07-17,1.283,0.078,000032,易方达信用债A
2018-07-18,1.284,0.0779,000032,易方达信用债A
2018-07-19,1.286,0.1558,000032,易方达信用债A
2018-07-20,1.286,0.0,000032,易方达信用债A
2018-07-23,1.288,0.1555,000032,易方达信用债A
2018-07-24,1.288,0.0,000032,易方达信用债A
2018-07-25,1.289,0.0776,000032,易方达信用债A
2018-07-26,1.29,0.0776,000032,易方达信用债A
2018-07-27,1.291,0.0775,000032,易方达信用债A
2018-07-30,1.293,0.1549,000032,易方达信用债A
2018-07-31,1.295,0.1547,000032,易方达信用债A
2018-08-01,1.295,0.0,000032,易方达信用债A
2018-08-02,1.296,0.0772,000032,易方达信用债A
2018-08-03,1.298,0.1543,000032,易方达信用债A
2018-08-06,1.299,0.077,000032,易方达信用债A
2018-08-07,1.301,0.154,000032,易方达信用债A
2018-08-08,1.301,0.0,000032,易方达信用债A
2018-08-09,1.299,-0.1537,000032,易方达信用债A
2018-08-10,1.297,-0.154,000032,易方达信用债A
2018-08-13,1.296,-0.0771,000032,易方达信用债A
2018-08-14,1.295,-0.0772,000032,易方达信用债A
2018-08-15,1.296,0.0772,000032,易方达信用债A
2018-08-16,1.295,-0.0772,000032,易方达信用债A
2018-08-17,1.294,-0.0772,000032,易方达信用债A
2018-08-20,1.292,-0.1546,000032,易方达信用债A
2018-08-21,1.291,-0.0774,000032,易方达信用债A
2018-08-22,1.292,0.0775,000032,易方达信用债A
2018-08-23,1.293,0.0774,000032,易方达信用债A
2018-08-24,1.294,0.0773,000032,易方达信用债A
2018-08-27,1.294,0.0,000032,易方达信用债A
2018-08-28,1.294,0.0,000032,易方达信用债A
2018-08-29,1.293,-0.0773,000032,易方达信用债A
2018-08-30,1.293,0.0,000032,易方达信用债A
2018-08-31,1.294,0.0773,000032,易方达信用债A
2018-09-03,1.294,0.0,000032,易方达信用债A
2018-09-04,1.294,0.0,000032,易方达信用债A
2018-09-05,1.294,0.0,000032,易方达信用债A
2018-09-06,1.294,0.0,000032,易方达信用债A
2018-09-07,1.293,-0.0773,000032,易方达信用债A
2018-09-10,1.293,0.0,000032,易方达信用债A
2018-09-11,1.293,0.0,000032,易方达信用债A
2018-09-12,1.292,-0.0773,000032,易方达信用债A
2018-09-13,1.293,0.0774,000032,易方达信用债A
2018-09-14,1.294,0.0773,000032,易方达信用债A
2018-09-17,1.294,0.0,000032,易方达信用债A
2018-09-18,1.295,0.0773,000032,易方达信用债A
2018-09-19,1.295,0.0,000032,易方达信用债A
2018-09-20,1.294,-0.0772,000032,易方达信用债A
2018-09-21,1.295,0.0773,000032,易方达信用债A
2018-09-25,1.295,0.0,000032,易方达信用债A
2018-09-26,1.296,0.0772,000032,易方达信用债A
2018-09-27,1.297,0.0772,000032,易方达信用债A
2018-09-28,1.297,0.0,000032,易方达信用债A
2018-10-08,1.3,0.2313,000032,易方达信用债A
2018-10-09,1.301,0.0769,000032,易方达信用债A
2018-10-10,1.302,0.0769,000032,易方达信用债A
2018-10-11,1.304,0.1536,000032,易方达信用债A
2018-10-12,1.305,0.0767,000032,易方达信用债A
2018-10-15,1.306,0.0766,000032,易方达信用债A
2018-10-16,1.307,0.0766,000032,易方达信用债A
2018-10-17,1.307,0.0,000032,易方达信用债A
2018-10-18,1.308,0.0765,000032,易方达信用债A
2018-10-19,1.308,0.0,000032,易方达信用债A
2018-10-22,1.308,0.0,000032,易方达信用债A
2018-10-23,1.309,0.0765,000032,易方达信用债A
2018-10-24,1.309,0.0,000032,易方达信用债A
2018-10-25,1.31,0.0764,000032,易方达信用债A
2018-10-26,1.31,0.0,000032,易方达信用债A
2018-10-29,1.312,0.1527,000032,易方达信用债A
2018-10-30,1.312,0.0,000032,易方达信用债A
2018-10-31,1.312,0.0,000032,易方达信用债A
2018-11-01,1.313,0.0762,000032,易方达信用债A
2018-11-02,1.312,-0.0762,000032,易方达信用债A
2018-11-05,1.313,0.0762,000032,易方达信用债A
2018-11-06,1.314,0.0762,000032,易方达信用债A
2018-11-07,1.314,0.0,000032,易方达信用债A
2018-11-08,1.315,0.0761,000032,易方达信用债A
2018-11-09,1.316,0.076,000032,易方达信用债A
2018-11-12,1.316,0.0,000032,易方达信用债A
2018-11-13,1.316,0.0,000032,易方达信用债A
2018-11-14,1.319,0.228,000032,易方达信用债A
2018-11-15,1.32,0.0758,000032,易方达信用债A
2018-11-16,1.323,0.2273,000032,易方达信用债A
2018-11-19,1.324,0.0756,000032,易方达信用债A
2018-11-20,1.325,0.0755,000032,易方达信用债A
2018-11-21,1.325,0.0,000032,易方达信用债A
2018-11-22,1.325,0.0,000032,易方达信用债A
2018-11-23,1.325,0.0,000032,易方达信用债A
2018-11-26,1.325,0.0,000032,易方达信用债A
2018-11-27,1.325,0.0,000032,易方达信用债A
2018-11-28,1.325,0.0,000032,易方达信用债A
2018-11-29,1.326,0.0755,000032,易方达信用债A
2018-11-30,1.326,0.0,000032,易方达信用债A
2018-12-03,1.327,0.0754,000032,易方达信用债A
2018-12-04,1.328,0.0754,000032,易方达信用债A
2018-12-05,1.329,0.0753,000032,易方达信用债A
2018-12-06,1.33,0.0752,000032,易方达信用债A
2018-12-07,1.331,0.0752,000032,易方达信用债A
2018-12-10,1.332,0.0751,000032,易方达信用债A
2018-12-11,1.332,0.0,000032,易方达信用债A
2018-12-12,1.333,0.0751,000032,易方达信用债A
2018-12-13,1.332,-0.075,000032,易方达信用债A
2018-12-14,1.331,-0.0751,000032,易方达信用债A
2018-12-17,1.329,-0.1503,000032,易方达信用债A
2018-12-18,1.328,-0.0752,000032,易方达信用债A
2018-12-19,1.329,0.0753,000032,易方达信用债A
2018-12-20,1.331,0.1505,000032,易方达信用债A
2018-12-21,1.331,0.0,000032,易方达信用债A
2018-12-24,1.332,0.0751,000032,易方达信用债A
2018-12-25,1.332,0.0,000032,易方达信用债A
2018-12-26,1.332,0.0,000032,易方达信用债A
2018-12-27,1.334,0.1502,000032,易方达信用债A
2018-12-28,1.336,0.1499,000032,易方达信用债A
2018-12-31,1.336,0.0,000032,易方达信用债A
2019-01-02,1.339,0.2246,000032,易方达信用债A
2019-01-03,1.341,0.1494,000032,易方达信用债A
2019-01-04,1.342,0.0746,000032,易方达信用债A
2019-01-07,1.344,0.149,000032,易方达信用债A
2019-01-08,1.346,0.1488,000032,易方达信用债A
2019-01-09,1.347,0.0743,000032,易方达信用债A
2019-01-10,1.348,0.0742,000032,易方达信用债A
2019-01-11,1.348,0.0,000032,易方达信用债A
2019-01-14,1.348,0.0,000032,易方达信用债A
2019-01-15,1.348,0.0,000032,易方达信用债A
2019-01-16,1.348,0.0,000032,易方达信用债A
2019-01-17,1.349,0.0742,000032,易方达信用债A
2019-01-18,1.35,0.0741,000032,易方达信用债A
2019-01-21,1.35,0.0,000032,易方达信用债A
2019-01-22,1.349,-0.0741,000032,易方达信用债A
2019-01-23,1.349,0.0,000032,易方达信用债A
2019-01-24,1.349,0.0,000032,易方达信用债A
2019-01-25,1.348,-0.0741,000032,易方达信用债A
2019-01-28,1.348,0.0,000032,易方达信用债A
2019-01-29,1.348,0.0,000032,易方达信用债A
2019-01-30,1.348,0.0,000032,易方达信用债A
2019-01-31,1.349,0.0742,000032,易方达信用债A
2019-02-01,1.35,0.0741,000032,易方达信用债A
2019-02-11,1.351,0.0741,000032,易方达信用债A
2019-02-12,1.352,0.074,000032,易方达信用债A
2019-02-13,1.352,0.0,000032,易方达信用债A
2019-02-14,1.353,0.074,000032,易方达信用债A
2019-02-15,1.354,0.0739,000032,易方达信用债A
2019-02-18,1.354,0.0,000032,易方达信用债A
2019-02-19,1.354,0.0,000032,易方达信用债A
2019-02-20,1.354,0.0,000032,易方达信用债A
2019-02-21,1.354,0.0,000032,易方达信用债A
2019-02-22,1.354,0.0,000032,易方达信用债A
2019-02-25,1.354,0.0,000032,易方达信用债A
2019-02-26,1.352,-0.1477,000032,易方达信用债A
2019-02-27,1.351,-0.074,000032,易方达信用债A
2019-02-28,1.352,0.074,000032,易方达信用债A
2019-03-01,1.351,-0.074,000032,易方达信用债A
2019-03-04,1.35,-0.074,000032,易方达信用债A
2019-03-05,1.187,0.0,000032,易方达信用债A
2019-03-06,1.187,0.0,000032,易方达信用债A
2019-03-07,1.187,0.0,000032,易方达信用债A
2019-03-08,1.188,0.0842,000032,易方达信用债A
2019-03-11,1.189,0.0842,000032,易方达信用债A
2019-03-12,1.189,0.0,000032,易方达信用债A
2019-03-13,1.189,0.0,000032,易方达信用债A
2019-03-14,1.188,-0.0841,000032,易方达信用债A
2019-03-15,1.188,0.0,000032,易方达信用债A
2019-03-18,1.188,0.0,000032,易方达信用债A
2019-03-19,1.188,0.0,000032,易方达信用债A
2019-03-20,1.188,0.0,000032,易方达信用债A
2019-03-21,1.189,0.0842,000032,易方达信用债A
2019-03-22,1.189,0.0,000032,易方达信用债A
2019-03-25,1.19,0.0841,000032,易方达信用债A
2019-03-26,1.19,0.0,000032,易方达信用债A
2019-03-27,1.191,0.084,000032,易方达信用债A
2019-03-28,1.191,0.0,000032,易方达信用债A
2019-03-29,1.191,0.0,000032,易方达信用债A
2019-04-01,1.192,0.084,000032,易方达信用债A
2019-04-02,1.191,-0.0839,000032,易方达信用债A
2019-04-03,1.19,-0.084,000032,易方达信用债A
2019-04-04,1.19,0.0,000032,易方达信用债A
2019-04-08,1.19,0.0,000032,易方达信用债A
2019-04-09,1.189,-0.084,000032,易方达信用债A
2019-04-10,1.189,0.0,000032,易方达信用债A
2019-04-11,1.189,0.0,000032,易方达信用债A
2019-04-12,1.189,0.0,000032,易方达信用债A
2019-04-15,1.188,-0.0841,000032,易方达信用债A
2019-04-16,1.187,-0.0842,000032,易方达信用债A
2019-04-17,1.187,0.0,000032,易方达信用债A
2019-04-18,1.187,0.0,000032,易方达信用债A
2019-04-19,1.187,0.0,000032,易方达信用债A
2019-04-22,1.188,0.0842,000032,易方达信用债A
2019-04-23,1.188,0.0,000032,易方达信用债A
2019-04-24,1.188,0.0,000032,易方达信用债A
2019-04-25,1.188,0.0,000032,易方达信用债A
2019-04-26,1.188,0.0,000032,易方达信用债A
2019-04-29,1.188,0.0,000032,易方达信用债A
2019-04-30,1.188,0.0,000032,易方达信用债A
2019-05-06,1.19,0.1684,000032,易方达信用债A
2019-05-07,1.19,0.0,000032,易方达信用债A
2019-05-08,1.191,0.084,000032,易方达信用债A
2019-05-09,1.192,0.084,000032,易方达信用债A
2019-05-10,1.193,0.0839,000032,易方达信用债A
2019-05-13,1.194,0.0838,000032,易方达信用债A
2019-05-14,1.194,0.0,000032,易方达信用债A
2019-05-15,1.195,0.0838,000032,易方达信用债A
2019-05-16,1.195,0.0,000032,易方达信用债A
2019-05-17,1.195,0.0,000032,易方达信用债A
2019-05-20,1.196,0.0837,000032,易方达信用债A
2019-05-21,1.196,0.0,000032,易方达信用债A
2019-05-22,1.196,0.0,000032,易方达信用债A
2019-05-23,1.196,0.0,000032,易方达信用债A
2019-05-24,1.196,0.0,000032,易方达信用债A
2019-05-27,1.196,0.0,000032,易方达信用债A
2019-05-28,1.195,-0.0836,000032,易方达信用债A
2019-05-29,1.196,0.0837,000032,易方达信用债A
2019-05-30,1.196,0.0,000032,易方达信用债A
2019-05-31,1.197,0.0836,000032,易方达信用债A
2019-06-03,1.197,0.0,000032,易方达信用债A
2019-06-04,1.198,0.0835,000032,易方达信用债A
2019-06-05,1.198,0.0,000032,易方达信用债A
2019-06-06,1.198,0.0,000032,易方达信用债A
2019-06-10,1.198,0.0,000032,易方达信用债A
2019-06-11,1.198,0.0,000032,易方达信用债A
2019-06-12,1.198,0.0,000032,易方达信用债A
2019-06-13,1.198,0.0,000032,易方达信用债A
2019-06-14,1.197,-0.0835,000032,易方达信用债A
2019-06-17,1.198,0.0835,000032,易方达信用债A
2019-06-18,1.198,0.0,000032,易方达信用债A
2019-06-19,1.198,0.0,000032,易方达信用债A
2019-06-20,1.199,0.0835,000032,易方达信用债A
2019-06-21,1.2,0.0834,000032,易方达信用债A
2019-06-24,1.2,0.0,000032,易方达信用债A
2019-06-25,1.201,0.0833,000032,易方达信用债A
2019-06-26,1.201,0.0,000032,易方达信用债A
2019-06-27,1.201,0.0,000032,易方达信用债A
2019-06-28,1.202,0.0833,000032,易方达信用债A
2019-06-30,1.202,0.0,000032,易方达信用债A
2019-07-01,1.202,0.0,000032,易方达信用债A
2019-07-02,1.203,0.0832,000032,易方达信用债A
2019-07-03,1.204,0.0831,000032,易方达信用债A
2019-07-04,1.205,0.0831,000032,易方达信用债A
2019-07-05,1.205,0.0,000032,易方达信用债A
2019-07-08,1.205,0.0,000032,易方达信用债A
2019-07-09,1.205,0.0,000032,易方达信用债A
2019-07-10,1.206,0.083,000032,易方达信用债A
2019-07-11,1.206,0.0,000032,易方达信用债A
2019-07-12,1.206,0.0,000032,易方达信用债A
2019-07-15,1.206,0.0,000032,易方达信用债A
2019-07-16,1.206,0.0,000032,易方达信用债A
2019-07-17,1.206,0.0,000032,易方达信用债A
2019-07-18,1.206,0.0,000032,易方达信用债A
2019-07-19,1.206,0.0,000032,易方达信用债A
2019-07-22,1.207,0.0829,000032,易方达信用债A
2019-07-23,1.207,0.0,000032,易方达信用债A
2019-07-24,1.207,0.0,000032,易方达信用债A
2019-07-25,1.208,0.0829,000032,易方达信用债A
2019-07-26,1.118,0.0,000032,易方达信用债A
2019-07-29,1.118,0.0,000032,易方达信用债A
2019-07-30,1.119,0.0894,000032,易方达信用债A
2019-07-31,1.119,0.0,000032,易方达信用债A
2019-08-01,1.12,0.0894,000032,易方达信用债A
2019-08-02,1.121,0.0893,000032,易方达信用债A
2019-08-05,1.122,0.0892,000032,易方达信用债A
2019-08-06,1.123,0.0891,000032,易方达信用债A
2019-08-07,1.123,0.0,000032,易方达信用债A
2019-08-08,1.124,0.089,000032,易方达信用债A
2019-08-09,1.125,0.089,000032,易方达信用债A
2019-08-12,1.125,0.0,000032,易方达信用债A
2019-08-13,1.126,0.0889,000032,易方达信用债A
2019-08-14,1.126,0.0,000032,易方达信用债A
2019-08-15,1.127,0.0888,000032,易方达信用债A
2019-08-16,1.127,0.0,000032,易方达信用债A
2019-08-19,1.127,0.0,000032,易方达信用债A
2019-08-20,1.127,0.0,000032,易方达信用债A
2019-08-21,1.127,0.0,000032,易方达信用债A
2019-08-22,1.127,0.0,000032,易方达信用债A
2019-08-23,1.127,0.0,000032,易方达信用债A
2019-08-26,1.127,0.0,000032,易方达信用债A
2019-08-27,1.127,0.0,000032,易方达信用债A
2019-08-28,1.127,0.0,000032,易方达信用债A
2019-08-29,1.127,0.0,000032,易方达信用债A
2019-08-30,1.127,0.0,000032,易方达信用债A
2019-09-02,1.127,0.0,000032,易方达信用债A
2019-09-03,1.127,0.0,000032,易方达信用债A
2019-09-04,1.127,0.0,000032,易方达信用债A
2019-09-05,1.128,0.0887,000032,易方达信用债A
2019-09-06,1.128,0.0,000032,易方达信用债A
2019-09-09,1.129,0.0887,000032,易方达信用债A
2019-09-10,1.129,0.0,000032,易方达信用债A
2019-09-11,1.129,0.0,000032,易方达信用债A
2019-09-12,1.129,0.0,000032,易方达信用债A
2019-09-16,1.129,0.0,000032,易方达信用债A
2019-09-17,1.129,0.0,000032,易方达信用债A
2019-09-18,1.129,0.0,000032,易方达信用债A
2019-09-19,1.129,0.0,000032,易方达信用债A
2019-09-20,1.128,-0.0886,000032,易方达信用债A
2019-09-23,1.128,0.0,000032,易方达信用债A
2019-09-24,1.128,0.0,000032,易方达信用债A
2019-09-25,1.128,0.0,000032,易方达信用债A
2019-09-26,1.128,0.0,000032,易方达信用债A
2019-09-27,1.128,0.0,000032,易方达信用债A
2019-09-30,1.129,0.0887,000032,易方达信用债A
2019-10-08,1.13,0.0886,000032,易方达信用债A
2019-10-09,1.13,0.0,000032,易方达信用债A
2019-10-10,1.13,0.0,000032,易方达信用债A
2019-10-11,1.13,0.0,000032,易方达信用债A
2019-10-14,1.13,0.0,000032,易方达信用债A
2019-10-15,1.13,0.0,000032,易方达信用债A
2019-10-16,1.13,0.0,000032,易方达信用债A
2019-10-17,1.13,0.0,000032,易方达信用债A
2019-10-18,1.13,0.0,000032,易方达信用债A
2019-10-21,1.129,-0.0885,000032,易方达信用债A
2019-10-22,1.129,0.0,000032,易方达信用债A
2019-10-23,1.129,0.0,000032,易方达信用债A
2019-10-24,1.129,0.0,000032,易方达信用债A
2019-10-25,1.129,0.0,000032,易方达信用债A
2019-10-28,1.129,0.0,000032,易方达信用债A
2019-10-29,1.129,0.0,000032,易方达信用债A
2019-10-30,1.128,-0.0886,000032,易方达信用债A
2019-10-31,1.127,-0.0887,000032,易方达信用债A
2019-11-01,1.127,0.0,000032,易方达信用债A
2019-11-04,1.128,0.0887,000032,易方达信用债A
2019-11-05,1.128,0.0,000032,易方达信用债A
2019-11-06,1.128,0.0,000032,易方达信用债A
2019-11-07,1.129,0.0887,000032,易方达信用债A
2019-11-08,1.129,0.0,000032,易方达信用债A
2019-11-11,1.13,0.0886,000032,易方达信用债A
2019-11-12,1.13,0.0,000032,易方达信用债A
2019-11-13,1.13,0.0,000032,易方达信用债A
2019-11-14,1.13,0.0,000032,易方达信用债A
2019-11-15,1.13,0.0,000032,易方达信用债A
2019-11-18,1.131,0.0885,000032,易方达信用债A
2019-11-19,1.131,0.0,000032,易方达信用债A
2019-11-20,1.132,0.0884,000032,易方达信用债A
2019-11-21,1.132,0.0,000032,易方达信用债A
2019-11-22,1.132,0.0,000032,易方达信用债A
2019-11-25,1.133,0.0883,000032,易方达信用债A
2019-11-26,1.133,0.0,000032,易方达信用债A
2019-11-27,1.133,0.0,000032,易方达信用债A
2019-11-28,1.105,0.0,000032,易方达信用债A
2019-11-29,1.105,0.0,000032,易方达信用债A
2019-12-02,1.106,0.0905,000032,易方达信用债A
2019-12-03,1.106,0.0,000032,易方达信用债A
2019-12-04,1.106,0.0,000032,易方达信用债A
2019-12-05,1.106,0.0,000032,易方达信用债A
2019-12-06,1.106,0.0,000032,易方达信用债A
2019-12-09,1.106,0.0,000032,易方达信用债A
2019-12-10,1.107,0.0904,000032,易方达信用债A
2019-12-11,1.107,0.0,000032,易方达信用债A
2019-12-12,1.107,0.0,000032,易方达信用债A
2019-12-13,1.107,0.0,000032,易方达信用债A
2019-12-16,1.107,0.0,000032,易方达信用债A
2019-12-17,1.107,0.0,000032,易方达信用债A
2019-12-18,1.107,0.0,000032,易方达信用债A
2019-12-19,1.107,0.0,000032,易方达信用债A
2019-12-20,1.107,0.0,000032,易方达信用债A
2019-12-23,1.108,0.0903,000032,易方达信用债A
2019-12-24,1.108,0.0,000032,易方达信用债A
2019-12-25,1.108,0.0,000032,易方达信用债A
2019-12-26,1.109,0.0903,000032,易方达信用债A
2019-12-27,1.109,0.0,000032,易方达信用债A
2019-12-30,1.11,0.0902,000032,易方达信用债A
2019-12-31,1.11,0.0,000032,易方达信用债A
2020-01-02,1.11,0.0,000032,易方达信用债A
2020-01-03,1.11,0.0,000032,易方达信用债A
2020-01-06,1.111,0.0901,000032,易方达信用债A
2020-01-07,1.111,0.0,000032,易方达信用债A
2020-01-08,1.112,0.09,000032,易方达信用债A
2020-01-09,1.112,0.0,000032,易方达信用债A
2020-01-10,1.113,0.0899,000032,易方达信用债A
2020-01-13,1.113,0.0,000032,易方达信用债A
2020-01-14,1.113,0.0,000032,易方达信用债A
2020-01-15,1.113,0.0,000032,易方达信用债A
2020-01-16,1.114,0.0898,000032,易方达信用债A
2020-01-17,1.114,0.0,000032,易方达信用债A
2020-01-20,1.114,0.0,000032,易方达信用债A
2020-01-21,1.115,0.0898,000032,易方达信用债A
2020-01-22,1.115,0.0,000032,易方达信用债A
2020-01-23,1.115,0.0,000032,易方达信用债A
2020-02-03,1.119,0.3587,000032,易方达信用债A
2020-02-04,1.119,0.0,000032,易方达信用债A
2020-02-05,1.119,0.0,000032,易方达信用债A
2020-02-06,1.12,0.0894,000032,易方达信用债A
2020-02-07,1.12,0.0,000032,易方达信用债A
2020-02-10,1.121,0.0893,000032,易方达信用债A
2020-02-11,1.121,0.0,000032,易方达信用债A
2020-02-12,1.122,0.0892,000032,易方达信用债A
2020-02-13,1.122,0.0,000032,易方达信用债A
2020-02-14,1.123,0.0891,000032,易方达信用债A
2020-02-17,1.124,0.089,000032,易方达信用债A
2020-02-18,1.124,0.0,000032,易方达信用债A
2020-02-19,1.124,0.0,000032,易方达信用债A
2020-02-20,1.124,0.0,000032,易方达信用债A
2020-02-21,1.125,0.089,000032,易方达信用债A
2020-02-24,1.125,0.0,000032,易方达信用债A
2020-02-25,1.126,0.0889,000032,易方达信用债A
2020-02-26,1.126,0.0,000032,易方达信用债A
2020-02-27,1.127,0.0888,000032,易方达信用债A
2020-02-28,1.127,0.0,000032,易方达信用债A
2020-03-02,1.128,0.0887,000032,易方达信用债A
2020-03-03,1.128,0.0,000032,易方达信用债A
2020-03-04,1.129,0.0887,000032,易方达信用债A
2020-03-05,1.13,0.0886,000032,易方达信用债A
2020-03-06,1.13,0.0,000032,易方达信用债A
2020-03-09,1.133,0.2655,000032,易方达信用债A
2020-03-10,1.132,-0.0883,000032,易方达信用债A
2020-03-11,1.131,-0.0883,000032,易方达信用债A
2020-03-12,1.131,0.0,000032,易方达信用债A
2020-03-13,1.129,-0.1768,000032,易方达信用债A
2020-03-16,1.129,0.0,000032,易方达信用债A
2020-03-17,1.127,-0.1771,000032,易方达信用债A
2020-03-18,1.127,0.0,000032,易方达信用债A
2020-03-19,1.127,0.0,000032,易方达信用债A
2020-03-20,1.128,0.0887,000032,易方达信用债A
2020-03-23,1.13,0.1773,000032,易方达信用债A
2020-03-24,1.131,0.0885,000032,易方达信用债A
2020-03-25,1.131,0.0,000032,易方达信用债A
2020-03-26,1.132,0.0884,000032,易方达信用债A
2020-03-27,1.133,0.0883,000032,易方达信用债A
2020-03-30,1.133,0.0,000032,易方达信用债A
2020-03-31,1.134,0.0883,000032,易方达信用债A
2020-04-01,1.135,0.0882,000032,易方达信用债A
2020-04-02,1.116,0.0,000032,易方达信用债A
2020-04-03,1.116,0.0,000032,易方达信用债A
2020-04-07,1.121,0.448,000032,易方达信用债A
2020-04-08,1.124,0.2676,000032,易方达信用债A
2020-04-09,1.125,0.089,000032,易方达信用债A
2020-04-10,1.124,-0.0889,000032,易方达信用债A
2020-04-13,1.124,0.0,000032,易方达信用债A
2020-04-14,1.124,0.0,000032,易方达信用债A
2020-04-15,1.125,0.089,000032,易方达信用债A
2020-04-16,1.126,0.0889,000032,易方达信用债A
2020-04-17,1.126,0.0,000032,易方达信用债A
2020-04-20,1.126,0.0,000032,易方达信用债A
2020-04-21,1.126,0.0,000032,易方达信用债A
2020-04-22,1.127,0.0888,000032,易方达信用债A
2020-04-23,1.129,0.1775,000032,易方达信用债A
2020-04-24,1.13,0.0886,000032,易方达信用债A
2020-04-27,1.13,0.0,000032,易方达信用债A
2020-04-28,1.13,0.0,000032,易方达信用债A
2020-04-29,1.131,0.0885,000032,易方达信用债A
2020-04-30,1.131,0.0,000032,易方达信用债A
2020-05-06,1.131,0.0,000032,易方达信用债A
2020-05-07,1.129,-0.1768,000032,易方达信用债A
2020-05-08,1.128,-0.0886,000032,易方达信用债A
2020-05-11,1.126,-0.1773,000032,易方达信用债A
2020-05-12,1.125,-0.0888,000032,易方达信用债A
2020-05-13,1.125,0.0,000032,易方达信用债A
2020-05-14,1.125,0.0,000032,易方达信用债A
2020-05-15,1.125,0.0,000032,易方达信用债A
2020-05-18,1.125,0.0,000032,易方达信用债A
2020-05-19,1.125,0.0,000032,易方达信用债A
2020-05-20,1.125,0.0,000032,易方达信用债A
2020-05-21,1.125,0.0,000032,易方达信用债A
2020-05-22,1.126,0.0889,000032,易方达信用债A
2020-05-25,1.126,0.0,000032,易方达信用债A
2020-05-26,1.124,-0.1776,000032,易方达信用债A
2020-05-27,1.124,0.0,000032,易方达信用债A
2020-05-28,1.123,-0.089,000032,易方达信用债A
2020-05-29,1.123,0.0,000032,易方达信用债A
2020-06-01,1.123,0.0,000032,易方达信用债A
2020-06-02,1.12,-0.2671,000032,易方达信用债A
2020-06-03,1.117,-0.2679,000032,易方达信用债A
2020-06-04,1.116,-0.0895,000032,易方达信用债A
2020-06-05,1.114,-0.1792,000032,易方达信用债A
2020-06-08,1.113,-0.0898,000032,易方达信用债A
2020-06-09,1.114,0.0898,000032,易方达信用债A
2020-06-10,1.114,0.0,000032,易方达信用债A
2020-06-11,1.115,0.0898,000032,易方达信用债A
2020-06-12,1.116,0.0897,000032,易方达信用债A
2020-06-15,1.117,0.0896,000032,易方达信用债A
2020-06-16,1.115,-0.1791,000032,易方达信用债A
2020-06-17,1.115,0.0,000032,易方达信用债A
2020-06-18,1.115,0.0,000032,易方达信用债A
2020-06-19,1.114,-0.0897,000032,易方达信用债A
2020-06-22,1.114,0.0,000032,易方达信用债A
2020-06-23,1.112,-0.1795,000032,易方达信用债A
2020-06-24,1.112,0.0,000032,易方达信用债A
2020-06-29,1.113,0.0899,000032,易方达信用债A
2020-06-30,1.113,0.0,000032,易方达信用债A
2020-07-01,1.113,0.0,000032,易方达信用债A
2020-07-02,1.114,0.0898,000032,易方达信用债A
2020-07-03,1.114,0.0,000032,易方达信用债A
2020-07-06,1.113,-0.0898,000032,易方达信用债A
2020-07-07,1.095,-0.2695,000032,易方达信用债A
2020-07-08,1.095,0.0,000032,易方达信用债A
2020-07-09,1.092,-0.274,000032,易方达信用债A
2020-07-10,1.091,-0.0916,000032,易方达信用债A
2020-07-13,1.089,-0.1833,000032,易方达信用债A
2020-07-14,1.089,0.0,000032,易方达信用债A
2020-07-15,1.089,0.0,000032,易方达信用债A
2020-07-16,1.09,0.0918,000032,易方达信用债A
2020-07-17,1.09,0.0,000032,易方达信用债A
2020-07-20,1.091,0.0917,000032,易方达信用债A
2020-07-21,1.092,0.0917,000032,易方达信用债A
2020-07-22,1.093,0.0916,000032,易方达信用债A
2020-07-23,1.094,0.0915,000032,易方达信用债A
2020-07-24,1.095,0.0914,000032,易方达信用债A
2020-07-27,1.096,0.0913,000032,易方达信用债A
2020-07-28,1.096,0.0,000032,易方达信用债A
2020-07-29,1.095,-0.0912,000032,易方达信用债A
2020-07-30,1.095,0.0,000032,易方达信用债A
2020-07-31,1.095,0.0,000032,易方达信用债A
2020-08-03,1.095,0.0,000032,易方达信用债A
2020-08-04,1.095,0.0,000032,易方达信用债A
2020-08-05,1.095,0.0,000032,易方达信用债A
2020-08-06,1.095,0.0,000032,易方达信用债A
2020-08-07,1.095,0.0,000032,易方达信用债A
2020-08-10,1.096,0.0913,000032,易方达信用债A
2020-08-11,1.096,0.0,000032,易方达信用债A
2020-08-12,1.096,0.0,000032,易方达信用债A
2020-08-13,1.097,0.0912,000032,易方达信用债A
2020-08-14,1.097,0.0,000032,易方达信用债A
2020-08-17,1.098,0.0912,000032,易方达信用债A
2020-08-18,1.098,0.0,000032,易方达信用债A
2020-08-19,1.098,0.0,000032,易方达信用债A
2020-08-20,1.098,0.0,000032,易方达信用债A
2020-08-21,1.097,-0.0911,000032,易方达信用债A
2020-08-24,1.098,0.09,000032,易方达信用债A
2020-08-25,1.097,-0.09,000032,易方达信用债A
2020-08-26,1.096,-0.09,000032,易方达信用债A
2020-08-27,1.096,0.0,000032,易方达信用债A
2020-08-28,1.095,-0.09,000032,易方达信用债A
2020-08-31,1.095,0.0,000032,易方达信用债A
2020-09-01,1.095,0.0,000032,易方达信用债A
2020-09-02,1.095,0.0,000032,易方达信用债A
2020-09-03,1.095,0.0,000032,易方达信用债A
2020-09-04,1.095,0.0,000032,易方达信用债A
2020-09-07,1.095,0.0,000032,易方达信用债A
2020-09-08,1.094,-0.09,000032,易方达信用债A
2020-09-09,1.095,0.09,000032,易方达信用债A
2020-09-10,1.095,0.0,000032,易方达信用债A
2020-09-11,1.095,0.0,000032,易方达信用债A
2020-09-14,1.095,0.0,000032,易方达信用债A
2020-09-15,1.096,0.09,000032,易方达信用债A
2020-09-16,1.096,0.0,000032,易方达信用债A
2020-09-17,1.096,0.0,000032,易方达信用债A
2020-09-18,1.096,0.0,000032,易方达信用债A
2020-09-21,1.097,0.09,000032,易方达信用债A
2020-09-22,1.097,0.0,000032,易方达信用债A
2020-09-23,1.097,0.0,000032,易方达信用债A
2020-09-24,1.097,0.0,000032,易方达信用债A
2020-09-25,1.097,0.0,000032,易方达信用债A
2020-09-28,1.097,0.0,000032,易方达信用债A
2020-09-29,1.097,0.0,000032,易方达信用债A
2020-09-30,1.098,0.09,000032,易方达信用债A
2020-10-09,1.098,0.0,000032,易方达信用债A
2020-10-12,1.098,0.0,000032,易方达信用债A
2020-10-13,1.098,0.0,000032,易方达信用债A
2020-10-14,1.099,0.09,000032,易方达信用债A
2020-10-15,1.099,0.0,000032,易方达信用债A
2020-10-16,1.099,0.0,000032,易方达信用债A
2020-10-19,1.099,0.0,000032,易方达信用债A
2020-10-20,1.1,0.09,000032,易方达信用债A
2020-10-21,1.1,0.0,000032,易方达信用债A
2020-10-22,1.101,0.09,000032,易方达信用债A
2020-10-23,1.101,0.0,000032,易方达信用债A
2020-10-26,1.101,0.0,000032,易方达信用债A
2020-10-27,1.102,0.09,000032,易方达信用债A
2020-10-28,1.102,0.0,000032,易方达信用债A
2020-10-29,1.102,0.0,000032,易方达信用债A
2020-10-30,1.102,0.0,000032,易方达信用债A
2020-11-02,1.102,0.0,000032,易方达信用债A
2020-11-03,1.102,0.0,000032,易方达信用债A
2020-11-04,1.103,0.09,000032,易方达信用债A
2020-11-05,1.103,0.0,000032,易方达信用债A
2020-11-06,1.103,0.0,000032,易方达信用债A
2020-11-09,1.103,0.0,000032,易方达信用债A
2020-11-10,1.103,0.0,000032,易方达信用债A
2020-11-11,1.103,0.0,000032,易方达信用债A
2020-11-12,1.102,-0.09,000032,易方达信用债A
2020-11-13,1.1,-0.18,000032,易方达信用债A
2020-11-16,1.1,0.0,000032,易方达信用债A
2020-11-17,1.099,-0.09,000032,易方达信用债A
2020-11-18,1.098,-0.09,000032,易方达信用债A
2020-11-19,1.097,-0.09,000032,易方达信用债A
2020-11-20,1.095,-0.18,000032,易方达信用债A
2020-11-23,1.095,0.0,000032,易方达信用债A
2020-11-24,1.095,0.0,000032,易方达信用债A
2020-11-25,1.095,0.0,000032,易方达信用债A
2020-11-26,1.096,0.09,000032,易方达信用债A
2020-11-27,1.096,0.0,000032,易方达信用债A
2020-11-30,1.097,0.09,000032,易方达信用债A
2020-12-01,1.098,0.09,000032,易方达信用债A
2020-12-02,1.098,0.0,000032,易方达信用债A
2020-12-03,1.098,0.0,000032,易方达信用债A
2020-12-04,1.098,0.0,000032,易方达信用债A
2020-12-07,1.099,0.09,000032,易方达信用债A
2020-12-08,1.099,0.0,000032,易方达信用债A
2020-12-09,1.099,0.0,000032,易方达信用债A
2020-12-10,1.099,0.0,000032,易方达信用债A
2020-12-11,1.099,0.0,000032,易方达信用债A
2020-12-14,1.1,0.09,000032,易方达信用债A
2020-12-15,1.1,0.0,000032,易方达信用债A
2020-12-16,1.101,0.09,000032,易方达信用债A
2020-12-17,1.101,0.0,000032,易方达信用债A
2020-12-18,1.101,0.0,000032,易方达信用债A
2020-12-21,1.102,0.09,000032,易方达信用债A
2020-12-22,1.102,0.0,000032,易方达信用债A
2020-12-23,1.103,0.09,000032,易方达信用债A
2020-12-24,1.103,0.0,000032,易方达信用债A
2020-12-25,1.103,0.0,000032,易方达信用债A
2020-12-28,1.104,0.09,000032,易方达信用债A
2020-12-29,1.104,0.0,000032,易方达信用债A
2020-12-30,1.104,0.0,000032,易方达信用债A
2020-12-31,1.105,0.09,000032,易方达信用债A
2021-01-04,1.105,0.0,000032,易方达信用债A
2021-01-05,1.105,0.0,000032,易方达信用债A
2021-01-06,1.106,0.09,000032,易方达信用债A
2021-01-07,1.107,0.09,000032,易方达信用债A
2021-01-08,1.107,0.0,000032,易方达信用债A
2021-01-11,1.108,0.09,000032,易方达信用债A
2021-01-12,1.108,0.0,000032,易方达信用债A
2021-01-13,1.108,0.0,000032,易方达信用债A
2021-01-14,1.108,0.0,000032,易方达信用债A
2021-01-15,1.108,0.0,000032,易方达信用债A
2021-01-18,1.108,0.0,000032,易方达信用债A
2021-01-19,1.108,0.0,000032,易方达信用债A
2021-01-20,1.108,0.0,000032,易方达信用债A
2021-01-21,1.108,0.0,000032,易方达信用债A
2021-01-22,1.109,0.09,000032,易方达信用债A
2021-01-25,1.109,0.0,000032,易方达信用债A
2021-01-26,1.108,-0.09,000032,易方达信用债A
2021-01-27,1.108,0.0,000032,易方达信用债A
2021-01-28,1.107,-0.09,000032,易方达信用债A
2021-01-29,1.107,0.0,000032,易方达信用债A
2021-02-01,1.107,0.0,000032,易方达信用债A
2021-02-02,1.107,0.0,000032,易方达信用债A
2021-02-03,1.107,0.0,000032,易方达信用债A
2021-02-04,1.107,0.0,000032,易方达信用债A
2021-02-05,1.107,0.0,000032,易方达信用债A
2021-02-08,1.107,0.0,000032,易方达信用债A
2021-02-09,1.107,0.0,000032,易方达信用债A
2021-02-10,1.107,0.0,000032,易方达信用债A
2021-02-18,1.108,0.09,000032,易方达信用债A
2021-02-19,1.108,0.0,000032,易方达信用债A
2021-02-22,1.108,0.0,000032,易方达信用债A
2021-02-23,1.109,0.09,000032,易方达信用债A
2021-02-24,1.109,0.0,000032,易方达信用债A
2021-02-25,1.109,0.0,000032,易方达信用债A
2021-02-26,1.109,0.0,000032,易方达信用债A
2021-03-01,1.109,0.0,000032,易方达信用债A
2021-03-02,1.11,0.09,000032,易方达信用债A
2021-03-03,1.11,0.0,000032,易方达信用债A
2021-03-04,1.11,0.0,000032,易方达信用债A
2021-03-05,1.11,0.0,000032,易方达信用债A
2021-03-08,1.111,0.09,000032,易方达信用债A
2021-03-09,1.111,0.0,000032,易方达信用债A
2021-03-10,1.111,0.0,000032,易方达信用债A
2021-03-11,1.111,0.0,000032,易方达信用债A
2021-03-12,1.111,0.0,000032,易方达信用债A
2021-03-15,1.111,0.0,000032,易方达信用债A
2021-03-16,1.111,0.0,000032,易方达信用债A
2021-03-17,1.111,0.0,000032,易方达信用债A
2021-03-18,1.111,0.0,000032,易方达信用债A
2021-03-19,1.111,0.0,000032,易方达信用债A
2021-03-22,1.112,0.09,000032,易方达信用债A
2021-03-23,1.112,0.0,000032,易方达信用债A
2021-03-24,1.112,0.0,000032,易方达信用债A
2021-03-25,1.112,0.0,000032,易方达信用债A
2021-03-26,1.112,0.0,000032,易方达信用债A
2021-03-29,1.113,0.09,000032,易方达信用债A
2021-03-30,1.113,0.0,000032,易方达信用债A
2021-03-31,1.113,0.0,000032,易方达信用债A
2021-04-01,1.113,0.0,000032,易方达信用债A
2021-04-02,1.113,0.0,000032,易方达信用债A
2021-04-06,1.113,0.0,000032,易方达信用债A
2021-04-07,1.113,0.0,000032,易方达信用债A
2021-04-08,1.113,0.0,000032,易方达信用债A
2021-04-09,1.113,0.0,000032,易方达信用债A
2021-04-12,1.114,0.09,000032,易方达信用债A
2021-04-13,1.114,0.0,000032,易方达信用债A
2021-04-14,1.099,0.09,000032,易方达信用债A
2021-04-15,1.099,0.0,000032,易方达信用债A
2021-04-16,1.099,0.0,000032,易方达信用债A
2021-04-19,1.099,0.0,000032,易方达信用债A
2021-04-20,1.1,0.09,000032,易方达信用债A
2021-04-21,1.1,0.0,000032,易方达信用债A
2021-04-22,1.1,0.0,000032,易方达信用债A
2021-04-23,1.101,0.09,000032,易方达信用债A
2021-04-26,1.1,-0.09,000032,易方达信用债A
2021-04-27,1.1,0.0,000032,易方达信用债A
2021-04-28,1.101,0.09,000032,易方达信用债A
2021-04-29,1.101,0.0,000032,易方达信用债A
2021-04-30,1.101,0.0,000032,易方达信用债A
2021-05-06,1.102,0.09,000032,易方达信用债A
2021-05-07,1.102,0.0,000032,易方达信用债A
2021-05-10,1.1029,0.08,000032,易方达信用债A
2021-05-11,1.1033,0.04,000032,易方达信用债A
2021-05-12,1.1039,0.05,000032,易方达信用债A
2021-05-13,1.1041,0.02,000032,易方达信用债A
2021-05-14,1.1044,0.03,000032,易方达信用债A
2021-05-17,1.1047,0.03,000032,易方达信用债A
2021-05-18,1.1051,0.04,000032,易方达信用债A
2021-05-19,1.1056,0.05,000032,易方达信用债A
2021-05-20,1.1059,0.03,000032,易方达信用债A
2021-05-21,1.1065,0.05,000032,易方达信用债A
2021-05-24,1.107,0.05,000032,易方达信用债A
2021-05-25,1.107,0.0,000032,易方达信用债A
2021-05-26,1.1075,0.05,000032,易方达信用债A
2021-05-27,1.1077,0.02,000032,易方达信用债A
2021-05-28,1.1078,0.01,000032,易方达信用债A
2021-05-31,1.108,0.02,000032,易方达信用债A
2021-06-01,1.1082,0.02,000032,易方达信用债A
2021-06-02,1.1082,0.0,000032,易方达信用债A
2021-06-03,1.1086,0.04,000032,易方达信用债A
2021-06-04,1.1086,0.0,000032,易方达信用债A
2021-06-07,1.1083,-0.03,000032,易方达信用债A
2021-06-08,1.108,-0.03,000032,易方达信用债A
2021-06-09,1.1078,-0.02,000032,易方达信用债A
2021-06-10,1.1079,0.01,000032,易方达信用债A
2021-06-11,1.1081,0.02,000032,易方达信用债A
2021-06-15,1.1084,0.03,000032,易方达信用债A
2021-06-16,1.1082,-0.02,000032,易方达信用债A
2021-06-17,1.1079,-0.03,000032,易方达信用债A
2021-06-18,1.1078,-0.01,000032,易方达信用债A
2021-06-21,1.1082,0.04,000032,易方达信用债A
2021-06-22,1.1083,0.01,000032,易方达信用债A
2021-06-23,1.1086,0.03,000032,易方达信用债A
2021-06-24,1.1091,0.05,000032,易方达信用债A
2021-06-25,1.1096,0.05,000032,易方达信用债A
2021-06-28,1.1101,0.05,000032,易方达信用债A
2021-06-29,1.1104,0.03,000032,易方达信用债A
2021-06-30,1.1108,0.04,000032,易方达信用债A
2021-07-01,1.1114,0.05,000032,易方达信用债A
2021-07-02,1.1119,0.04,000032,易方达信用债A
2021-07-05,1.1125,0.05,000032,易方达信用债A
2021-07-06,1.1131,0.05,000032,易方达信用债A
2021-07-07,1.1135,0.04,000032,易方达信用债A
2021-07-08,1.115,0.13,000032,易方达信用债A
2021-07-09,1.1152,0.02,000032,易方达信用债A
2021-07-12,1.1164,0.11,000032,易方达信用债A
2021-07-13,1.1171,0.06,000032,易方达信用债A
2021-07-14,1.1181,0.09,000032,易方达信用债A
2021-07-15,1.1053,0.02,000032,易方达信用债A
2021-07-16,1.1057,0.04,000032,易方达信用债A
2021-07-19,1.1062,0.05,000032,易方达信用债A
2021-07-20,1.1066,0.04,000032,易方达信用债A
2021-07-21,1.1073,0.06,000032,易方达信用债A
2021-07-22,1.1078,0.05,000032,易方达信用债A
2021-07-23,1.1084,0.05,000032,易方达信用债A
2021-07-26,1.1091,0.06,000032,易方达信用债A
2021-07-27,1.1092,0.01,000032,易方达信用债A
2021-07-28,1.109,-0.02,000032,易方达信用债A
2021-07-29,1.1093,0.03,000032,易方达信用债A
2021-07-30,1.1099,0.05,000032,易方达信用债A
2021-08-02,1.111,0.1,000032,易方达信用债A
2021-08-03,1.1113,0.03,000032,易方达信用债A
2021-08-04,1.1116,0.03,000032,易方达信用债A
2021-08-05,1.1121,0.04,000032,易方达信用债A
2021-08-06,1.1123,0.02,000032,易方达信用债A
2021-08-09,1.1121,-0.02,000032,易方达信用债A
2021-08-10,1.1119,-0.02,000032,易方达信用债A
2021-08-11,1.1118,-0.01,000032,易方达信用债A
2021-08-12,1.1122,0.04,000032,易方达信用债A
2021-08-13,1.1121,-0.01,000032,易方达信用债A
2021-08-16,1.1124,0.03,000032,易方达信用债A
2021-08-17,1.1124,0.0,000032,易方达信用债A
2021-08-18,1.1129,0.04,000032,易方达信用债A
2021-08-19,1.1134,0.04,000032,易方达信用债A
2021-08-20,1.1136,0.02,000032,易方达信用债A
2021-08-23,1.1137,0.01,000032,易方达信用债A
2021-08-24,1.1138,0.01,000032,易方达信用债A
2021-08-25,1.114,0.02,000032,易方达信用债A
2021-08-26,1.1129,-0.1,000032,易方达信用债A
2021-08-27,1.113,0.01,000032,易方达信用债A
2021-08-30,1.1133,0.03,000032,易方达信用债A
2021-08-31,1.1137,0.04,000032,易方达信用债A
2021-09-01,1.1141,0.04,000032,易方达信用债A
2021-09-02,1.1145,0.04,000032,易方达信用债A
2021-09-03,1.1145,0.0,000032,易方达信用债A
2021-09-06,1.1147,0.02,000032,易方达信用债A
2021-09-07,1.1147,0.0,000032,易方达信用债A
2021-09-08,1.1147,0.0,000032,易方达信用债A
2021-09-09,1.1147,0.0,000032,易方达信用债A
2021-09-10,1.1148,0.01,000032,易方达信用债A
2021-09-13,1.1148,0.0,000032,易方达信用债A
2021-09-14,1.1145,-0.03,000032,易方达信用债A
2021-09-15,1.1146,0.01,000032,易方达信用债A
2021-09-16,1.1144,-0.02,000032,易方达信用债A
2021-09-17,1.1144,0.0,000032,易方达信用债A
2021-09-22,1.1147,0.03,000032,易方达信用债A
2021-09-23,1.1144,-0.03,000032,易方达信用债A
2021-09-24,1.1142,-0.02,000032,易方达信用债A
2021-09-27,1.1139,-0.03,000032,易方达信用债A
2021-09-28,1.1135,-0.04,000032,易方达信用债A
2021-09-29,1.1135,0.0,000032,易方达信用债A
2021-09-30,1.1136,0.01,000032,易方达信用债A
2021-10-08,1.1139,0.03,000032,易方达信用债A
2021-10-11,1.1135,-0.04,000032,易方达信用债A
2021-10-12,1.1132,-0.03,000032,易方达信用债A
2021-10-13,1.1129,-0.03,000032,易方达信用债A
2021-10-14,1.113,0.01,000032,易方达信用债A
2021-10-15,1.1133,0.03,000032,易方达信用债A
2021-10-18,1.1129,-0.04,000032,易方达信用债A
2021-10-19,1.1129,0.0,000032,易方达信用债A
2021-10-20,1.1132,0.03,000032,易方达信用债A
2021-10-21,1.1139,0.06,000032,易方达信用债A
2021-10-22,1.1142,0.03,000032,易方达信用债A
2021-10-25,1.1148,0.05,000032,易方达信用债A
2021-10-26,1.1154,0.05,000032,易方达信用债A
2021-10-27,1.1159,0.04,000032,易方达信用债A
2021-10-28,1.1035,0.05,000032,易方达信用债A
2021-10-29,1.1039,0.04,000032,易方达信用债A
2021-11-01,1.1046,0.06,000032,易方达信用债A
2021-11-02,1.1052,0.05,000032,易方达信用债A
2021-11-03,1.1056,0.04,000032,易方达信用债A
2021-11-04,1.1063,0.06,000032,易方达信用债A
2021-11-05,1.1071,0.07,000032,易方达信用债A
2021-11-08,1.1072,0.01,000032,易方达信用债A
2021-11-09,1.107,-0.02,000032,易方达信用债A
2021-11-10,1.1071,0.01,000032,易方达信用债A
2021-11-11,1.1069,-0.02,000032,易方达信用债A
2021-11-12,1.1072,0.03,000032,易方达信用债A
2021-11-15,1.1078,0.05,000032,易方达信用债A
2021-11-16,1.1081,0.03,000032,易方达信用债A
2021-11-17,1.1083,0.02,000032,易方达信用债A
2021-11-18,1.1088,0.05,000032,易方达信用债A
2021-11-19,1.109,0.02,000032,易方达信用债A
2021-11-22,1.1097,0.06,000032,易方达信用债A
2021-11-23,1.1099,0.02,000032,易方达信用债A
2021-11-24,1.1103,0.04,000032,易方达信用债A
2021-11-25,1.1105,0.02,000032,易方达信用债A
2021-11-26,1.111,0.05,000032,易方达信用债A
2021-11-29,1.1111,0.01,000032,易方达信用债A
2021-11-30,1.111,-0.01,000032,易方达信用债A
2021-12-01,1.1112,0.02,000032,易方达信用债A
2021-12-02,1.1112,0.0,000032,易方达信用债A
2021-12-03,1.1112,0.0,000032,易方达信用债A
2021-12-06,1.1122,0.09,000032,易方达信用债A
2021-12-07,1.1123,0.01,000032,易方达信用债A
2021-12-08,1.1123,0.0,000032,易方达信用债A
2021-12-09,1.1124,0.01,000032,易方达信用债A
2021-12-10,1.1125,0.01,000032,易方达信用债A
2021-12-13,1.1129,0.04,000032,易方达信用债A
2021-12-14,1.1132,0.03,000032,易方达信用债A
2021-12-15,1.1134,0.02,000032,易方达信用债A
2021-12-16,1.1133,-0.01,000032,易方达信用债A
2021-12-17,1.1133,0.0,000032,易方达信用债A
2021-12-20,1.1133,0.0,000032,易方达信用债A
2021-12-21,1.1131,-0.02,000032,易方达信用债A
2021-12-22,1.1132,0.01,000032,易方达信用债A
2021-12-23,1.1136,0.04,000032,易方达信用债A
2021-12-24,1.1138,0.02,000032,易方达信用债A
2021-12-27,1.1145,0.06,000032,易方达信用债A
2021-12-28,1.1148,0.03,000032,易方达信用债A
2021-12-29,1.1155,0.06,000032,易方达信用债A
2021-12-30,1.116,0.04,000032,易方达信用债A
2021-12-31,1.1165,0.04,000032,易方达信用债A
2022-01-04,1.1168,0.03,000032,易方达信用债A
2022-01-05,1.1169,0.01,000032,易方达信用债A
2022-01-06,1.1167,-0.02,000032,易方达信用债A
2022-01-07,1.1168,0.01,000032,易方达信用债A
2022-01-10,1.1176,0.07,000032,易方达信用债A
2022-01-11,1.1179,0.03,000032,易方达信用债A
2022-01-12,1.1184,0.04,000032,易方达信用债A
2022-01-13,1.1186,0.02,000032,易方达信用债A
2022-01-14,1.1188,0.02,000032,易方达信用债A
2022-01-17,1.1195,0.06,000032,易方达信用债A
2022-01-18,1.1205,0.09,000032,易方达信用债A
2022-01-19,1.1218,0.12,000032,易方达信用债A
2022-01-20,1.1221,0.03,000032,易方达信用债A
2022-01-21,1.1225,0.04,000032,易方达信用债A
2022-01-24,1.1235,0.09,000032,易方达信用债A
2022-01-25,1.1236,0.01,000032,易方达信用债A
2022-01-26,1.1131,-0.04,000032,易方达信用债A
2022-01-27,1.1129,-0.02,000032,易方达信用债A
2022-01-28,1.1134,0.04,000032,易方达信用债A
2022-02-07,1.1144,0.09,000032,易方达信用债A
2022-02-08,1.1144,0.0,000032,易方达信用债A
2022-02-09,1.1142,-0.02,000032,易方达信用债A
2022-02-10,1.1144,0.02,000032,易方达信用债A
2022-02-11,1.1132,-0.11,000032,易方达信用债A
2022-02-14,1.1127,-0.04,000032,易方达信用债A
2022-02-15,1.1126,-0.01,000032,易方达信用债A
2022-02-16,1.1127,0.01,000032,易方达信用债A
2022-02-17,1.113,0.03,000032,易方达信用债A
2022-02-18,1.1129,-0.01,000032,易方达信用债A
2022-02-21,1.1127,-0.02,000032,易方达信用债A
2022-02-22,1.1121,-0.05,000032,易方达信用债A
2022-02-23,1.1121,0.0,000032,易方达信用债A
2022-02-24,1.1122,0.01,000032,易方达信用债A
2022-02-25,1.1122,0.0,000032,易方达信用债A
2022-02-28,1.1125,0.03,000032,易方达信用债A
2022-03-01,1.1125,0.0,000032,易方达信用债A
2022-03-02,1.1122,-0.03,000032,易方达信用债A
2022-03-03,1.1117,-0.04,000032,易方达信用债A
2022-03-04,1.1115,-0.02,000032,易方达信用债A
2022-03-07,1.1114,-0.01,000032,易方达信用债A
2022-03-08,1.1113,-0.01,000032,易方达信用债A
2022-03-09,1.1108,-0.04,000032,易方达信用债A
2022-03-10,1.1104,-0.04,000032,易方达信用债A
2022-03-11,1.1102,-0.02,000032,易方达信用债A
2022-03-14,1.1113,0.1,000032,易方达信用债A
2022-03-15,1.1098,-0.13,000032,易方达信用债A
2022-03-16,1.1098,0.0,000032,易方达信用债A
2022-03-17,1.1098,0.0,000032,易方达信用债A
2022-03-18,1.1101,0.03,000032,易方达信用债A
2022-03-21,1.1104,0.03,000032,易方达信用债A
2022-03-22,1.1102,-0.02,000032,易方达信用债A
2022-03-23,1.1104,0.02,000032,易方达信用债A
2022-03-24,1.1105,0.01,000032,易方达信用债A
2022-03-25,1.1111,0.05,000032,易方达信用债A
2022-03-28,1.1116,0.05,000032,易方达信用债A
2022-03-29,1.1115,-0.01,000032,易方达信用债A
2022-03-30,1.112,0.04,000032,易方达信用债A
2022-03-31,1.1122,0.02,000032,易方达信用债A
2022-04-01,1.113,0.07,000032,易方达信用债A
2022-04-06,1.1141,0.1,000032,易方达信用债A
2022-04-07,1.1148,0.06,000032,易方达信用债A
2022-04-08,1.115,0.02,000032,易方达信用债A
2022-04-11,1.115,0.0,000032,易方达信用债A
2022-04-12,1.1151,0.01,000032,易方达信用债A
2022-04-13,1.1155,0.04,000032,易方达信用债A
2022-04-14,1.1163,0.07,000032,易方达信用债A
2022-04-15,1.1166,0.03,000032,易方达信用债A
2022-04-18,1.1162,-0.04,000032,易方达信用债A
2022-04-19,1.1163,0.01,000032,易方达信用债A
2022-04-20,1.1163,0.0,000032,易方达信用债A
2022-04-21,1.1066,0.03,000032,易方达信用债A
2022-04-22,1.1069,0.03,000032,易方达信用债A
2022-04-25,1.1076,0.06,000032,易方达信用债A
2022-04-26,1.1081,0.05,000032,易方达信用债A
2022-04-27,1.1083,0.02,000032,易方达信用债A
2022-04-28,1.1083,0.0,000032,易方达信用债A
2022-04-29,1.1084,0.01,000032,易方达信用债A
2022-05-05,1.1091,0.06,000032,易方达信用债A
2022-05-06,1.1093,0.02,000032,易方达信用债A
2022-05-09,1.1102,0.08,000032,易方达信用债A
2022-05-10,1.1111,0.08,000032,易方达信用债A
2022-05-11,1.1114,0.03,000032,易方达信用债A
2022-05-12,1.1119,0.04,000032,易方达信用债A
2022-05-13,1.1125,0.05,000032,易方达信用债A
2022-05-16,1.1127,0.02,000032,易方达信用债A
2022-05-17,1.1135,0.07,000032,易方达信用债A
2022-05-18,1.1142,0.06,000032,易方达信用债A
2022-05-19,1.1146,0.04,000032,易方达信用债A
2022-05-20,1.1144,-0.02,000032,易方达信用债A
2022-05-23,1.1152,0.07,000032,易方达信用债A
2022-05-24,1.1153,0.01,000032,易方达信用债A
2022-05-25,1.1154,0.01,000032,易方达信用债A
2022-05-26,1.1162,0.07,000032,易方达信用债A
2022-05-27,1.1164,0.02,000032,易方达信用债A
2022-05-30,1.1161,-0.03,000032,易方达信用债A
2022-05-31,1.1151,-0.09,000032,易方达信用债A
2022-06-01,1.1147,-0.04,000032,易方达信用债A
2022-06-02,1.1141,-0.05,000032,易方达信用债A
2022-06-06,1.1133,-0.07,000032,易方达信用债A
2022-06-07,1.113,-0.03,000032,易方达信用债A
2022-06-08,1.1131,0.01,000032,易方达信用债A
2022-06-09,1.1137,0.05,000032,易方达信用债A
2022-06-10,1.114,0.03,000032,易方达信用债A
2022-06-13,1.1141,0.01,000032,易方达信用债A
2022-06-14,1.114,-0.01,000032,易方达信用债A
2022-06-15,1.114,0.0,000032,易方达信用债A
2022-06-16,1.1144,0.04,000032,易方达信用债A
2022-06-17,1.115,0.05,000032,易方达信用债A
2022-06-20,1.1151,0.01,000032,易方达信用债A
2022-06-21,1.1152,0.01,000032,易方达信用债A
2022-06-22,1.1155,0.03,000032,易方达信用债A
2022-06-23,1.1159,0.04,000032,易方达信用债A
2022-06-24,1.1163,0.04,000032,易方达信用债A
2022-06-27,1.1158,-0.04,000032,易方达信用债A
2022-06-28,1.1156,-0.02,000032,易方达信用债A
2022-06-29,1.1156,0.0,000032,易方达信用债A
2022-06-30,1.1161,0.04,000032,易方达信用债A
2022-07-01,1.1165,0.04,000032,易方达信用债A
2022-07-04,1.1162,-0.03,000032,易方达信用债A
2022-07-05,1.1159,-0.03,000032,易方达信用债A
2022-07-06,1.1163,0.04,000032,易方达信用债A
2022-07-07,1.1167,0.04,000032,易方达信用债A
2022-07-08,1.117,0.03,000032,易方达信用债A
2022-07-11,1.1176,0.05,000032,易方达信用债A
2022-07-12,1.1183,0.06,000032,易方达信用债A
2022-07-13,1.1188,0.04,000032,易方达信用债A
2022-07-14,1.1194,0.05,000032,易方达信用债A
2022-07-15,1.1197,0.03,000032,易方达信用债A
2022-07-18,1.1106,0.08,000032,易方达信用债A
2022-07-19,1.1108,0.02,000032,易方达信用债A
2022-07-20,1.1114,0.05,000032,易方达信用债A
2022-07-21,1.1123,0.08,000032,易方达信用债A
2022-07-22,1.1124,0.01,000032,易方达信用债A
2022-07-25,1.1128,0.04,000032,易方达信用债A
2022-07-26,1.1136,0.07,000032,易方达信用债A
2022-07-27,1.1141,0.04,000032,易方达信用债A
2022-07-28,1.1137,-0.04,000032,易方达信用债A
2022-07-29,1.1147,0.09,000032,易方达信用债A
2022-08-01,1.116,0.12,000032,易方达信用债A
2022-08-02,1.1167,0.06,000032,易方达信用债A
2022-08-03,1.1173,0.05,000032,易方达信用债A
2022-08-04,1.1181,0.07,000032,易方达信用债A
2022-08-05,1.1178,-0.03,000032,易方达信用债A
2022-08-08,1.1176,-0.02,000032,易方达信用债A
2022-08-09,1.1167,-0.08,000032,易方达信用债A
2022-08-10,1.1166,-0.01,000032,易方达信用债A
2022-08-11,1.1161,-0.04,000032,易方达信用债A
2022-08-12,1.1161,0.0,000032,易方达信用债A
2022-08-15,1.1186,0.22,000032,易方达信用债A
2022-08-16,1.1198,0.11,000032,易方达信用债A
2022-08-17,1.1197,-0.01,000032,易方达信用债A
2022-08-18,1.1201,0.04,000032,易方达信用债A
2022-08-19,1.1203,0.02,000032,易方达信用债A
2022-08-22,1.1205,0.02,000032,易方达信用债A
2022-08-23,1.12,-0.04,000032,易方达信用债A
2022-08-24,1.1198,-0.02,000032,易方达信用债A
2022-08-25,1.1189,-0.08,000032,易方达信用债A
2022-08-26,1.1182,-0.06,000032,易方达信用债A
2022-08-29,1.1188,0.05,000032,易方达信用债A
2022-08-30,1.1194,0.05,000032,易方达信用债A
2022-08-31,1.1199,0.04,000032,易方达信用债A
2022-09-01,1.1203,0.04,000032,易方达信用债A
2022-09-02,1.1209,0.05,000032,易方达信用债A
2022-09-05,1.1217,0.07,000032,易方达信用债A
2022-09-06,1.1222,0.04,000032,易方达信用债A
2022-09-07,1.1223,0.01,000032,易方达信用债A
2022-09-08,1.1223,0.0,000032,易方达信用债A
2022-09-09,1.1222,-0.01,000032,易方达信用债A
2022-09-13,1.1224,0.02,000032,易方达信用债A
2022-09-14,1.1222,-0.02,000032,易方达信用债A
2022-09-15,1.1223,0.01,000032,易方达信用债A
2022-09-16,1.122,-0.03,000032,易方达信用债A
2022-09-19,1.1221,0.01,000032,易方达信用债A
2022-09-20,1.1224,0.03,000032,易方达信用债A
2022-09-21,1.1231,0.06,000032,易方达信用债A
2022-09-22,1.1235,0.04,000032,易方达信用债A
2022-09-23,1.1233,-0.02,000032,易方达信用债A
2022-09-26,1.1225,-0.07,000032,易方达信用债A
2022-09-27,1.1221,-0.04,000032,易方达信用债A
2022-09-28,1.1214,-0.06,000032,易方达信用债A
2022-09-29,1.1209,-0.04,000032,易方达信用债A
2022-09-30,1.1205,-0.04,000032,易方达信用债A
2022-10-10,1.1226,0.19,000032,易方达信用债A
2022-10-11,1.1226,0.0,000032,易方达信用债A
2022-10-12,1.1225,-0.01,000032,易方达信用债A
2022-10-13,1.1229,0.04,000032,易方达信用债A
2022-10-14,1.1237,0.07,000032,易方达信用债A
2022-10-17,1.1241,0.04,000032,易方达信用债A
2022-10-18,1.1241,0.0,000032,易方达信用债A
2022-10-19,1.1245,0.04,000032,易方达信用债A
2022-10-20,1.1132,-0.03,000032,易方达信用债A
2022-10-21,1.1131,-0.01,000032,易方达信用债A
2022-10-24,1.1133,0.02,000032,易方达信用债A
2022-10-25,1.1127,-0.05,000032,易方达信用债A
2022-10-26,1.1128,0.01,000032,易方达信用债A
2022-10-27,1.1131,0.03,000032,易方达信用债A
2022-10-28,1.1134,0.03,000032,易方达信用债A
2022-10-31,1.114,0.05,000032,易方达信用债A
2022-11-01,1.1138,-0.02,000032,易方达信用债A
2022-11-02,1.1136,-0.02,000032,易方达信用债A
2022-11-03,1.1137,0.01,000032,易方达信用债A
2022-11-04,1.1132,-0.04,000032,易方达信用债A
2022-11-07,1.1132,0.0,000032,易方达信用债A
2022-11-08,1.1125,-0.06,000032,易方达信用债A
2022-11-09,1.1121,-0.04,000032,易方达信用债A
2022-11-10,1.1114,-0.06,000032,易方达信用债A
2022-11-11,1.1097,-0.15,000032,易方达信用债A
2022-11-14,1.1049,-0.43,000032,易方达信用债A
2022-11-15,1.1031,-0.16,000032,易方达信用债A
2022-11-16,1.1004,-0.24,000032,易方达信用债A
2022-11-17,1.0998,-0.05,000032,易方达信用债A
2022-11-18,1.0999,0.01,000032,易方达信用债A
2022-11-21,1.101,0.1,000032,易方达信用债A
2022-11-22,1.101,0.0,000032,易方达信用债A
2022-11-23,1.1019,0.08,000032,易方达信用债A
2022-11-24,1.1039,0.18,000032,易方达信用债A
2022-11-25,1.1036,-0.03,000032,易方达信用债A
2022-11-28,1.103,-0.05,000032,易方达信用债A
2022-11-29,1.0998,-0.29,000032,易方达信用债A
2022-11-30,1.0987,-0.1,000032,易方达信用债A
2022-12-01,1.0979,-0.07,000032,易方达信用债A
2022-12-02,1.0977,-0.02,000032,易方达信用债A
2022-12-05,1.097,-0.06,000032,易方达信用债A
2022-12-06,1.095,-0.18,000032,易方达信用债A
2022-12-07,1.0932,-0.16,000032,易方达信用债A
2022-12-08,1.0924,-0.07,000032,易方达信用债A
2022-12-09,1.0917,-0.06,000032,易方达信用债A
2022-12-12,1.0904,-0.12,000032,易方达信用债A
2022-12-13,1.0872,-0.29,000032,易方达信用债A
2022-12-14,1.0881,0.08,000032,易方达信用债A
2022-12-15,1.0894,0.12,000032,易方达信用债A
2022-12-16,1.0895,0.01,000032,易方达信用债A
2022-12-19,1.0907,0.11,000032,易方达信用债A
2022-12-20,1.0911,0.04,000032,易方达信用债A
2022-12-21,1.0914,0.03,000032,易方达信用债A
2022-12-22,1.092,0.05,000032,易方达信用债A
2022-12-23,1.093,0.09,000032,易方达信用债A
2022-12-26,1.0935,0.05,000032,易方达信用债A
2022-12-27,1.0936,0.01,000032,易方达信用债A
2022-12-28,1.0937,0.01,000032,易方达信用债A
2022-12-29,1.0943,0.05,000032,易方达信用债A
2022-12-30,1.0951,0.07,000032,易方达信用债A
2022-12-31,1.0953,0.02,000032,易方达信用债A
2023-01-03,1.0963,0.11,000032,易方达信用债A
2023-01-04,1.0974,0.1,000032,易方达信用债A
2023-01-05,1.0981,0.06,000032,易方达信用债A
2023-01-06,1.0974,-0.06,000032,易方达信用债A
2023-01-09,1.0973,-0.01,000032,易方达信用债A
2023-01-10,1.0962,-0.1,000032,易方达信用债A
2023-01-11,1.096,-0.02,000032,易方达信用债A
2023-01-12,1.0961,0.01,000032,易方达信用债A
2023-01-13,1.096,-0.01,000032,易方达信用债A
2023-01-16,1.0954,-0.05,000032,易方达信用债A
2023-01-17,1.0955,0.01,000032,易方达信用债A
2023-01-18,1.0957,0.02,000032,易方达信用债A
2023-01-19,1.0959,0.02,000032,易方达信用债A
2023-01-20,1.0963,0.04,000032,易方达信用债A
2023-01-30,1.0972,0.08,000032,易方达信用债A
2023-01-31,1.0974,0.02,000032,易方达信用债A
2023-02-01,1.0976,0.02,000032,易方达信用债A
2023-02-02,1.098,0.04,000032,易方达信用债A
2023-02-03,1.0987,0.06,000032,易方达信用债A
2023-02-06,1.099,0.03,000032,易方达信用债A
2023-02-07,1.0992,0.02,000032,易方达信用债A
2023-02-08,1.0996,0.04,000032,易方达信用债A
2023-02-09,1.1,0.04,000032,易方达信用债A
2023-02-10,1.1004,0.04,000032,易方达信用债A
2023-02-13,1.101,0.05,000032,易方达信用债A
2023-02-14,1.1012,0.02,000032,易方达信用债A
2023-02-15,1.1015,0.03,000032,易方达信用债A
2023-02-16,1.1019,0.04,000032,易方达信用债A
2023-02-17,1.1022,0.03,000032,易方达信用债A
2023-02-20,1.1018,-0.04,000032,易方达信用债A
2023-02-21,1.1013,-0.05,000032,易方达信用债A
2023-02-22,1.1015,0.02,000032,易方达信用债A
2023-02-23,1.1017,0.02,000032,易方达信用债A
2023-02-24,1.1018,0.01,000032,易方达信用债A
2023-02-27,1.1019,0.01,000032,易方达信用债A
2023-02-28,1.1017,-0.02,000032,易方达信用债A
2023-03-01,1.1018,0.01,000032,易方达信用债A
2023-03-02,1.102,0.02,000032,易方达信用债A
2023-03-03,1.102,0.0,000032,易方达信用债A
2023-03-06,1.1027,0.06,000032,易方达信用债A
2023-03-07,1.1033,0.05,000032,易方达信用债A
2023-03-08,1.1038,0.05,000032,易方达信用债A
2023-03-09,1.1043,0.05,000032,易方达信用债A
2023-03-10,1.1047,0.04,000032,易方达信用债A
2023-03-13,1.1049,0.02,000032,易方达信用债A
2023-03-14,1.1052,0.03,000032,易方达信用债A
2023-03-15,1.1052,0.0,000032,易方达信用债A
2023-03-16,1.1054,0.02,000032,易方达信用债A
2023-03-17,1.1058,0.04,000032,易方达信用债A
2023-03-20,1.1068,0.09,000032,易方达信用债A
2023-03-21,1.107,0.02,000032,易方达信用债A
2023-03-22,1.1069,-0.01,000032,易方达信用债A
2023-03-23,1.1072,0.03,000032,易方达信用债A
2023-03-24,1.107,-0.02,000032,易方达信用债A
2023-03-27,1.1075,0.05,000032,易方达信用债A
2023-03-28,1.1077,0.02,000032,易方达信用债A
2023-03-29,1.108,0.03,000032,易方达信用债A
2023-03-30,1.1082,0.02,000032,易方达信用债A
2023-03-31,1.1088,0.05,000032,易方达信用债A
2023-04-03,1.1094,0.05,000032,易方达信用债A
2023-04-04,1.1094,0.0,000032,易方达信用债A
2023-04-06,1.1096,0.02,000032,易方达信用债A
2023-04-07,1.1098,0.02,000032,易方达信用债A
2023-04-10,1.1104,0.05,000032,易方达信用债A
2023-04-11,1.111,0.05,000032,易方达信用债A
2023-04-12,1.1085,0.05,000032,易方达信用债A
2023-04-13,1.1086,0.01,000032,易方达信用债A
2023-04-14,1.1088,0.02,000032,易方达信用债A
2023-04-17,1.1089,0.01,000032,易方达信用债A
2023-04-18,1.1091,0.02,000032,易方达信用债A
2023-04-19,1.1096,0.05,000032,易方达信用债A
2023-04-20,1.1099,0.03,000032,易方达信用债A
2023-04-21,1.11,0.01,000032,易方达信用债A
2023-04-24,1.1105,0.05,000032,易方达信用债A
2023-04-25,1.1108,0.03,000032,易方达信用债A
2023-04-26,1.1111,0.03,000032,易方达信用债A
2023-04-27,1.112,0.08,000032,易方达信用债A
2023-04-28,1.1123,0.03,000032,易方达信用债A
2023-05-04,1.1133,0.09,000032,易方达信用债A
2023-05-05,1.1143,0.09,000032,易方达信用债A
2023-05-08,1.1144,0.01,000032,易方达信用债A
2023-05-09,1.1149,0.04,000032,易方达信用债A
2023-05-10,1.1155,0.05,000032,易方达信用债A
2023-05-11,1.1163,0.07,000032,易方达信用债A
2023-05-12,1.1164,0.01,000032,易方达信用债A
2023-05-15,1.1165,0.01,000032,易方达信用债A
2023-05-16,1.1165,0.0,000032,易方达信用债A
2023-05-17,1.1165,0.0,000032,易方达信用债A
2023-05-18,1.1164,-0.01,000032,易方达信用债A
2023-05-19,1.1168,0.04,000032,易方达信用债A
2023-05-22,1.1175,0.06,000032,易方达信用债A
2023-05-23,1.1184,0.08,000032,易方达信用债A
2023-05-24,1.1185,0.01,000032,易方达信用债A
2023-05-25,1.1184,-0.01,000032,易方达信用债A
2023-05-26,1.1184,0.0,000032,易方达信用债A
2023-05-29,1.1188,0.04,000032,易方达信用债A
2023-05-30,1.1191,0.03,000032,易方达信用债A
2023-05-31,1.1194,0.03,000032,易方达信用债A
2023-06-01,1.12,0.05,000032,易方达信用债A
2023-06-02,1.1199,-0.01,000032,易方达信用债A
2023-06-05,1.1202,0.03,000032,易方达信用债A
2023-06-06,1.1208,0.05,000032,易方达信用债A
2023-06-07,1.1214,0.05,000032,易方达信用债A
2023-06-08,1.1215,0.01,000032,易方达信用债A
2023-06-09,1.1222,0.06,000032,易方达信用债A
2023-06-12,1.1229,0.06,000032,易方达信用债A
2023-06-13,1.1239,0.09,000032,易方达信用债A
2023-06-14,1.1244,0.04,000032,易方达信用债A
2023-06-15,1.1237,-0.06,000032,易方达信用债A
2023-06-16,1.1227,-0.09,000032,易方达信用债A
2023-06-19,1.1215,-0.11,000032,易方达信用债A
2023-06-20,1.1215,0.0,000032,易方达信用债A
2023-06-21,1.1219,0.04,000032,易方达信用债A
2023-06-26,1.1224,0.04,000032,易方达信用债A
2023-06-27,1.1223,-0.01,000032,易方达信用债A
2023-06-28,1.1224,0.01,000032,易方达信用债A
2023-06-29,1.1227,0.03,000032,易方达信用债A
2023-06-30,1.1238,0.1,000032,易方达信用债A
2023-07-03,1.1241,0.03,000032,易方达信用债A
2023-07-04,1.1243,0.02,000032,易方达信用债A
2023-07-05,1.1249,0.05,000032,易方达信用债A
2023-07-06,1.1253,0.04,000032,易方达信用债A
2023-07-07,1.1259,0.05,000032,易方达信用债A
2023-07-10,1.1264,0.04,000032,易方达信用债A
2023-07-11,1.127,0.05,000032,易方达信用债A
2023-07-12,1.1191,0.01,000032,易方达信用债A
2023-07-13,1.1189,-0.02,000032,易方达信用债A
2023-07-14,1.1189,0.0,000032,易方达信用债A
2023-07-17,1.1195,0.05,000032,易方达信用债A
2023-07-18,1.12,0.04,000032,易方达信用债A
2023-07-19,1.1204,0.04,000032,易方达信用债A
2023-07-20,1.1207,0.03,000032,易方达信用债A
2023-07-21,1.1211,0.04,000032,易方达信用债A
2023-07-24,1.1215,0.04,000032,易方达信用债A
2023-07-25,1.1196,-0.17,000032,易方达信用债A
2023-07-26,1.1195,-0.01,000032,易方达信用债A
2023-07-27,1.1201,0.05,000032,易方达信用债A
2023-07-28,1.1198,-0.03,000032,易方达信用债A
2023-07-31,1.1193,-0.04,000032,易方达信用债A
2023-08-01,1.1195,0.02,000032,易方达信用债A
2023-08-02,1.1198,0.03,000032,易方达信用债A
2023-08-03,1.1203,0.04,000032,易方达信用债A
2023-08-04,1.1207,0.04,000032,易方达信用债A
2023-08-07,1.1212,0.04,000032,易方达信用债A
2023-08-08,1.1217,0.04,000032,易方达信用债A
2023-08-09,1.122,0.03,000032,易方达信用债A
2023-08-10,1.1222,0.02,000032,易方达信用债A
2023-08-11,1.1226,0.04,000032,易方达信用债A
2023-08-14,1.1233,0.06,000032,易方达信用债A
2023-08-15,1.1243,0.09,000032,易方达信用债A
2023-08-16,1.1249,0.05,000032,易方达信用债A
2023-08-17,1.125,0.01,000032,易方达信用债A
2023-08-18,1.1252,0.02,000032,易方达信用债A
2023-08-21,1.126,0.07,000032,易方达信用债A
2023-08-22,1.1262,0.02,000032,易方达信用债A
2023-08-23,1.1264,0.02,000032,易方达信用债A
2023-08-24,1.1264,0.0,000032,易方达信用债A
2023-08-25,1.1262,-0.02,000032,易方达信用债A
2023-08-28,1.1256,-0.05,000032,易方达信用债A
2023-08-29,1.1251,-0.04,000032,易方达信用债A
2023-08-30,1.1251,0.0,000032,易方达信用债A
2023-08-31,1.1253,0.02,000032,易方达信用债A
2023-09-01,1.1248,-0.04,000032,易方达信用债A
2023-09-04,1.1236,-0.11,000032,易方达信用债A
2023-09-05,1.1234,-0.02,000032,易方达信用债A
2023-09-06,1.1226,-0.07,000032,易方达信用债A
2023-09-07,1.1213,-0.12,000032,易方达信用债A
2023-09-08,1.12,-0.12,000032,易方达信用债A
2023-09-11,1.1191,-0.08,000032,易方达信用债A
2023-09-12,1.1195,0.04,000032,易方达信用债A
2023-09-13,1.1208,0.12,000032,易方达信用债A
2023-09-14,1.1217,0.08,000032,易方达信用债A
2023-09-15,1.1221,0.04,000032,易方达信用债A
2023-09-18,1.1216,-0.04,000032,易方达信用债A
2023-09-19,1.1215,-0.01,000032,易方达信用债A
2023-09-20,1.1218,0.03,000032,易方达信用债A
2023-09-21,1.1224,0.05,000032,易方达信用债A
2023-09-22,1.1224,0.0,000032,易方达信用债A
2023-09-25,1.1226,0.02,000032,易方达信用债A
2023-09-26,1.1221,-0.04,000032,易方达信用债A
2023-09-27,1.122,-0.01,000032,易方达信用债A
2023-09-28,1.1227,0.06,000032,易方达信用债A
2023-10-09,1.124,0.12,000032,易方达信用债A
2023-10-10,1.1237,-0.03,000032,易方达信用债A
2023-10-11,1.1233,-0.04,000032,易方达信用债A
2023-10-12,1.1231,-0.02,000032,易方达信用债A
2023-10-13,1.1232,0.01,000032,易方达信用债A
2023-10-16,1.1236,0.04,000032,易方达信用债A
2023-10-17,1.1233,-0.03,000032,易方达信用债A
2023-10-18,1.1122,-0.01,000032,易方达信用债A
2023-10-19,1.1111,-0.1,000032,易方达信用债A
2023-10-20,1.111,-0.01,000032,易方达信用债A
2023-10-23,1.1114,0.04,000032,易方达信用债A
2023-10-24,1.111,-0.04,000032,易方达信用债A
2023-10-25,1.1113,0.03,000032,易方达信用债A
2023-10-26,1.1117,0.04,000032,易方达信用债A
2023-10-27,1.112,0.03,000032,易方达信用债A
2023-10-30,1.1126,0.05,000032,易方达信用债A
2023-10-31,1.113,0.04,000032,易方达信用债A
2023-11-01,1.1132,0.02,000032,易方达信用债A
2023-11-02,1.1139,0.06,000032,易方达信用债A
2023-11-03,1.1141,0.02,000032,易方达信用债A
2023-11-06,1.1146,0.04,000032,易方达信用债A
2023-11-07,1.1148,0.02,000032,易方达信用债A
2023-11-08,1.115,0.02,000032,易方达信用债A
2023-11-09,1.1154,0.04,000032,易方达信用债A
2023-11-10,1.1157,0.03,000032,易方达信用债A
2023-11-13,1.1163,0.05,000032,易方达信用债A
2023-11-14,1.1165,0.02,000032,易方达信用债A
2023-11-15,1.1169,0.04,000032,易方达信用债A
2023-11-16,1.1174,0.04,000032,易方达信用债A
2023-11-17,1.1179,0.04,000032,易方达信用债A
2023-11-20,1.1183,0.04,000032,易方达信用债A
2023-11-21,1.1184,0.01,000032,易方达信用债A
2023-11-22,1.118,-0.04,000032,易方达信用债A
2023-11-23,1.1173,-0.06,000032,易方达信用债A
2023-11-24,1.1173,0.0,000032,易方达信用债A
2023-11-27,1.117,-0.03,000032,易方达信用债A
2023-11-28,1.1171,0.01,000032,易方达信用债A
2023-11-29,1.1171,0.0,000032,易方达信用债A
2023-11-30,1.1177,0.05,000032,易方达信用债A
2023-12-01,1.1178,0.01,000032,易方达信用债A
2023-12-04,1.1176,-0.02,000032,易方达信用债A
2023-12-05,1.1175,-0.01,000032,易方达信用债A
2023-12-06,1.1174,-0.01,000032,易方达信用债A
2023-12-07,1.1175,0.01,000032,易方达信用债A
2023-12-08,1.1177,0.02,000032,易方达信用债A
2023-12-11,1.1182,0.04,000032,易方达信用债A
2023-12-12,1.1183,0.01,000032,易方达信用债A
2023-12-13,1.1193,0.09,000032,易方达信用债A
2023-12-14,1.1198,0.04,000032,易方达信用债A
2023-12-15,1.1207,0.08,000032,易方达信用债A
2023-12-18,1.1213,0.05,000032,易方达信用债A
2023-12-19,1.1216,0.03,000032,易方达信用债A
2023-12-20,1.1216,0.0,000032,易方达信用债A
2023-12-21,1.1222,0.05,000032,易方达信用债A
2023-12-22,1.1231,0.08,000032,易方达信用债A
2023-12-25,1.1239,0.07,000032,易方达信用债A
2023-12-26,1.1244,0.04,000032,易方达信用债A
2023-12-27,1.1257,0.12,000032,易方达信用债A
2023-12-28,1.1262,0.04,000032,易方达信用债A
2023-12-29,1.1269,0.06,000032,易方达信用债A
2023-12-31,1.1271,0.02,000032,易方达信用债A
2024-01-02,1.1269,-0.02,000032,易方达信用债A
2024-01-03,1.1267,-0.02,000032,易方达信用债A
2024-01-04,1.1272,0.04,000032,易方达信用债A
2024-01-05,1.1283,0.1,000032,易方达信用债A
2024-01-08,1.1289,0.05,000032,易方达信用债A
2024-01-09,1.13,0.1,000032,易方达信用债A
2024-01-10,1.1299,-0.01,000032,易方达信用债A
2024-01-11,1.13,0.01,000032,易方达信用债A
2024-01-12,1.1296,-0.04,000032,易方达信用债A
2024-01-15,1.1301,0.04,000032,易方达信用债A
2024-01-16,1.1301,0.0,000032,易方达信用债A
2024-01-17,1.1307,0.05,000032,易方达信用债A
2024-01-18,1.131,0.03,000032,易方达信用债A
2024-01-19,1.1319,0.08,000032,易方达信用债A
2024-01-22,1.1331,0.11,000032,易方达信用债A
2024-01-23,1.133,-0.01,000032,易方达信用债A
2024-01-24,1.1332,0.02,000032,易方达信用债A
2024-01-25,1.1338,0.05,000032,易方达信用债A
2024-01-26,1.1341,0.03,000032,易方达信用债A
2024-01-29,1.1345,0.04,000032,易方达信用债A
2024-01-30,1.1361,0.14,000032,易方达信用债A
2024-01-31,1.1372,0.1,000032,易方达信用债A
2024-02-01,1.1374,0.02,000032,易方达信用债A
2024-02-02,1.1377,0.03,000032,易方达信用债A
2024-02-05,1.1261,0.12,000032,易方达信用债A
2024-02-06,1.1249,-0.11,000032,易方达信用债A
2024-02-07,1.1257,0.07,000032,易方达信用债A
2024-02-08,1.1257,0.0,000032,易方达信用债A
2024-02-19,1.1267,0.09,000032,易方达信用债A
2024-02-20,1.1277,0.09,000032,易方达信用债A
2024-02-21,1.1282,0.04,000032,易方达信用债A
2024-02-22,1.1291,0.08,000032,易方达信用债A
2024-02-23,1.1302,0.1,000032,易方达信用债A
2024-02-26,1.131,0.07,000032,易方达信用债A
2024-02-27,1.1316,0.05,000032,易方达信用债A
2024-02-28,1.1321,0.04,000032,易方达信用债A
2024-02-29,1.133,0.08,000032,易方达信用债A
2024-03-01,1.1319,-0.1,000032,易方达信用债A
2024-03-04,1.1323,0.04,000032,易方达信用债A
2024-03-05,1.1324,0.01,000032,易方达信用债A
2024-03-06,1.1332,0.07,000032,易方达信用债A
2024-03-07,1.1335,0.03,000032,易方达信用债A
2024-03-08,1.1336,0.01,000032,易方达信用债A
2024-03-11,1.1332,-0.04,000032,易方达信用债A
2024-03-12,1.132,-0.11,000032,易方达信用债A
2024-03-13,1.1314,-0.05,000032,易方达信用债A
2024-03-14,1.1307,-0.06,000032,易方达信用债A
2024-03-15,1.1312,0.04,000032,易方达信用债A
2024-03-18,1.132,0.07,000032,易方达信用债A
2024-03-19,1.1326,0.05,000032,易方达信用债A
2024-03-20,1.1326,0.0,000032,易方达信用债A
2024-03-21,1.1326,0.0,000032,易方达信用债A
2024-03-22,1.1327,0.01,000032,易方达信用债A
2024-03-25,1.1325,-0.02,000032,易方达信用债A
2024-03-26,1.1323,-0.02,000032,易方达信用债A
2024-03-27,1.1328,0.04,000032,易方达信用债A
2024-03-28,1.1333,0.04,000032,易方达信用债A
2024-03-29,1.1338,0.04,000032,易方达信用债A
2024-04-01,1.1338,0.0,000032,易方达信用债A
2024-04-02,1.1344,0.05,000032,易方达信用债A
2024-04-03,1.1352,0.07,000032,易方达信用债A
2024-04-08,1.1361,0.08,000032,易方达信用债A
2024-04-09,1.1368,0.06,000032,易方达信用债A
2024-04-10,1.1371,0.03,000032,易方达信用债A
2024-04-11,1.1376,0.04,000032,易方达信用债A
2024-04-12,1.1386,0.09,000032,易方达信用债A
2024-04-15,1.139,0.04,000032,易方达信用债A
2024-04-16,1.1393,0.03,000032,易方达信用债A
2024-04-17,1.1401,0.07,000032,易方达信用债A
2024-04-18,1.1412,0.1,000032,易方达信用债A
2024-04-19,1.1422,0.09,000032,易方达信用债A
2024-04-22,1.1435,0.11,000032,易方达信用债A
2024-04-23,1.1447,0.1,000032,易方达信用债A
2024-04-24,1.1432,-0.13,000032,易方达信用债A
2024-04-25,1.1426,-0.05,000032,易方达信用债A
2024-04-26,1.1411,-0.13,000032,易方达信用债A
2024-04-29,1.1383,-0.25,000032,易方达信用债A
2024-04-30,1.1396,0.11,000032,易方达信用债A
2024-05-06,1.1273,0.06,000032,易方达信用债A
2024-05-07,1.1286,0.12,000032,易方达信用债A
2024-05-08,1.1289,0.03,000032,易方达信用债A
2024-05-09,1.1283,-0.05,000032,易方达信用债A
2024-05-10,1.1281,-0.02,000032,易方达信用债A
2024-05-13,1.1289,0.07,000032,易方达信用债A
2024-05-14,1.1295,0.05,000032,易方达信用债A
2024-05-15,1.1294,-0.01,000032,易方达信用债A
2024-05-16,1.1292,-0.02,000032,易方达信用债A
2024-05-17,1.1289,-0.03,000032,易方达信用债A
2024-05-20,1.1295,0.05,000032,易方达信用债A
2024-05-21,1.1294,-0.01,000032,易方达信用债A
2024-05-22,1.1297,0.03,000032,易方达信用债A
2024-05-23,1.1304,0.06,000032,易方达信用债A
2024-05-24,1.1305,0.01,000032,易方达信用债A
2024-05-27,1.1306,0.01,000032,易方达信用债A
2024-05-28,1.1311,0.04,000032,易方达信用债A
2024-05-29,1.1316,0.04,000032,易方达信用债A
2024-05-30,1.1318,0.02,000032,易方达信用债A
2024-05-31,1.1317,-0.01,000032,易方达信用债A
2024-06-03,1.1322,0.04,000032,易方达信用债A
2024-06-04,1.1325,0.03,000032,易方达信用债A
2024-06-05,1.1329,0.04,000032,易方达信用债A
2024-06-06,1.1333,0.04,000032,易方达信用债A
2024-06-07,1.1336,0.03,000032,易方达信用债A
2024-06-11,1.1342,0.05,000032,易方达信用债A
2024-06-12,1.1345,0.03,000032,易方达信用债A
2024-06-13,1.1347,0.02,000032,易方达信用债A
2024-06-14,1.1352,0.04,000032,易方达信用债A
2024-06-17,1.1356,0.04,000032,易方达信用债A
2024-06-18,1.136,0.04,000032,易方达信用债A
2024-06-19,1.1363,0.03,000032,易方达信用债A
2024-06-20,1.1365,0.02,000032,易方达信用债A
2024-06-21,1.1361,-0.04,000032,易方达信用债A
2024-06-24,1.1365,0.04,000032,易方达信用债A
2024-06-25,1.137,0.04,000032,易方达信用债A
2024-06-26,1.1374,0.04,000032,易方达信用债A
2024-06-27,1.1381,0.06,000032,易方达信用债A
2024-06-28,1.1387,0.05,000032,易方达信用债A
2024-06-30,1.1388,0.01,000032,易方达信用债A
2024-07-01,1.1376,-0.11,000032,易方达信用债A
2024-07-02,1.1382,0.05,000032,易方达信用债A
2024-07-03,1.1388,0.05,000032,易方达信用债A
2024-07-04,1.1389,0.01,000032,易方达信用债A
2024-07-05,1.1381,-0.07,000032,易方达信用债A
2024-07-08,1.1373,-0.07,000032,易方达信用债A
2024-07-09,1.1379,0.05,000032,易方达信用债A
2024-07-10,1.138,0.01,000032,易方达信用债A
2024-07-11,1.1382,0.02,000032,易方达信用债A
2024-07-12,1.1388,0.05,000032,易方达信用债A
2024-07-15,1.1394,0.05,000032,易方达信用债A
2024-07-16,1.1395,0.01,000032,易方达信用债A
2024-07-17,1.1397,0.02,000032,易方达信用债A
2024-07-18,1.1395,-0.02,000032,易方达信用债A
2024-07-19,1.1397,0.02,000032,易方达信用债A
2024-07-22,1.1407,0.09,000032,易方达信用债A
2024-07-23,1.1415,0.07,000032,易方达信用债A
2024-07-24,1.1418,0.03,000032,易方达信用债A
2024-07-25,1.1427,0.08,000032,易方达信用债A
2024-07-26,1.1434,0.06,000032,易方达信用债A
2024-07-29,1.1443,0.08,000032,易方达信用债A
2024-07-30,1.1448,0.04,000032,易方达信用债A
2024-07-31,1.145,0.02,000032,易方达信用债A
2024-08-01,1.1457,0.06,000032,易方达信用债A
2024-08-02,1.1464,0.06,000032,易方达信用债A
2024-08-05,1.1471,0.06,000032,易方达信用债A
2024-08-06,1.1465,-0.05,000032,易方达信用债A
2024-08-07,1.1471,0.05,000032,易方达信用债A
2024-08-08,1.146,-0.1,000032,易方达信用债A
2024-08-09,1.1451,-0.08,000032,易方达信用债A
2024-08-12,1.1424,-0.24,000032,易方达信用债A
2024-08-13,1.1435,0.1,000032,易方达信用债A
2024-08-14,1.145,0.13,000032,易方达信用债A
2024-08-15,1.1442,-0.07,000032,易方达信用债A
2024-08-16,1.1442,0.0,000032,易方达信用债A
2024-08-19,1.1448,0.05,000032,易方达信用债A
2024-08-20,1.1448,0.0,000032,易方达信用债A
2024-08-21,1.144,-0.07,000032,易方达信用债A
2024-08-22,1.1441,0.01,000032,易方达信用债A
2024-08-23,1.1438,-0.03,000032,易方达信用债A
2024-08-26,1.143,-0.07,000032,易方达信用债A
2024-08-27,1.1414,-0.14,000032,易方达信用债A
2024-08-28,1.1423,0.08,000032,易方达信用债A
2024-08-29,1.1307,0.04,000032,易方达信用债A
2024-08-30,1.1309,0.02,000032,易方达信用债A
2024-09-02,1.1321,0.11,000032,易方达信用债A
2024-09-03,1.1324,0.03,000032,易方达信用债A
2024-09-04,1.1328,0.04,000032,易方达信用债A
2024-09-05,1.1332,0.04,000032,易方达信用债A
2024-09-06,1.1332,0.0,000032,易方达信用债A
2024-09-09,1.1336,0.04,000032,易方达信用债A
2024-09-10,1.1337,0.01,000032,易方达信用债A
2024-09-11,1.1341,0.04,000032,易方达信用债A
2024-09-12,1.1346,0.04,000032,易方达信用债A
2024-09-13,1.1354,0.07,000032,易方达信用债A
2024-09-18,1.1367,0.11,000032,易方达信用债A
2024-09-19,1.1366,-0.01,000032,易方达信用债A
2024-09-20,1.1366,0.0,000032,易方达信用债A
2024-09-23,1.1367,0.01,000032,易方达信用债A
2024-09-24,1.1362,-0.04,000032,易方达信用债A
2024-09-25,1.1373,0.1,000032,易方达信用债A
2024-09-26,1.1366,-0.06,000032,易方达信用债A
2024-09-27,1.1326,-0.35,000032,易方达信用债A
2024-09-30,1.1287,-0.34,000032,易方达信用债A
2024-10-08,1.1262,-0.22,000032,易方达信用债A
2024-10-09,1.1253,-0.08,000032,易方达信用债A
2024-10-10,1.1285,0.28,000032,易方达信用债A
2024-10-11,1.1308,0.2,000032,易方达信用债A
2024-10-14,1.1326,0.16,000032,易方达信用债A
2024-10-15,1.1335,0.08,000032,易方达信用债A
2024-10-16,1.1333,-0.02,000032,易方达信用债A
2024-10-17,1.134,0.06,000032,易方达信用债A
2024-10-18,1.1337,-0.03,000032,易方达信用债A
2024-10-21,1.1337,0.0,000032,易方达信用债A
2024-10-22,1.1326,-0.1,000032,易方达信用债A
2024-10-23,1.1316,-0.09,000032,易方达信用债A
2024-10-24,1.1313,-0.03,000032,易方达信用债A
2024-10-25,1.1313,0.0,000032,易方达信用债A
2024-10-28,1.1308,-0.04,000032,易方达信用债A
2024-10-29,1.1309,0.01,000032,易方达信用债A
2024-10-30,1.131,0.01,000032,易方达信用债A
2024-10-31,1.1317,0.06,000032,易方达信用债A
2024-11-01,1.1329,0.11,000032,易方达信用债A
2024-11-04,1.1332,0.03,000032,易方达信用债A
2024-11-05,1.1334,0.02,000032,易方达信用债A
2024-11-06,1.1337,0.03,000032,易方达信用债A
2024-11-07,1.1344,0.06,000032,易方达信用债A
2024-11-08,1.1348,0.04,000032,易方达信用债A
2024-11-11,1.1253,0.04,000032,易方达信用债A
2024-11-12,1.1262,0.08,000032,易方达信用债A
2024-11-13,1.126,-0.02,000032,易方达信用债A
2024-11-14,1.1259,-0.01,000032,易方达信用债A
2024-11-15,1.1262,0.03,000032,易方达信用债A
2024-11-18,1.1258,-0.04,000032,易方达信用债A
2024-11-19,1.126,0.02,000032,易方达信用债A
2024-11-20,1.1262,0.02,000032,易方达信用债A
2024-11-21,1.1267,0.04,000032,易方达信用债A
2024-11-22,1.1271,0.04,000032,易方达信用债A
2024-11-25,1.128,0.08,000032,易方达信用债A
2024-11-26,1.1284,0.04,000032,易方达信用债A
2024-11-27,1.1287,0.03,000032,易方达信用债A
2024-11-28,1.1296,0.08,000032,易方达信用债A
2024-11-29,1.131,0.12,000032,易方达信用债A
2024-12-02,1.1338,0.25,000032,易方达信用债A
2024-12-03,1.1338,0.0,000032,易方达信用债A
2024-12-04,1.135,0.11,000032,易方达信用债A
2024-12-05,1.1353,0.03,000032,易方达信用债A
2024-12-06,1.1353,0.0,000032,易方达信用债A
2024-12-09,1.136,0.06,000032,易方达信用债A
2024-12-10,1.139,0.26,000032,易方达信用债A
2024-12-11,1.1388,-0.02,000032,易方达信用债A
2024-12-12,1.1391,0.03,000032,易方达信用债A
2024-12-13,1.1409,0.16,000032,易方达信用债A
2024-12-16,1.1426,0.15,000032,易方达信用债A
2024-12-17,1.142,-0.05,000032,易方达信用债A
2024-12-18,1.1409,-0.1,000032,易方达信用债A
2024-12-19,1.1404,-0.04,000032,易方达信用债A
2024-12-20,1.1424,0.18,000032,易方达信用债A
2024-12-23,1.143,0.05,000032,易方达信用债A
2024-12-24,1.142,-0.09,000032,易方达信用债A
2024-12-25,1.141,-0.09,000032,易方达信用债A
2024-12-26,1.1413,0.03,000032,易方达信用债A
2024-12-27,1.1435,0.19,000032,易方达信用债A
2024-12-30,1.144,0.04,000032,易方达信用债A
2024-12-31,1.1463,0.2,000032,易方达信用债A
2025-01-02,1.1491,0.24,000032,易方达信用债A
2025-01-03,1.1497,0.05,000032,易方达信用债A
2025-01-06,1.1501,0.03,000032,易方达信用债A
2025-01-07,1.149,-0.1,000032,易方达信用债A
2025-01-08,1.1489,-0.01,000032,易方达信用债A
2025-01-09,1.1473,-0.14,000032,易方达信用债A
2025-01-10,1.1472,-0.01,000032,易方达信用债A
2025-01-13,1.1463,-0.08,000032,易方达信用债A
2025-01-14,1.147,0.06,000032,易方达信用债A
2025-01-15,1.1477,0.06,000032,易方达信用债A
2025-01-16,1.1469,-0.07,000032,易方达信用债A
2025-01-17,1.1463,-0.05,000032,易方达信用债A
2025-01-20,1.1356,-0.06,000032,易方达信用债A
2025-01-21,1.1363,0.06,000032,易方达信用债A
2025-01-22,1.137,0.06,000032,易方达信用债A
2025-01-23,1.1365,-0.04,000032,易方达信用债A
2025-01-24,1.1366,0.01,000032,易方达信用债A
2025-01-27,1.1383,0.15,000032,易方达信用债A
2025-02-05,1.1394,0.1,000032,易方达信用债A
2025-02-06,1.1409,0.13,000032,易方达信用债A
2025-02-07,1.1412,0.03,000032,易方达信用债A
2025-02-10,1.1401,-0.1,000032,易方达信用债A
2025-02-11,1.1401,0.0,000032,易方达信用债A
2025-02-12,1.14,-0.01,000032,易方达信用债A
2025-02-13,1.1399,-0.01,000032,易方达信用债A
2025-02-14,1.1387,-0.11,000032,易方达信用债A
2025-02-17,1.1379,-0.07,000032,易方达信用债A
2025-02-18,1.1367,-0.11,000032,易方达信用债A
2025-02-19,1.1369,0.02,000032,易方达信用债A
2025-02-20,1.1357,-0.11,000032,易方达信用债A
2025-02-21,1.1344,-0.11,000032,易方达信用债A
2025-02-24,1.1331,-0.11,000032,易方达信用债A
2025-02-25,1.1327,-0.04,000032,易方达信用债A
2025-02-26,1.1329,0.02,000032,易方达信用债A
2025-02-27,1.1319,-0.09,000032,易方达信用债A
2025-02-28,1.1314,-0.04,000032,易方达信用债A
2025-03-03,1.1318,0.04,000032,易方达信用债A
2025-03-04,1.1316,-0.02,000032,易方达信用债A
2025-03-05,1.1317,0.01,000032,易方达信用债A
2025-03-06,1.1306,-0.1,000032,易方达信用债A
2025-03-07,1.1282,-0.21,000032,易方达信用债A
2025-03-10,1.1275,-0.06,000032,易方达信用债A
2025-03-11,1.1255,-0.18,000032,易方达信用债A
2025-03-12,1.1272,0.15,000032,易方达信用债A
2025-03-13,1.1282,0.09,000032,易方达信用债A
2025-03-14,1.1285,0.03,000032,易方达信用债A
2025-03-17,1.1275,-0.09,000032,易方达信用债A
2025-03-18,1.128,0.04,000032,易方达信用债A
2025-03-19,1.1287,0.06,000032,易方达信用债A
2025-03-20,1.1301,0.12,000032,易方达信用债A
2025-03-21,1.1305,0.04,000032,易方达信用债A
2025-03-24,1.131,0.04,000032,易方达信用债A
2025-03-25,1.1317,0.06,000032,易方达信用债A
2025-03-26,1.1324,0.06,000032,易方达信用债A
2025-03-27,1.1326,0.02,000032,易方达信用债A
2025-03-28,1.1327,0.01,000032,易方达信用债A
2025-03-31,1.1329,0.02,000032,易方达信用债A
2025-04-01,1.1333,0.04,000032,易方达信用债A
2025-04-02,1.1346,0.11,000032,易方达信用债A
2025-04-03,1.1374,0.25,000032,易方达信用债A
2025-04-07,1.1415,0.36,000032,易方达信用债A
2025-04-08,1.1401,-0.12,000032,易方达信用债A
2025-04-09,1.1399,-0.02,000032,易方达信用债A
2025-04-10,1.1394,-0.04,000032,易方达信用债A
2025-04-11,1.1394,0.0,000032,易方达信用债A
2025-04-14,1.1393,-0.01,000032,易方达信用债A
2025-04-15,1.1393,0.0,000032,易方达信用债A
2025-04-16,1.1395,0.02,000032,易方达信用债A
2025-04-17,1.1392,-0.03,000032,易方达信用债A
2025-04-18,1.1393,0.01,000032,易方达信用债A
2025-04-21,1.129,-0.03,000032,易方达信用债A
2025-04-22,1.1294,0.04,000032,易方达信用债A
2025-04-23,1.1287,-0.06,000032,易方达信用债A
2025-04-24,1.1284,-0.03,000032,易方达信用债A
2025-04-25,1.1284,0.0,000032,易方达信用债A
2025-04-28,1.129,0.05,000032,易方达信用债A
2025-04-29,1.1304,0.12,000032,易方达信用债A
2025-04-30,1.1311,0.06,000032,易方达信用债A
2025-05-06,1.1315,0.04,000032,易方达信用债A
2025-05-07,1.1312,-0.03,000032,易方达信用债A
2025-05-08,1.1324,0.11,000032,易方达信用债A
2025-05-09,1.1333,0.08,000032,易方达信用债A
2025-05-12,1.132,-0.11,000032,易方达信用债A
2025-05-13,1.1325,0.04,000032,易方达信用债A
2025-05-14,1.1323,-0.02,000032,易方达信用债A
2025-05-15,1.1324,0.01,000032,易方达信用债A
2025-05-16,1.1316,-0.07,000032,易方达信用债A
2025-05-19,1.1323,0.06,000032,易方达信用债A
2025-05-20,1.1329,0.05,000032,易方达信用债A
2025-05-21,1.1331,0.02,000032,易方达信用债A
2025-05-22,1.1334,0.03,000032,易方达信用债A
2025-05-23,1.1334,0.0,000032,易方达信用债A
2025-05-26,1.1339,0.04,000032,易方达信用债A
2025-05-27,1.1335,-0.04,000032,易方达信用债A
2025-05-28,1.1331,-0.04,000032,易方达信用债A
2025-05-29,1.1318,-0.11,000032,易方达信用债A
2025-05-30,1.1328,0.09,000032,易方达信用债A
2025-06-03,1.1329,0.01,000032,易方达信用债A
2025-06-04,1.1331,0.02,000032,易方达信用债A
2025-06-05,1.1333,0.02,000032,易方达信用债A
2025-06-06,1.1342,0.08,000032,易方达信用债A
2025-06-09,1.135,0.07,000032,易方达信用债A
2025-06-10,1.1353,0.03,000032,易方达信用债A
2025-06-11,1.1361,0.07,000032,易方达信用债A
2025-06-12,1.1366,0.04,000032,易方达信用债A
2025-06-13,1.1366,0.0,000032,易方达信用债A
2025-06-16,1.1371,0.04,000032,易方达信用债A
2025-06-17,1.1378,0.06,000032,易方达信用债A
2025-06-18,1.1383,0.04,000032,易方达信用债A
2025-06-19,1.1391,0.07,000032,易方达信用债A
2025-06-20,1.1397,0.05,000032,易方达信用债A
2025-06-23,1.1399,0.02,000032,易方达信用债A
2025-06-24,1.1391,-0.07,000032,易方达信用债A
2025-06-25,1.1383,-0.07,000032,易方达信用债A
2025-06-26,1.1381,-0.02,000032,易方达信用债A
2025-06-27,1.1387,0.05,000032,易方达信用债A
2025-06-30,1.1384,-0.03,000032,易方达信用债A
2025-07-01,1.1394,0.09,000032,易方达信用债A
2025-07-02,1.141,0.14,000032,易方达信用债A
2025-07-03,1.1414,0.04,000032,易方达信用债A
2025-07-04,1.1419,0.04,000032,易方达信用债A
2025-07-07,1.1424,0.04,000032,易方达信用债A
2025-07-08,1.1416,-0.07,000032,易方达信用债A
2025-07-09,1.1415,-0.01,000032,易方达信用债A
2025-07-10,1.1404,-0.1,000032,易方达信用债A
2025-07-11,1.14,-0.04,000032,易方达信用债A
2025-07-14,1.1305,-0.04,000032,易方达信用债A
2025-07-15,1.1315,0.09,000032,易方达信用债A
2025-07-16,1.1316,0.01,000032,易方达信用债A
2025-07-17,1.1319,0.03,000032,易方达信用债A
2025-07-18,1.1319,0.0,000032,易方达信用债A
2025-07-21,1.131,-0.08,000032,易方达信用债A
2025-07-22,1.1303,-0.06,000032,易方达信用债A
2025-07-23,1.1289,-0.12,000032,易方达信用债A
2025-07-24,1.1272,-0.15,000032,易方达信用债A
2025-07-25,1.1275,0.03,000032,易方达信用债A
2025-07-28,1.1282,0.06,000032,易方达信用债A
2025-07-29,1.1279,-0.03,000032,易方达信用债A
2025-07-30,1.128,0.01,000032,易方达信用债A
2025-07-31,1.1285,0.04,000032,易方达信用债A
2025-08-01,1.1287,0.02,000032,易方达信用债A
2025-08-04,1.1287,0.0,000032,易方达信用债A
2025-08-05,1.1285,-0.02,000032,易方达信用债A
2025-08-06,1.1286,0.01,000032,易方达信用债A
2025-08-07,1.1287,0.01,000032,易方达信用债A
2025-08-08,1.129,0.03,000032,易方达信用债A
2025-08-11,1.129,0.0,000032,易方达信用债A
2025-08-12,1.1287,-0.03,000032,易方达信用债A
2025-08-13,1.1284,-0.03,000032,易方达信用债A
2025-08-14,1.1285,0.01,000032,易方达信用债A
2025-08-15,1.1283,-0.02,000032,易方达信用债A
2025-08-18,1.1277,-0.05,000032,易方达信用债A
2025-08-19,1.1274,-0.03,000032,易方达信用债A
2025-08-20,1.1274,0.0,000032,易方达信用债A
2025-08-21,1.1273,-0.01,000032,易方达信用债A
2025-08-22,1.1274,0.01,000032,易方达信用债A
2025-08-25,1.1272,-0.02,000032,易方达信用债A
2025-08-26,1.1275,0.03,000032,易方达信用债A
2025-08-27,1.1276,0.01,000032,易方达信用债A
2025-08-28,1.1268,-0.07,000032,易方达信用债A
2025-08-29,1.1269,0.01,000032,易方达信用债A
2025-09-01,1.1271,0.02,000032,易方达信用债A
2025-09-02,1.1273,0.02,000032,易方达信用债A
2025-09-03,1.128,0.06,000032,易方达信用债A
2025-09-04,1.1285,0.04,000032,易方达信用债A
2025-09-05,1.1268,-0.15,000032,易方达信用债A
2025-09-08,1.1254,-0.12,000032,易方达信用债A
2025-09-09,1.1248,-0.05,000032,易方达信用债A
2025-09-10,1.1238,-0.09,000032,易方达信用债A
2025-09-11,1.1235,-0.03,000032,易方达信用债A
2025-09-12,1.1238,0.03,000032,易方达信用债A
2025-09-15,1.124,0.02,000032,易方达信用债A
2025-09-16,1.1243,0.03,000032,易方达信用债A
2025-09-17,1.1245,0.02,000032,易方达信用债A
2025-09-18,1.1243,-0.02,000032,易方达信用债A
2025-09-19,1.1242,-0.01,000032,易方达信用债A
2025-09-22,1.1241,-0.01,000032,易方达信用债A
2025-09-23,1.1235,-0.05,000032,易方达信用债A
2025-09-24,1.1225,-0.09,000032,易方达信用债A
2025-09-25,1.122,-0.04,000032,易方达信用债A
2025-09-26,1.1219,-0.01,000032,易方达信用债A
2025-09-29,1.1224,0.04,000032,易方达信用债A
2025-09-30,1.1228,0.04,000032,易方达信用债A
2025-10-09,1.1232,0.04,000032,易方达信用债A
2025-10-10,1.1235,0.03,000032,易方达信用债A
2025-10-13,1.1239,0.04,000032,易方达信用债A
2025-10-14,1.1237,-0.02,000032,易方达信用债A
2025-10-15,1.1238,0.01,000032,易方达信用债A
2025-10-16,1.1238,0.0,000032,易方达信用债A
2025-10-17,1.124,0.02,000032,易方达信用债A
2025-10-20,1.1241,0.01,000032,易方达信用债A
2025-10-21,1.1244,0.03,000032,易方达信用债A
2025-10-22,1.1245,0.01,000032,易方达信用债A
2025-10-23,1.1248,0.03,000032,易方达信用债A
2025-10-24,1.1249,0.01,000032,易方达信用债A
2025-10-27,1.125,0.01,000032,易方达信用债A
2025-10-28,1.1253,0.03,000032,易方达信用债A
2025-10-29,1.1256,0.03,000032,易方达信用债A
2025-10-30,1.1208,0.02,000032,易方达信用债A
2025-10-31,1.1212,0.04,000032,易方达信用债A
2025-11-03,1.1215,0.03,000032,易方达信用债A
2025-11-04,1.1214,-0.01,000032,易方达信用债A
2025-11-05,1.1215,0.01,000032,易方达信用债A
2025-11-06,1.1212,-0.03,000032,易方达信用债A
2025-11-07,1.1209,-0.03,000032,易方达信用债A
2025-11-10,1.1209,0.0,000032,易方达信用债A
2025-11-11,1.121,0.01,000032,易方达信用债A
2025-11-12,1.1213,0.03,000032,易方达信用债A
2025-11-13,1.1213,0.0,000032,易方达信用债A
2025-11-14,1.1214,0.01,000032,易方达信用债A
2025-11-17,1.1216,0.02,000032,易方达信用债A
2025-11-18,1.1216,0.0,000032,易方达信用债A
2025-11-19,1.1218,0.02,000032,易方达信用债A
2025-11-20,1.1221,0.03,000032,易方达信用债A
2025-11-21,1.1223,0.02,000032,易方达信用债A
2025-11-24,1.1223,0.0,000032,易方达信用债A
2025-11-25,1.1221,-0.02,000032,易方达信用债A
2025-11-26,1.1213,-0.07,000032,易方达信用债A
2025-11-27,1.121,-0.03,000032,易方达信用债A
2025-11-28,1.1213,0.03,000032,易方达信用债A
2025-12-01,1.1216,0.03,000032,易方达信用债A
2025-12-02,1.1215,-0.01,000032,易方达信用债A
2025-12-03,1.1215,0.0,000032,易方达信用债A
2025-12-04,1.1206,-0.08,000032,易方达信用债A
2025-12-05,1.121,0.04,000032,易方达信用债A
2025-12-08,1.121,0.0,000032,易方达信用债A
2025-12-09,1.1214,0.04,000032,易方达信用债A
2025-12-10,1.1216,0.02,000032,易方达信用债A
2025-12-11,1.1223,0.06,000032,易方达信用债A
2025-12-12,1.1218,-0.04,000032,易方达信用债A
2025-12-15,1.1212,-0.05,000032,易方达信用债A
2025-12-16,1.1214,0.02,000032,易方达信用债A
2025-12-17,1.1218,0.04,000032,易方达信用债A
2025-12-18,1.122,0.02,000032,易方达信用债A
2025-12-19,1.1229,0.08,000032,易方达信用债A
2025-12-22,1.1229,0.0,000032,易方达信用债A
2025-12-23,1.123,0.01,000032,易方达信用债A
2025-12-24,1.123,0.0,000032,易方达信用债A
2025-12-25,1.123,0.0,000032,易方达信用债A
2025-12-26,1.123,0.0,000032,易方达信用债A
2025-12-29,1.1228,-0.02,000032,易方达信用债A
2025-12-30,1.1226,-0.02,000032,易方达信用债A
2025-12-31,1.123,0.04,000032,易方达信用债A
2026-01-05,1.1234,0.04,000032,易方达信用债A
2026-01-06,1.1229,-0.04,000032,易方达信用债A
2026-01-07,1.1227,-0.02,000032,易方达信用债A
2026-01-08,1.1231,0.04,000032,易方达信用债A
2026-01-09,1.1234,0.03,000032,易方达信用债A
2026-01-12,1.1238,0.04,000032,易方达信用债A
2026-01-13,1.1241,0.03,000032,易方达信用债A
2026-01-14,1.1244,0.03,000032,易方达信用债A
2026-01-15,1.1248,0.04,000032,易方达信用债A
2026-01-16,1.1255,0.06,000032,易方达信用债A
2026-01-19,1.1258,0.03,000032,易方达信用债A
2026-01-20,1.1261,0.03,000032,易方达信用债A
2026-01-21,1.1262,0.01,000032,易方达信用债A
2026-01-22,1.1263,0.01,000032,易方达信用债A
2026-01-23,1.1266,0.03,000032,易方达信用债A
2026-01-26,1.1269,0.03,000032,易方达信用债A
2026-01-27,1.1269,0.0,000032,易方达信用债A
2026-01-28,1.1269,0.0,000032,易方达信用债A
2026-01-29,1.1269,0.0,000032,易方达信用债A
2026-01-30,1.1269,0.0,000032,易方达信用债A
2026-02-02,1.1267,-0.02,000032,易方达信用债A
2026-02-03,1.1264,-0.03,000032,易方达信用债A
2026-02-04,1.1266,0.02,000032,易方达信用债A
2026-02-05,1.1267,0.01,000032,易方达信用债A
2026-02-06,1.1272,0.04,000032,易方达信用债A
2026-02-09,1.1281,0.08,000032,易方达信用债A
2026-02-10,1.1219,0.03,000032,易方达信用债A
2026-02-11,1.1224,0.04,000032,易方达信用债A
2026-02-12,1.1228,0.04,000032,易方达信用债A
2026-02-13,1.1229,0.01,000032,易方达信用债A
2026-02-24,1.1232,0.03,000032,易方达信用债A
2026-02-25,1.1228,-0.04,000032,易方达信用债A
2026-02-26,1.1223,-0.04,000032,易方达信用债A
2026-02-27,1.1229,0.05,000032,易方达信用债A
2026-03-02,1.1235,0.05,000032,易方达信用债A
2026-03-03,1.1235,0.0,000032,易方达信用债A
2026-03-04,1.1238,0.03,000032,易方达信用债A
2026-03-05,1.1241,0.03,000032,易方达信用债A
2026-03-06,1.1242,0.01,000032,易方达信用债A
2026-03-09,1.1242,0.0,000032,易方达信用债A
2026-03-10,1.1245,0.03,000032,易方达信用债A
2026-03-11,1.1245,0.0,000032,易方达信用债A
2026-03-12,1.1246,0.01,000032,易方达信用债A
2026-03-13,1.1249,0.03,000032,易方达信用债A
2026-03-16,1.1247,-0.02,000032,易方达信用债A
2026-03-17,1.1248,0.01,000032,易方达信用债A
2026-03-18,1.1255,0.06,000032,易方达信用债A
2026-03-19,1.1257,0.02,000032,易方达信用债A
2026-03-20,1.1261,0.04,000032,易方达信用债A
2026-03-23,1.1259,-0.02,000032,易方达信用债A
2026-03-24,1.1259,0.0,000032,易方达信用债A
2026-03-25,1.1261,0.02,000032,易方达信用债A
2026-03-26,1.1263,0.02,000032,易方达信用债A
2026-03-27,1.1268,0.04,000032,易方达信用债A
2026-03-30,1.1273,0.04,000032,易方达信用债A
2026-03-31,1.1275,0.02,000032,易方达信用债A
2026-04-01,1.1273,-0.02,000032,易方达信用债A
2026-04-02,1.1274,0.01,000032,易方达信用债A
2026-04-03,1.1281,0.06,000032,易方达信用债A
2026-04-07,1.1286,0.04,000032,易方达信用债A
2026-04-08,1.1286,0.0,000032,易方达信用债A
2026-04-09,1.1285,-0.01,000032,易方达信用债A
2026-04-10,1.1285,0.0,000032,易方达信用债A
2026-04-13,1.1287,0.02,000032,易方达信用债A
2026-04-14,1.129,0.03,000032,易方达信用债A
2026-04-15,1.1293,0.03,000032,易方达信用债A
2026-04-16,1.1294,0.01,000032,易方达信用债A
2026-04-17,1.1297,0.03,000032,易方达信用债A
2026-04-20,1.1301,0.04,000032,易方达信用债A
2026-04-21,1.1304,0.03,000032,易方达信用债A
2026-04-22,1.1309,0.04,000032,易方达信用债A
2026-04-23,1.1304,-0.04,000032,易方达信用债A
2026-04-24,1.13,-0.04,000032,易方达信用债A
2026-04-27,1.1295,-0.04,000032,易方达信用债A
2026-04-28,1.1298,0.03,000032,易方达信用债A
2026-04-29,1.1303,0.04,000032,易方达信用债A
2026-04-30,1.1306,0.03,000032,易方达信用债A
2026-05-06,1.1243,0.0,000032,易方达信用债A
2026-05-07,1.1245,0.02,000032,易方达信用债A
2026-05-08,1.1247,0.02,000032,易方达信用债A
2026-05-11,1.1251,0.04,000032,易方达信用债A
2026-05-12,1.1253,0.02,000032,易方达信用债A
2026-05-13,1.1258,0.04,000032,易方达信用债A
2026-05-14,1.1258,0.0,000032,易方达信用债A
2026-05-15,1.1259,0.01,000032,易方达信用债A
2026-05-18,1.1263,0.04,000032,易方达信用债A
2026-05-19,1.1267,0.04,000032,易方达信用债A
2026-05-20,1.127,0.03,000032,易方达信用债A
2026-05-21,1.127,0.0,000032,易方达信用债A
2026-05-22,1.1268,-0.02,000032,易方达信用债A
